Age_Ma,C. wuellerstorfi13C,Al_Area,Si_Area,P_Area,S_Area,Cl_Area,K_Area,Ca_Area,Ti_Area,Cr_Area,Mn_Area,Fe_Area,Rh_Area,Cu_Area,Zn_Area,Ga_Area,Br_Area,Rb_Area,Sr_Area,Y_Area,Zr_Area,Nb_Area,Mo_Area,Pb_Area,Bi_Area,Ag_Area,Cd_Area,Sn_Area,Te_Area,Ba_Area,T_Area
4.959,0.308,2227,40314,-3548,-609,59004,16863,2896899,7711,-36,7932,99401,49884,678,831,95,3775,2249,126933,2020,5622,-1944,-925,590,284,1190537,2469,15348,4044,21153,166516
4.962,0.102,2232,39164,-3403,-453,61918,16788,2963725,7831,587,8736,98346,51061,1221,1255,74,3859,2355,132576,1915,5907,-1204,-695,574,246,1196846,3443,16520,3240,19196,164361
4.965,0.225,2460,42503,-3589,-391,60889,17421,2973141,7982,558,9481,106073,52263,565,763,129,3964,2214,130691,1732,6166,-1309,-540,461,180,1202953,2327,15506,3092,18694,176439
4.968,0.167,2321,38391,-3332,6222,53408,17444,2656833,8008,235,6947,129829,49812,45051,1980,-407,4979,2441,124760,809,5764,976,3323,10837,-93,1207928,2838,17039,3632,22794,195993
4.971,-0.09,2907,48466,-3480,-592,58266,21288,2841784,8475,624,9537,121171,51408,962,898,172,4066,2632,128719,1887,6328,-2037,-971,881,343,1212665,2912,16849,3232,22255,202307
4.973,-0.071,2791,47269,-3415,-201,61669,20453,2888484,8191,284,10425,121999,52031,1277,1028,78,3958,2441,129884,1930,6053,-2289,-795,703,267,1217153,2437,17097,3302,24547,200703
4.976,0.0,2744,45046,-3276,-216,61012,18969,2801995,7612,595,9380,111835,48659,1199,895,109,4045,2528,126530,1620,5851,-1494,-633,649,191,1192835,2755,16413,3541,19973,186206
4.976,-0.019,2744,45046,-3276,-216,61012,18969,2801995,7612,595,9380,111835,48659,1199,895,109,4045,2528,126530,1620,5851,-1494,-633,649,191,1192835,2755,16413,3541,19973,186206
4.981,0.003,3076,64484,-2969,56,54611,42100,2551022,7447,1175,10181,111300,48589,5874,948,4,3480,4175,112431,1930,6453,345,476,1062,250,1183479,2453,16079,3564,16491,228407
4.982,0.077,4142,80053,-2490,-277,52093,53949,2394733,8228,271,10434,120314,48331,3944,938,64,3611,4959,113625,2371,7267,215,680,644,210,1181937,2519,16235,3678,17516,266686
4.985,0.015,7519,154933,-561,10,26780,116544,674385,9948,-37,7634,163157,34847,4807,1570,249,3711,13860,62470,3384,12068,11,169,1550,188,1215067,2485,18659,4664,22418,452101
4.988,0.085,3605,71558,-2164,970,42024,46080,1937820,7103,892,7152,129159,43453,24489,2145,-18,3583,4095,124614,1700,6710,831,920,1656,131,1197124,2539,14105,3707,17461,257505
4.992,0.164,2660,43593,-3364,-893,56550,18522,2734843,7837,1104,7343,107190,50327,668,854,126,3990,2348,132876,1897,5811,-2100,-1661,274,354,1198562,3225,15232,2149,17380,179802
4.997,-0.102,2879,45810,-3385,-535,62774,18529,2676172,8192,405,7952,126276,51116,611,961,163,4020,2725,125045,1753,6199,-845,-1130,476,210,1204653,2453,16034,3070,23906,201686
5.001,-0.005,2884,47279,-3434,-482,64277,18803,2890145,8659,420,9201,118689,53753,592,951,99,4152,2475,125362,1772,5666,-1674,-1622,389,358,1201344,2429,16003,4139,20210,196314
5.006,0.219,2753,45159,-3587,-879,61940,18746,2952247,7422,331,9297,110582,50275,530,816,101,3745,1985,127365,1822,6093,-1742,-1176,334,236,1189754,2616,15665,3342,15716,184662
5.01,0.026,2506,45937,-3309,-804,60013,19884,2774292,8535,340,9639,115963,49888,456,860,123,3651,2270,123516,1647,6148,-1394,-1570,430,376,1167197,2958,15895,3345,18126,192825
5.015,-0.182,2517,44025,-2904,-628,58041,18913,2430234,8529,680,6536,116229,49599,539,889,124,3307,2289,112811,1543,6062,-1721,-1833,470,248,1166958,2572,15568,3046,18915,190213
5.019,0.356,2504,42619,-3223,-735,57817,17307,2504406,7666,721,7574,108172,47588,542,806,125,3545,2200,112385,1928,5144,-1793,-1713,533,198,1189462,2195,16125,3318,20597,178268
5.024,0.256,1920,36827,-3796,-804,57765,13503,2750661,6236,1074,9052,87098,48566,641,729,198,3277,1687,112165,1461,5086,-2571,-2476,505,363,1268679,2081,16456,3034,14278,145584
5.028,0.156,2271,42326,-4013,-1323,57894,13369,3007136,6653,395,9657,94040,53884,487,748,125,3584,1935,122600,954,5918,-2013,-2211,528,198,1262087,2088,16900,3265,13604,158659
5.033,0.132,2665,42578,-3833,-884,58276,15645,2921555,7978,186,10661,110646,48939,535,858,152,3827,2390,119184,1730,5761,-1761,-1258,553,327,1282475,2138,16589,2953,18501,179512
5.036,0.05,2769,42985,-3431,-1019,54270,14207,2788422,8694,53,9587,106601,46210,448,846,165,3384,2246,114912,1578,5881,-233,-760,300,179,1309157,2404,15222,3978,21170,175256
5.039,0.237,2790,45728,-3284,-589,53650,18975,2761626,8356,1252,9880,107910,51286,499,957,179,3665,2474,113921,1510,5554,-922,-1996,411,177,1275870,2021,16388,3005,18857,183759
5.044,-0.015,3310,48973,-3182,-326,57283,19796,2939069,8056,662,11308,119021,54675,521,936,171,4113,2421,117868,1491,6615,-1149,-1323,495,285,1297885,1984,17438,3591,20926,199156
5.048,-0.171,3085,47814,-3333,-532,56280,20041,2972701,9023,1242,10195,113075,53686,585,977,214,3585,2531,117215,1729,5288,-1313,-1744,438,341,1287740,1950,16585,3726,19175,193038
5.053,-0.238,2708,49166,-2943,-627,50489,23400,2529048,9323,1533,7572,129020,51752,474,972,103,2954,2106,107371,1852,6191,-129,-1193,402,169,1276140,2414,16361,2907,19173,213617
5.057,-0.023,3893,60694,-2685,-267,54693,28504,2730733,11599,846,8264,165937,52240,571,1202,120,3965,2999,119822,1475,6873,-749,-646,578,296,1296278,2661,16243,3158,23200,270627
5.062,-0.011,3282,49165,-3154,-455,57777,19961,2817824,9154,733,8663,126754,50712,406,886,82,3845,2102,117357,1725,5894,-868,-1132,468,181,1289668,2338,16775,3749,22787,208316
5.066,0.329,2817,45852,-3799,-602,58964,17344,3066232,7494,814,10423,103491,52841,432,857,186,3563,2386,121545,1837,5394,-931,-1166,390,280,1265189,2195,16246,2323,16888,176998
5.071,0.286,2533,41931,-4206,-835,59790,14102,3174430,6779,353,11224,91911,51524,416,782,115,3438,2274,122202,1295,6222,-888,-1806,410,234,1289121,2300,16343,2671,15699,157256
5.075,0.174,2702,45284,-3674,-752,57554,15635,3153976,6675,570,10555,95472,53955,490,763,171,3783,1823,119422,1895,5494,-1954,-2499,408,418,1297257,2599,16685,2702,14484,165768
5.08,0.292,2740,45969,-3348,-971,60699,15681,2943166,7951,556,9782,110477,50799,458,815,62,4020,1918,120646,1402,5323,-1507,-1417,388,236,1304824,2258,17517,3636,20573,182818
5.085,-0.5,2572,45933,-3240,-705,61240,17828,2908671,7908,157,11174,112205,52015,487,782,117,3898,2341,119260,1756,5875,-1229,-1052,358,211,1314623,2921,17046,3163,25750,186446
5.089,-0.052,2688,44445,-3788,-513,59957,16339,2980762,8291,-8,11830,107165,51986,466,848,181,3521,2157,119395,1611,5914,-924,-939,280,233,1304763,2462,17591,3124,20612,178928
5.094,-0.082,2895,49038,-3997,-998,58060,17817,3126215,7731,24,12092,109173,51973,453,953,170,3890,2381,124374,1943,6182,-336,-1226,423,271,1264885,2776,17209,3872,19728,186654
5.098,-0.138,3448,52486,-3188,-935,54124,20802,2817718,8952,487,8836,123981,54095,420,800,101,3552,2780,122974,1260,5942,-964,-1101,469,276,1267479,2882,17090,3670,20399,209669
5.098,-0.212,3448,52486,-3188,-935,54124,20802,2817718,8952,487,8836,123981,54095,420,800,101,3552,2780,122974,1260,5942,-964,-1101,469,276,1267479,2882,17090,3670,20399,209669
5.103,0.185,3126,45498,-3161,-1185,51498,15872,2531586,7665,452,7946,107137,51571,516,937,123,3674,2275,113562,1496,5302,-673,-808,535,213,1265995,2829,16909,3072,19914,179298
5.107,0.223,3371,53017,-3432,-1143,58451,19990,2820070,9533,780,7826,128422,50984,624,1042,112,3985,2570,123473,2182,5915,-1404,-1859,408,259,1293041,2422,16704,3045,23210,214333
5.112,0.213,2949,45139,-3578,-1337,55354,16666,2849570,7749,876,9420,101076,50622,489,835,102,3543,2932,114831,1400,4889,-1594,-1716,425,230,1280131,1802,16881,2937,18220,173579
5.116,0.318,2847,45220,-3467,-962,51913,15654,2821691,7909,1255,9372,100290,49980,580,906,80,3301,2005,112797,1182,5653,-1870,-2135,393,332,1255043,2519,15706,2774,15305,171920
5.121,0.173,2334,40331,-3471,-739,48078,13491,2652623,7804,344,9353,97386,46200,465,820,159,3232,2232,110699,1921,5616,-1035,-973,378,158,1309112,2624,16880,4289,21041,161346
5.127,0.075,3774,52182,-2900,-851,50984,18737,2603006,8444,805,8408,113720,50223,490,856,46,3440,2474,108835,2188,5636,-945,-1609,401,151,1328048,2411,16402,3056,23547,196857
5.132,-0.043,3511,56245,-3045,-801,48278,20615,2600547,9493,874,8937,133722,48487,530,960,142,3419,2676,110034,1754,5569,-1383,-1185,489,295,1347084,2261,17098,2853,20207,223586
5.136,0.136,3113,49865,-2738,-674,46299,17349,2357417,8164,360,8399,122439,48614,635,1201,66,3271,2467,100290,1398,5654,-1240,-1206,448,322,1344142,2551,16889,2744,20549,200930
5.141,0.149,3837,55153,-3386,-849,55034,19654,2857397,9679,498,9204,122093,50188,583,903,98,4032,2675,112612,1540,5427,-1781,-1387,492,256,1361445,2330,16608,3848,20892,210416
5.145,0.155,3687,57730,-3356,-952,55630,20932,2932509,9796,329,8416,125452,51478,622,1009,109,3765,2669,119069,2000,5508,-1959,-1171,551,285,1361389,2193,16314,2510,22333,217597
5.15,0.13,3213,51254,-3272,-975,47771,18101,2761229,7858,971,7982,103409,47332,440,783,109,3038,2216,103843,1406,5117,-1766,-1845,367,323,1329889,1749,15740,3509,17093,183835
5.154,0.136,3692,57750,-3563,-1123,52116,20561,2897920,9396,861,9718,134850,49520,555,903,114,3521,2332,115974,2233,5608,-1738,-1419,437,309,1314158,2363,16254,2864,20265,226249
5.159,0.074,3601,56066,-3634,-923,55410,19590,2960534,9770,500,10695,138953,51745,668,1125,144,3935,2768,119404,2122,5794,-1260,-1291,504,227,1354671,2821,16660,2632,24663,227980
5.163,0.191,2998,47775,-3627,-1238,48429,14314,2775001,6980,611,9566,107250,49519,590,920,93,3498,2162,109409,1312,5239,-1695,-1175,349,363,1337792,2328,16726,3113,18160,179317
5.168,0.224,3539,52688,-4063,-1259,48859,17307,2984142,7992,260,8171,114111,52313,513,959,144,3325,2566,117853,1354,5679,-1305,-1282,505,315,1363616,2481,17002,4398,17644,195637
5.172,-0.031,3912,56972,-3514,-1216,54521,18244,2834582,9671,311,9146,139326,49328,503,1019,156,4138,2529,116740,1873,6206,-403,-938,426,241,1380593,2954,16470,3478,25650,228125
5.177,-0.09,3533,55956,-3466,-1088,52674,19960,2539863,9883,607,8487,139002,49421,579,868,100,3804,2609,107749,2338,5647,-2039,-1744,566,328,1342482,2844,16819,3930,27897,228334
5.182,-0.35,4091,65309,-3613,-1296,49765,23845,2611503,10607,213,6553,155260,48226,548,1056,99,3859,2664,113191,2147,6596,-1085,-1264,519,184,1331137,2771,17590,3507,24924,259112
5.182,-0.392,4091,65309,-3613,-1296,49765,23845,2611503,10607,213,6553,155260,48226,548,1056,99,3859,2664,113191,2147,6596,-1085,-1264,519,184,1331137,2771,17590,3507,24924,259112
5.186,0.089,4665,74123,-3354,-1206,49631,29621,2342533,11768,329,6415,175598,45687,805,1319,121,4396,3445,110456,2704,7488,-1540,-1269,665,185,1334577,2175,17100,3829,28516,295775
5.191,0.131,3346,60724,-3657,-1533,48580,25516,2529433,8492,1082,7926,113342,46891,622,1050,162,3354,3036,101918,1942,6344,-1578,-1944,732,340,1338800,1801,15968,3015,18605,211420
5.195,0.237,3839,58305,-3585,-1126,52082,22902,2702554,9030,466,8831,126905,46704,788,913,80,3796,2860,109169,1637,5722,-1595,-800,468,199,1331710,2194,18201,3262,17115,220981
5.203,0.214,2717,46993,-2975,-1200,41221,17971,1978798,8192,134,7663,120565,43484,525,1061,50,3484,3351,90068,1490,7672,-437,-1184,643,141,1296886,2107,15951,3559,19478,196438
5.211,0.077,6034,100525,-2019,-705,36387,58652,1582540,14901,709,8401,181632,42546,5839,1438,37,3721,6808,84166,2822,11976,430,1133,798,157,1335549,1877,18188,3639,21216,361744
5.223,0.232,3341,55124,-2978,-478,53342,23179,2558666,10672,262,8484,144815,50054,827,1198,130,3392,2686,105066,2136,5917,-720,-541,447,95,1305886,2604,17276,3087,19675,237131
5.231,0.167,3782,55555,-3328,-783,53178,21449,2901448,9395,199,8850,137575,52784,810,1039,178,3765,2407,113060,2340,5419,-1626,-978,610,381,1339211,2895,17296,3267,22580,227756
5.238,0.464,3448,54020,-3448,-540,53477,21016,2895105,9198,588,9874,136637,50880,670,867,135,3911,2720,115007,2547,5650,-2047,-1909,309,269,1346161,2186,17220,2948,18386,224319
5.246,0.282,4592,64043,-2293,-279,51249,26608,2816341,11032,339,9229,166069,51054,811,1031,116,3605,3189,113511,2443,5926,-2409,-1810,581,349,1366766,2844,18219,3248,20553,272344
5.253,0.37,3922,58838,-2840,-644,52540,23372,2744893,9795,1195,8783,145563,50262,820,1057,167,3690,2691,109060,2293,5431,-1256,-825,696,276,1358723,2431,17649,3358,20439,241490
5.261,0.314,3479,54480,-3128,-890,49425,22240,2641754,9137,792,7918,139357,48216,732,950,91,3320,2658,103981,1787,5103,-1372,-818,667,147,1318193,1496,17282,3070,17514,228693
5.269,0.482,3792,54042,-3395,-1096,52834,20170,2900167,9654,572,8912,132497,50389,522,915,104,3866,2521,110904,1652,5479,-1177,-1081,452,255,1308472,2299,16670,3127,20551,220155
5.276,0.443,3556,55107,-3654,-1133,52754,19245,2933243,9356,492,9290,133735,50415,556,891,191,3825,2488,108445,1764,5280,-1183,-1648,476,283,1322815,1922,17103,3899,18221,220999
5.284,0.298,3395,51095,-3670,-1167,51456,17109,2757687,8492,472,8194,118395,50374,1243,5652,19,3222,1965,105110,2242,5257,622,-54,1353,135,1353480,3034,17018,2992,20241,198486
5.291,0.356,3004,49063,-3561,-931,51949,17649,2788406,7933,1061,7927,116111,49536,476,887,72,3199,1934,100156,1396,5073,-1454,-1570,409,331,1359429,2564,16985,3220,19332,193760
5.299,0.298,2971,49771,-3593,-753,53341,17561,2891839,8011,592,8528,125737,54141,544,837,86,3538,2354,109849,1565,5524,-1896,-1055,352,299,1350246,1917,16105,3458,17376,204051
5.307,0.349,3243,52938,-3210,-1078,52764,17993,2853703,8671,-113,8779,138413,51985,642,1164,94,3717,2986,111953,2302,5470,-1080,-817,579,297,1332735,2137,16877,3836,21552,221258
5.314,0.333,3520,49167,-3933,-1381,53099,16311,2869173,8784,1037,8303,121232,51428,469,994,39,3546,2342,106444,1842,5681,-1562,-1094,568,239,1305389,2026,16941,3468,19167,199014
5.322,0.351,2711,43729,-3464,-1179,47453,14989,2790023,6614,1589,7175,102379,52506,435,814,91,3246,1603,101615,1428,5244,-1891,-1552,373,259,1297234,2171,15923,2772,13666,170422
5.328,0.106,3001,46798,-3430,-1345,45474,16792,2595569,8667,1327,7561,121505,48418,527,922,245,3301,2618,100537,1215,5177,-1084,-1605,459,441,1329078,2071,16606,2869,17677,196763
5.334,0.334,4342,58598,-3189,-982,51405,21925,2695563,9667,973,8544,150747,49802,511,1006,162,3774,2497,106809,2154,6249,-1552,-1678,502,396,1348715,2484,18039,3560,21586,245279
5.341,0.232,4159,61674,-3147,-1398,50028,23299,2555018,10621,1235,8581,163261,51459,499,910,124,3416,2966,103291,1800,5548,-1847,-1809,547,345,1304768,2035,16753,3217,20310,263014
5.347,0.343,4091,63494,-3276,-970,47555,23794,2539847,11157,1151,8226,175658,45634,575,1086,213,3640,2580,105966,2426,6050,-1824,-2116,540,496,1320979,1821,17843,3740,19409,278194
5.356,0.27,4540,68672,-2681,-531,51242,31025,2701537,11453,701,9104,166639,48662,696,1186,211,3926,3407,111793,2269,6509,-1735,-1625,613,352,1358220,2675,17692,3926,21955,282329
5.362,0.556,4033,61237,-3118,-800,49908,25009,2899546,10500,220,8569,150829,51172,496,991,122,3656,2795,113741,1916,6129,-1528,-1248,433,344,1355244,2756,17695,4126,18107,251608
5.368,0.544,4512,59925,-3016,-1041,51401,22238,2934097,9326,653,7680,142313,49984,545,1092,246,3510,2756,114680,1840,5885,125,-766,500,160,1365946,2311,17436,3371,20092,238314
5.375,0.557,4308,63624,-2915,-526,50454,25535,2815230,10551,475,8241,163005,51832,633,1313,96,3788,3046,114045,1753,5946,-795,-793,611,313,1378728,3064,17587,3236,19201,267023
5.381,0.325,4297,60544,-3072,-574,46844,23815,2762963,9997,431,8581,152707,51067,525,1117,81,3749,2856,110549,2180,5281,-561,-860,315,225,1370282,2427,16728,3950,17995,251360
5.387,0.175,3881,57660,-2979,-1123,47919,21816,2736202,8868,400,7722,130315,50434,492,969,190,3505,2442,104578,1702,6070,-448,-1227,439,284,1369598,2540,16842,3700,16933,222540
5.394,0.403,3927,60463,-3411,-1267,52256,22618,2753550,10205,248,8637,151845,49984,503,1079,107,4255,3007,110519,1486,5992,-986,-1536,385,274,1361382,2553,16415,3489,22012,249058
5.4,0.41,4116,57004,-2683,-715,52099,20863,2814622,9650,381,8943,139146,49054,596,1052,226,3493,2410,108553,1845,5788,-765,-1200,388,312,1323242,2358,16661,3230,26597,230779
5.406,0.294,4360,60307,-3373,-621,47970,22590,2781663,9775,481,8875,147089,47527,581,1081,76,3771,3045,105244,1747,5985,-1603,-1297,681,246,1340632,2364,17420,3333,21194,244121
5.413,0.206,3994,64479,-3046,-1129,51062,27980,2705743,9762,1004,9119,157848,50701,593,1112,285,3671,3282,108829,2240,5924,-1054,-1349,600,222,1360979,2774,16602,3441,21497,264063
5.419,0.153,3321,51961,-2341,-421,52427,26626,2248065,9187,531,8284,134169,47545,579,1028,104,3956,3304,102503,2220,6374,-1137,-933,430,234,1373124,2870,17340,4026,21701,225264
5.422,0.242,3110,48193,-2831,-487,50757,22501,2303457,9075,965,7963,118592,46712,493,924,148,3675,2715,100094,1992,5781,-988,-1847,394,341,1346546,2670,17848,3267,22967,201471
5.422,0.137,3110,48193,-2831,-487,50757,22501,2303457,9075,965,7963,118592,46712,493,924,148,3675,2715,100094,1992,5781,-988,-1847,394,341,1346546,2670,17848,3267,22967,201471
5.434,0.2,3181,55901,-3133,-940,53402,22284,2823858,9938,268,8465,133334,53681,601,1027,123,3687,2644,109664,1882,5673,-962,-1177,364,222,1358200,2553,16500,3902,20926,224638
5.441,0.019,2975,49933,-2946,-889,52502,20844,2570539,8980,766,7868,127030,53791,447,928,59,3291,2574,105489,2040,6120,-957,-981,428,168,1363331,2735,17386,3252,22518,209762
5.447,0.208,3027,47367,-2847,-578,53850,18970,2456658,8937,686,7256,120255,48725,569,1059,109,3721,2835,109901,1484,5711,-1420,-1368,653,355,1370777,2704,16270,3805,23730,198556
5.453,0.263,3512,53874,-3007,-453,55693,22777,2636626,10359,499,7740,142607,50116,589,1004,96,3761,2876,112047,2127,6260,-944,-1808,359,244,1352697,2577,17406,3896,26808,233129
5.46,0.251,3393,56388,-2848,-811,57476,23684,2809449,10329,675,8375,147111,54251,559,1027,203,3726,2811,116166,2039,6007,-1210,-1524,451,331,1321556,2618,18069,3200,21274,240905
5.466,0.149,3722,53278,-3053,-796,48717,22036,2383219,9985,705,6684,141417,51304,463,964,212,3431,2546,102892,2411,5852,-930,-443,429,249,1334169,2722,17190,3017,21456,230438
5.473,0.372,3067,44833,-2188,-805,44517,17382,2002415,7274,1358,6296,114700,48274,465,988,160,3096,2366,87057,1769,4992,-811,-1062,426,235,1330693,2200,16019,3010,19605,187256
5.479,0.459,3022,45078,-2338,-836,43885,19355,2200640,7790,1448,6530,126481,54986,500,974,165,3371,2283,93585,1349,4798,-1115,-1545,419,201,1326828,1599,15653,2573,18184,201726
5.485,0.481,2956,50571,-3311,-865,49654,21463,2592490,8630,1163,7504,130384,50824,538,1045,194,3590,2421,102326,1404,5638,-486,-1015,358,234,1334274,1997,16130,3156,18063,214004
5.498,0.366,3688,55332,-3426,-897,52799,19563,2818466,9212,768,8716,130533,53438,554,983,185,3830,2490,108361,1743,5142,-1287,-1517,359,300,1336447,2347,17592,2894,19539,218328
5.505,0.336,3408,55836,-3637,-1102,50377,20800,2723601,9393,1139,8659,129669,47557,551,989,125,3468,2542,104749,1942,5441,-1979,-2135,556,468,1336494,2335,15851,3240,18909,219106
5.511,0.418,3527,56905,-3619,-1315,51519,21129,2691628,9908,779,8106,143200,49923,494,1053,104,3613,2195,108018,1424,5529,-979,-1269,443,175,1352226,2474,17607,3150,21932,234669
5.517,0.382,3845,52402,-3335,-1304,55384,18129,2783261,8471,376,8153,123355,50297,456,1035,64,3722,2843,111872,1774,5915,-1154,-1337,505,193,1360294,2602,17506,4202,23630,206202
5.524,0.449,3300,51711,-3922,-1482,57293,18384,2896870,8764,346,9008,130732,52439,554,995,40,3989,2575,112117,1731,5812,-1765,-1154,371,301,1331846,2317,16159,4167,23676,212891
5.53,0.428,2466,41467,-3486,-1351,46274,13973,2407493,6905,903,7421,95631,49523,461,809,35,3163,2044,92354,1241,4698,-1312,-1422,431,340,1310182,2056,16145,2394,19726,160442
5.539,0.396,3640,54164,-2933,-413,50978,21863,2893541,9352,126,8971,132346,51224,474,973,128,3583,2486,114964,1835,5892,-1236,-1666,473,243,1327007,2668,16645,3439,22460,221365
5.545,0.219,3196,49464,-2563,-416,48594,20612,2379456,9395,1341,8201,129294,49092,613,918,116,3608,2639,105370,2227,6303,-1346,-1086,307,228,1332655,2584,16057,3373,25890,211961
5.552,0.03,3393,57176,-2801,-387,51495,26361,2596146,10856,670,8374,160062,50581,557,1047,150,3629,2904,115961,2443,7080,-584,-1138,481,221,1376845,2665,16597,3381,28035,257848
5.558,-0.042,4485,65444,-2787,-312,51762,28447,2777654,11773,398,8756,168694,51522,688,1128,114,3698,2856,124971,2003,6734,-928,-1034,368,263,1396460,3150,17505,3229,29804,278843
5.565,0.041,2848,42531,-2424,-498,49105,16517,2581107,7972,630,8126,99960,52582,945,970,64,3085,2117,109852,2522,6168,-2036,-1347,584,227,1379574,2970,17341,3024,23636,169828
5.571,0.226,2232,37292,-3056,-539,51496,14626,2729440,6816,954,8919,88395,53419,632,760,79,3654,1878,113468,2225,4786,-2384,-1719,532,353,1361271,2562,16125,4106,19258,149361
5.578,0.301,2747,42724,-3891,-1067,55215,14713,3089239,7102,496,9622,95108,54196,452,820,156,3675,2088,124211,1863,5172,-1522,-1795,262,290,1348095,2944,16082,3652,18771,162394
5.585,0.125,2382,39265,-3157,-556,55577,15874,2855916,7256,288,8978,95369,51436,478,820,159,3461,1860,117006,1996,5875,-1437,-1577,264,216,1325328,2457,15863,4102,21956,160146
5.591,0.016,2581,44946,-3354,-582,58216,18313,2918152,8053,335,8944,109723,52764,491,860,104,3971,2412,125888,1844,6379,-857,-1170,382,271,1359379,2727,17035,2733,22487,183616
5.598,0.092,3304,53020,-3088,-1001,53481,20748,2902386,8765,486,8478,127663,52451,519,901,47,3774,2718,120207,2535,6924,-1529,-1543,331,270,1357473,2759,15872,3708,23608,213500
5.605,0.058,2840,45411,-3363,-1388,52806,15677,2822829,6949,236,9233,101584,51814,600,849,93,3445,2074,113582,1571,5483,-1451,-1521,391,264,1354738,2903,16213,2989,20477,172461
5.611,0.265,2200,40030,-3177,-1165,46445,14182,2593749,7479,542,8333,91121,48331,462,888,173,3599,2072,108667,1677,5667,-1130,-1084,368,269,1324300,2488,15939,2812,19983,155012
5.618,0.147,2018,36900,-2966,-1279,50251,15337,2664094,7559,242,9068,108334,54746,572,732,121,3712,2143,111047,1799,5326,-1483,-1269,475,274,1327059,2469,15500,3754,22861,170148
5.625,0.051,3113,47815,-3418,-1161,51521,16323,2912076,8181,-26,10181,113917,49650,531,879,75,3676,2259,117581,2096,5930,-2279,-2121,535,420,1357553,2196,16492,3850,21761,189349
5.631,0.349,3118,50642,-3951,-1562,52512,17220,3076385,7968,517,10082,115859,47454,627,841,99,3539,2313,123722,2042,6517,-1942,-2186,563,304,1356344,2523,16641,4021,20171,194807
5.638,0.189,3550,53997,-3707,-1450,48478,19577,2877545,8912,295,8103,127136,52830,414,793,129,3715,2523,123679,1464,6027,-959,-1711,488,164,1356260,2549,15880,3256,20920,213172
5.645,0.419,3368,52862,-3651,-1152,52435,20022,2926515,9074,445,9545,137747,50602,497,954,124,3785,2540,126680,3039,6743,-1360,-1803,313,213,1351830,2474,17302,3828,21891,223073
5.651,0.255,2889,50141,-4055,-1348,51627,17706,2761203,8407,238,8435,120760,48617,890,864,72,4044,2198,118039,1865,5244,-2714,-1385,622,227,1286152,1807,15677,2811,19375,199903
5.658,0.428,2427,46815,-2903,-976,45892,17283,2536079,8656,1007,7435,130942,52789,615,1057,103,3377,2632,111999,2169,5770,-2120,-1861,576,289,1305836,1990,16452,2485,17084,206123
5.66,0.282,2427,46815,-2903,-976,45892,17283,2536079,8656,1007,7435,130942,52789,615,1057,103,3377,2632,111999,2169,5770,-2120,-1861,576,289,1305836,1990,16452,2485,17084,206123
5.667,0.408,3530,56758,-2910,-740,50449,25318,2726048,9759,186,9623,139223,50474,614,984,175,3935,3125,122508,2288,6854,-520,-1004,478,220,1326180,2749,16135,3279,25412,234588
5.674,0.478,3387,57647,-2745,-673,49316,27294,2529245,9503,818,8614,135210,50018,464,903,86,3700,3267,111809,1916,6250,-1320,-1812,620,285,1349929,2715,16904,3224,22962,233041
5.68,0.381,4458,69652,-2166,-263,42727,37263,2183151,9919,551,8615,134479,48847,629,1121,169,3320,4436,101791,2171,7015,-977,-1130,501,157,1378293,2382,17193,2783,24685,255771
5.687,0.265,4577,78512,-2190,-564,49932,43243,2420387,10540,543,9672,144263,48358,1331,1323,163,4050,4831,111207,2326,6234,-1934,-477,523,457,1392044,3103,18070,3494,25130,281135
5.694,0.159,4148,72639,-2934,-497,50370,35729,2788066,11140,502,8959,131710,49955,1271,1312,140,3726,4002,127373,2493,6801,-1237,-585,519,333,1381325,2833,17759,4470,24102,255366
5.697,0.166,4354,72690,-2431,-675,46421,35200,2518528,10063,1145,9449,125200,49326,851,969,171,3490,3809,115018,2328,6153,-1836,-1080,776,305,1370650,2212,16937,3324,22966,247507
5.703,0.261,3675,54687,-2463,-306,54092,22892,2774659,9192,603,9334,128135,50260,578,983,97,4180,2629,120542,1927,6257,-1466,-1236,483,336,1352987,2539,16468,3086,21301,218581
5.71,0.275,3145,49561,-3054,-522,56646,22371,2668413,9278,520,8460,126996,43734,893,983,174,3898,2753,122550,2153,6207,-1543,-1547,604,190,1324234,2253,16601,4218,25769,211351
5.716,0.263,4256,65288,-3328,-828,51664,27737,2663000,11101,707,9961,158376,49089,601,1099,133,4060,2887,116960,2366,6703,-1135,-1199,446,293,1364699,3117,16759,3617,26105,266758
5.723,0.265,4376,65881,-2622,-802,47877,29956,2260685,10184,522,7948,161591,49393,535,1293,246,3537,3611,104193,2346,6463,-292,-1104,748,291,1362574,2388,16840,3579,28426,271988
5.73,0.512,4083,62656,-3124,-957,54084,26961,2622730,10927,122,9034,158714,52028,551,1068,249,3608,3447,119095,2267,7038,-619,-1610,483,270,1371396,2993,16831,3882,30364,263341
5.736,0.449,4051,58328,-2953,-764,53478,23570,2620478,9965,63,8310,136710,49833,493,981,129,3960,2904,114798,2220,6406,-1069,-1101,359,231,1347162,2376,16797,3483,25496,232624
5.743,0.242,3697,55980,-2911,-862,51084,21982,2594691,9213,135,8276,138971,51531,590,946,48,3780,2474,110441,2034,6419,-1455,-1336,510,283,1329960,2206,16632,3840,24261,229843
5.75,0.169,3513,55834,-3337,-889,53659,21464,2727792,9821,236,8910,133861,49779,593,884,260,4054,2554,117193,2440,6701,-1310,-1522,509,328,1372778,2658,16626,3170,27425,224493
5.756,0.057,3143,53109,-2765,-675,49772,20653,2373292,8769,870,8637,123341,50329,480,899,138,3580,2806,99794,2170,5800,-965,-1002,456,200,1359416,2234,16353,4014,23321,209015
5.763,-0.148,4602,76077,-3167,-698,48761,38936,2515894,11648,446,9923,163756,47362,616,1260,226,3920,4557,111937,2140,7091,-1063,-983,768,322,1375925,2475,16501,4262,27849,295019
5.766,0.003,4418,68500,-3570,-1157,46648,27224,2577332,10771,237,9497,166345,50640,619,1585,13,3874,3033,116119,2162,6879,-72,-872,677,239,1364686,2738,17392,3370,28279,277258
5.769,0.22,4123,59997,-3519,-1245,49613,22404,2770312,10712,542,10608,148368,49858,532,1015,212,3880,2964,117442,1857,6740,-1178,-1328,576,270,1363131,1844,16383,3119,25718,245604
5.769,0.252,4123,59997,-3519,-1245,49613,22404,2770312,10712,542,10608,148368,49858,532,1015,212,3880,2964,117442,1857,6740,-1178,-1328,576,270,1363131,1844,16383,3119,25718,245604
5.776,0.187,2535,43959,-3583,-1089,50035,16018,2730410,7918,707,9939,113313,52527,513,958,104,3776,2295,109076,1556,5981,-1087,-1451,387,218,1355691,2620,16029,2813,22666,183743
5.778,0.197,2451,39206,-2916,-726,49192,14114,2410225,6995,1020,8604,96685,52717,514,878,58,3186,1432,97368,1695,5514,-1070,-925,964,198,1330055,2090,16672,3369,20023,159451
5.784,0.248,2643,44574,-3474,-657,55161,17276,2879537,7970,522,10729,108736,52999,496,765,159,3380,1884,109876,1756,5705,-1335,-1382,533,302,1296084,2583,16153,3109,20291,181199
5.79,0.215,2595,44642,-2915,-831,53283,17461,2720030,8469,322,10886,110299,52496,432,886,198,3631,1995,111811,1845,5944,-295,-1255,230,297,1345529,2601,17400,4107,22541,183466
5.796,0.182,2625,45545,-3364,-922,53827,15457,2805666,9051,639,10680,111701,50318,491,835,212,3467,2445,113377,1928,6327,-1503,-1770,476,331,1378434,2539,18100,3653,28225,184379
5.801,-0.052,2881,47726,-3784,-1178,51732,17001,2824936,7987,440,9376,114911,53895,502,840,111,3698,2143,113944,1851,6212,-1523,-1474,346,348,1373776,3046,17094,2893,24531,190506
5.807,-0.39,2823,49935,-3213,-948,49017,19742,2654502,8184,277,7894,122353,49054,554,866,94,3515,2204,113020,1460,5893,-1843,-1559,493,252,1373837,2696,16204,3463,22857,203037
5.813,-0.434,3120,48436,-3314,-792,54612,18852,2899225,9519,557,8631,115701,51288,844,1512,95,3816,1969,130776,2108,7090,-453,-523,512,181,1360120,2064,17944,4218,28856,195628
5.819,-0.108,4126,56659,-3480,-1012,52362,22409,2695843,10321,328,6232,147163,51826,680,1043,149,4169,2764,124306,2784,6759,-596,-334,626,154,1315318,2152,17565,3819,30697,240678
5.823,-0.004,3283,51605,-2993,-358,54568,20376,2487800,9759,1076,6118,133788,49826,715,917,62,3712,2509,114401,2349,5911,-1827,-1503,699,199,1329443,2191,17097,3475,28293,218811
5.829,-0.127,2973,49759,-2988,-675,51547,19608,2676856,8674,912,7571,121086,50476,772,841,90,3703,2311,117198,2409,5712,-2211,-1198,587,248,1347457,2324,16879,2958,22316,202100
5.834,-0.04,2899,50246,-2779,-517,49985,21504,2533103,9465,1790,6626,134748,49464,819,969,136,3612,2630,116979,2216,6247,-1807,-1806,592,199,1325769,2112,17363,2546,20255,218862
5.84,0.173,3158,52232,-2969,-659,51975,20137,2577201,9808,1671,6174,136860,49236,782,1228,107,3728,2403,118233,2443,5286,-1595,-1189,588,227,1336185,2059,16680,3741,22639,222195
5.848,-0.096,3539,55898,-3213,-787,51444,21076,2779841,9895,783,7594,136223,53831,860,981,94,3844,2674,126927,2645,6060,-2373,-1142,548,226,1349119,2556,16719,4048,25344,226631
5.854,0.023,3334,52413,-2541,-110,52662,21067,2618473,9338,899,7828,133754,52414,1549,1134,111,3806,2217,122604,1985,5746,-2135,-333,568,366,1298225,2239,16944,3100,24197,219906
5.859,0.117,3226,53993,-3378,-613,54695,20741,2880018,10674,418,7634,130948,50090,1396,1064,47,3987,2774,129609,2564,6283,-2246,-1251,428,352,1325516,2091,17519,3453,25801,219582
5.865,0.018,3017,47313,-3493,-1040,52596,17048,2809225,8171,605,7850,108109,52749,6721,1024,86,3795,2130,120700,2041,5457,349,211,1485,306,1351350,3259,17417,3680,27179,183658
5.871,0.213,2837,48152,-3833,-965,54172,17193,3008835,7834,1229,9381,106032,51372,1992,840,65,3594,2219,127049,2164,5404,-1089,-61,686,260,1350343,2597,16199,2814,20992,182048
5.877,-0.262,3126,50968,-3232,-789,51579,17085,2972885,7974,118,7957,112743,51093,986,1198,93,3618,2149,124911,2137,5699,-1593,-1099,592,138,1346672,2207,17444,3155,20747,191896
5.882,-0.109,3519,53204,-3126,-564,55247,20424,2909447,8932,321,7896,131798,52145,813,953,119,3685,2828,124248,1573,5690,-2309,-1432,524,440,1320432,2364,17129,3344,22287,217877
5.888,0.126,3331,52530,-3561,-782,54337,19031,2768748,8958,951,7932,124889,50336,678,773,67,3556,2609,122437,1701,5476,-1944,-1554,315,233,1308696,2431,17342,3535,22959,208739
5.888,0.136,3331,52530,-3561,-782,54337,19031,2768748,8958,951,7932,124889,50336,678,773,67,3556,2609,122437,1701,5476,-1944,-1554,315,233,1308696,2431,17342,3535,22959,208739
5.894,-0.467,3271,54948,-3576,-806,48723,20034,2936629,9098,694,9781,125086,51209,766,1001,111,3454,2121,126125,1919,5958,-1981,-1241,390,402,1350299,3252,17243,3723,20630,212437
5.9,0.078,3788,61534,-3439,-1048,50024,26111,2678942,9370,517,7923,132176,49791,975,1037,146,3701,2595,120638,1937,6743,-1532,-979,548,241,1364704,2585,16932,3659,24581,232979
5.905,-0.067,3883,66449,-3295,-1338,52805,28661,2714041,10321,1243,7210,131283,51174,1338,1053,193,3948,3473,124950,1897,6631,-1328,-970,440,133,1353433,2237,17338,3738,24035,240597
5.911,-0.158,4754,81631,-2473,-975,45115,42008,2276995,8621,1142,9723,112140,50561,2594,1021,75,3904,4838,105100,1795,6230,-829,179,670,339,1362638,2459,17830,3927,29833,249154
5.911,-0.236,4754,81631,-2473,-975,45115,42008,2276995,8621,1142,9723,112140,50561,2594,1021,75,3904,4838,105100,1795,6230,-829,179,670,339,1362638,2459,17830,3927,29833,249154
5.917,-0.237,2994,50262,-4093,-1346,54985,14526,3008009,7946,42,9573,108261,50493,849,857,51,3583,1909,124004,2360,5672,-2091,-1269,313,193,1319194,2296,17287,3813,27613,183989
5.923,-0.626,2822,49926,-4547,-1898,51906,15586,3029140,7715,529,7723,109500,50906,750,939,100,3263,1925,131182,1731,5964,-1432,-1182,348,239,1297762,2378,18357,3158,23417,185549
5.923,-0.56,2822,49926,-4547,-1898,51906,15586,3029140,7715,529,7723,109500,50906,750,939,100,3263,1925,131182,1731,5964,-1432,-1182,348,239,1297762,2378,18357,3158,23417,185549
5.928,-0.46,3739,58974,-3848,-1317,53218,20214,2752552,10336,526,5034,144847,50943,703,1092,97,3905,2784,130553,2071,6555,-1497,-1484,482,244,1327165,2461,17441,3716,27952,238110
5.934,-0.126,3589,57482,-3876,-1354,50123,18404,2664999,10004,739,4957,138971,48429,2748,1353,35,4009,2169,128625,2428,6307,-1229,-104,660,262,1370020,2705,17228,3452,26465,228450
5.94,0.067,2476,42816,-3840,-1647,47599,12363,2673727,7268,538,8064,98824,48308,620,841,78,3231,1717,119936,1500,5714,-1851,-1759,440,256,1344185,1754,17728,3118,21758,163747
5.946,-0.047,2852,46743,-4006,-2075,49027,12990,2723139,7074,1209,8004,100551,53319,587,807,88,3229,1948,114317,1723,5407,-2465,-1808,423,311,1302162,2603,17286,3290,17161,170210
5.952,0.009,2544,42841,-4109,-1648,44228,10842,2725361,7346,-6,6565,103032,47035,2459,1037,28,3622,1812,124053,1605,5909,-1319,466,614,264,1347386,2600,17358,3693,24547,166605
5.96,0.112,3072,47862,-3603,-943,52422,14859,2923944,7922,-132,8306,105073,52691,551,872,164,3540,2524,124373,1359,5515,-1372,-1453,433,311,1324355,2753,18098,3497,26009,178788
5.966,-0.033,2498,43553,-3454,-881,44778,12834,2728637,6930,780,8743,86145,50184,1676,1805,94,2966,1829,117480,1697,5271,-1280,-128,475,207,1324873,2360,17006,3268,23537,151960
5.971,0.13,3777,53530,-3544,-1096,45557,19344,2891561,8701,1190,7411,120396,51387,482,863,75,3483,2316,124674,2320,6579,-1355,-1597,560,356,1345706,2533,17368,2600,22044,205748
5.977,0.061,3439,56128,-3384,-732,50457,24206,2810237,10852,372,7122,157093,51064,525,1054,198,3907,3534,129584,2285,5909,-1117,-1414,425,324,1362643,2204,17217,3519,26185,251718
5.983,0.211,3183,51859,-3532,-1037,52774,19029,2922729,8398,1014,7460,125995,52205,545,944,222,3593,2565,124815,2745,6688,-1128,-1381,557,311,1357164,1980,17442,3355,25011,208464
5.988,0.466,3169,48445,-3886,-1285,53618,15552,3007985,7360,56,9440,105810,51317,576,882,89,3544,2372,119953,1769,5927,-819,-1734,490,192,1343361,2214,17513,2895,20230,180336
5.994,0.238,2949,46608,-3301,-868,47217,14207,2601577,7568,595,6535,102889,53118,497,741,134,3189,2182,111679,1673,5481,-1771,-1896,445,250,1305463,2505,16745,3706,21911,174221
5.994,0.258,2949,46608,-3301,-868,47217,14207,2601577,7568,595,6535,102889,53118,497,741,134,3189,2182,111679,1673,5481,-1771,-1896,445,250,1305463,2505,16745,3706,21911,174221
6.0,-0.1,3880,62297,-3173,-981,43735,26252,2343333,10408,352,7302,156805,46069,656,1215,123,3188,3173,113566,2443,6722,-1163,-1389,883,198,1357517,2385,17011,3777,28598,259642
6.006,0.011,3257,58136,-3829,-1095,53076,21215,2555884,9022,117,5527,128407,50779,750,1092,69,3822,2807,120543,1975,6125,-2264,-1293,673,208,1356260,2575,17000,3266,30205,220037
6.011,0.05,3364,58244,-2616,-999,49520,23979,2452701,8957,357,5633,126162,47690,668,993,190,3658,2678,116384,2341,6556,-934,-1399,477,143,1369091,2378,16448,3148,28682,220706
6.017,0.19,2386,42506,-3810,-1447,46591,12501,2619431,6671,387,7040,95534,48980,518,761,94,3161,1962,116434,2282,5966,-2044,-1559,398,217,1348271,2388,16187,3143,21656,159598
6.024,0.091,3132,51669,-3713,-1426,50384,17261,2768194,8551,474,8290,129424,46528,665,1042,108,3772,2526,124695,1968,6362,-1599,-1088,653,304,1325643,2304,17288,2925,24483,210037
6.03,-0.016,4013,71976,-3006,-943,41957,28229,2333650,8825,852,7827,119345,43545,640,876,109,3524,3114,120064,1727,6993,-2491,-2494,536,364,1349941,1687,17488,4180,24777,232388
6.037,0.1,2582,43534,-4301,-1824,55795,11525,3058288,6872,351,7563,92897,49800,579,926,175,3556,1855,133929,1860,6223,-1120,-1254,513,210,1350042,2757,16882,3751,21730,157410
6.043,0.136,2729,44257,-4308,-2077,50539,12035,2933525,6913,249,8215,96621,50198,1309,1157,125,3498,1972,133874,2273,6152,-1733,-618,566,184,1356795,2982,16729,3388,23144,162555
6.05,0.382,3109,51058,-4964,-2209,54805,14034,2977959,8253,275,5276,117441,51694,547,887,71,3781,2622,135646,1693,6630,-1180,-1444,481,151,1356395,2943,17658,3558,26494,193895
6.056,0.161,2813,45201,-4290,-1490,49342,12540,2846792,7666,262,5492,101582,53423,745,1069,131,3899,1645,134301,2484,6180,-1356,-1594,408,208,1332536,2283,17886,3051,26704,169802
6.063,0.311,2370,44572,-5424,-2099,51404,7832,3220730,5573,-374,9286,87363,49268,693,922,138,3463,1874,131299,1342,6010,-1801,-1026,394,194,1356011,2915,18732,3049,22678,147710
6.072,-0.016,3133,47520,-3637,-559,49751,15454,2891416,7105,878,8464,87215,48794,599,846,135,3692,2072,118599,2089,5741,-1708,-1754,404,228,1306544,2741,16807,3579,23139,160427
6.078,-0.135,3623,59683,-3352,-728,52854,24226,2964244,8786,-161,8040,127788,48905,682,1005,226,4057,2756,125995,2416,6651,-1102,-1650,473,275,1323649,2226,16826,3053,24068,224106
6.081,-0.128,4376,65730,-3487,-1088,51716,27444,2862462,8850,164,8502,129815,48704,767,1081,207,3848,3053,125924,2338,6968,-1739,-1686,507,316,1345171,2402,16659,3614,24283,236215
6.085,-0.047,4528,78791,-3171,-872,49786,38167,2571568,9496,691,9043,137578,50970,755,1048,113,3922,4434,117294,2248,7394,-1782,-1803,785,219,1354915,1797,16843,3817,25341,268560
6.087,0.119,4754,80821,-3057,-1075,50652,41123,2657191,10220,361,8255,144494,51106,811,1243,172,4309,4962,122233,2355,8221,-1174,-708,608,167,1367391,2898,17725,3383,28094,281412
6.091,0.226,2849,48930,-3144,-1014,48528,17254,2731621,7553,563,8113,101228,49267,639,866,192,3287,2074,117352,2013,5450,-1245,-1159,352,260,1367913,2692,17359,3583,25983,177814
6.094,0.249,3332,53587,-4200,-805,57706,17614,3195550,8088,340,8775,110111,53809,646,853,131,4147,2632,135302,1622,6020,-1772,-1612,442,191,1377463,2556,16792,3177,27021,192732
6.098,0.277,3151,47085,-4353,-1453,55680,14101,3254904,7009,3,8460,89287,54124,873,1077,50,3840,2184,132048,1455,5361,-2309,-1121,392,262,1364287,2586,17109,3254,20353,160633
6.1,0.183,2810,46635,-4053,-912,56037,13467,3382364,6258,431,10029,87802,52944,578,895,57,3667,1942,133578,1439,6033,-2011,-1492,579,276,1361718,2417,16395,3610,20776,156972
6.103,0.29,2845,42419,-4226,-1020,50245,12782,3137065,5745,327,8894,71678,49778,480,798,109,3374,1758,118054,1162,4924,-1291,-1433,385,223,1354747,2145,15504,3744,15894,135469
6.105,0.265,2776,43865,-4324,-832,51884,13131,3185260,5760,292,9025,71524,49095,537,751,74,3654,2111,123101,1477,5352,-2094,-1166,508,277,1351988,2389,15977,3347,15485,137056
6.108,0.042,2774,48158,-4312,-1132,54969,17160,3307924,6390,761,10448,83503,51537,411,714,91,3994,2027,129279,2007,5772,-1431,-1760,374,220,1340383,3637,16279,3954,18265,157985
6.11,0.078,3089,49711,-4502,-1121,51414,16787,3139106,6070,375,9855,79904,52199,488,821,107,3537,2127,121453,1303,5999,-603,-1045,607,215,1319375,2666,15869,3194,20734,155561
6.113,0.025,3110,47964,-4396,-1392,55168,12801,3276685,6516,-29,10493,85767,51643,459,832,170,3815,2219,127611,1566,6206,-1463,-1468,434,270,1331391,2870,15613,2490,22999,156158
6.115,0.217,2837,47530,-3560,-895,47325,15092,2872419,6495,31,8941,76097,48299,534,724,77,3310,2390,117813,2417,5760,-1782,-1625,838,173,1356768,2049,15719,2719,22627,148051
6.118,0.055,3141,48767,-4072,-1374,53777,12854,3186046,6917,48,9104,91294,48695,528,869,119,3935,2078,129122,1458,5333,-1817,-1722,385,312,1364562,2522,16053,3284,23394,162973
6.12,0.232,2951,48219,-4155,-913,51661,13799,3138509,6971,259,9916,94165,50099,1045,1483,63,3475,1893,127823,1419,5559,-1764,-1296,662,223,1363005,2891,16582,3573,24224,166105
6.123,-0.157,3704,54747,-3496,-1154,50719,17243,3023416,8131,419,8727,113488,50749,560,794,46,3511,2022,127273,1916,6588,-2064,-1652,404,246,1353931,2097,15412,3280,24083,197313
6.124,-0.199,3308,53102,-3506,-983,49834,16570,3011962,7557,546,9490,105875,47482,633,878,134,3678,2255,126651,1941,5744,-2364,-2281,526,473,1353318,2348,16150,2718,23768,186412
6.127,-0.408,3089,51787,-3751,-991,48890,17497,2856164,8240,574,8165,110424,48202,575,937,189,3894,1875,123895,2266,6326,-1050,-1628,391,180,1353919,2523,16473,4075,22642,191037
6.129,-0.238,3831,62544,-3216,-1016,52227,22050,2790441,10618,415,6674,144569,50119,853,1154,113,3677,2644,127251,2065,6402,-1658,-1063,456,179,1358955,1870,16751,3706,27023,243612
6.132,-0.324,3930,58829,-3595,-1135,49324,20731,2642150,9452,531,4131,127975,48692,570,1064,111,3713,2251,120888,1896,5667,-211,-892,330,197,1345581,1908,16346,3753,26708,220917
6.134,-0.174,3527,55493,-3541,-1062,54516,18348,2852211,9116,664,4871,120233,50553,631,1097,183,4243,2533,130020,1837,5786,-1221,-1147,304,412,1328301,2683,16543,4002,27166,206717
6.137,0.344,2912,46328,-4197,-1507,53875,12523,3130097,7055,305,7916,89043,51929,465,956,153,3630,1795,130999,2420,5986,-936,-1225,354,328,1311515,2632,16931,3216,22034,157861
6.139,0.313,2483,44277,-3833,-1047,48496,12336,2750925,6409,-132,5921,89950,50453,534,776,153,3348,2036,117513,1153,4957,-967,-1261,422,205,1322986,2470,15778,3944,21677,155455
6.142,0.218,2809,46497,-4567,-1551,55222,12377,3119059,6897,34,7969,88495,51093,498,859,116,3897,2328,129097,1739,5881,-1547,-1214,277,234,1349773,2653,16364,3449,21515,157075
6.144,0.433,3026,45532,-3899,-1301,52853,11570,3022645,6809,251,8445,84214,50577,460,769,192,3544,2040,126782,1881,5601,-1897,-1742,376,361,1349021,2191,16381,3473,22603,151151
6.147,0.283,2830,45874,-4390,-1331,47024,10427,2972706,6529,533,8329,84113,47124,462,844,137,3170,1927,123660,1813,5302,-1079,-958,270,206,1349327,2332,16075,2896,22007,149773
6.148,0.226,3129,46837,-4251,-1310,48990,12852,2957777,7036,740,8059,88175,50042,551,778,79,3386,2047,120352,1341,5578,-2365,-1647,470,328,1348238,1966,16712,3073,22575,158029
6.151,0.165,3383,52456,-4353,-1401,51725,14997,3081575,8007,396,8547,103150,50296,448,893,259,3674,1897,127883,1795,5658,-752,-1382,470,192,1356311,2601,17356,3209,22467,181993
6.153,0.195,3511,55831,-4320,-1242,52358,15352,3130893,8169,60,7389,112480,50864,476,874,153,3842,2071,131393,1627,6095,-1694,-1747,425,285,1351466,2071,15804,3846,23262,195343
6.156,0.284,3921,56777,-3438,-1311,50300,18429,2932226,7997,275,6455,126568,50132,481,960,123,3727,2385,128420,1665,6178,-1613,-1687,443,329,1347368,2206,16565,3515,25878,213692
6.158,0.335,3088,52638,-4546,-1873,53799,15646,3075892,8383,183,7610,115384,50351,542,965,192,3505,2280,129107,1984,5923,-1781,-1870,477,226,1333633,2528,16048,3543,25478,195139
6.161,0.177,2909,45526,-4372,-1586,55005,11590,3192858,6170,253,9940,95834,49771,494,805,100,3749,2022,125611,1483,5696,-1021,-1232,341,319,1328611,2501,16239,4262,22173,162029
6.163,0.191,2940,46792,-4630,-1878,52777,11586,3240502,6729,166,10412,93722,51334,976,1516,77,3263,1978,123583,1723,5407,-1605,-1663,843,328,1359536,2510,17367,3421,22746,161769
6.166,0.229,2313,40859,-4835,-1725,47615,10259,3126046,5489,814,9695,83324,50064,458,720,195,3290,1923,121547,1668,6038,-1566,-756,346,256,1385972,2654,17333,3621,20947,142244
6.166,0.274,2313,40859,-4835,-1725,47615,10259,3126046,5489,814,9695,83324,50064,458,720,195,3290,1923,121547,1668,6038,-1566,-756,346,256,1385972,2654,17333,3621,20947,142244
6.168,0.137,2840,46369,-4251,-204,67828,15335,3573328,7768,673,9848,89108,50209,620,1000,109,4138,1926,144543,1900,6370,-2780,-2314,534,314,1860848,2262,18474,2656,20905,161420
6.169,0.058,2852,46609,-3609,279,56536,16376,3229075,6784,1208,8848,92148,51096,464,887,128,3386,1962,124072,1213,6202,-1361,-2191,503,296,1849439,2897,19126,2886,17352,164769
6.172,0.223,3325,54296,-3500,290,58887,21254,3286543,9196,614,9656,119960,49928,947,1844,151,3985,2541,130194,2318,5939,-1156,-903,730,195,1845397,2711,18699,2797,18218,208031
6.174,0.228,4044,62194,-3228,29,59622,22795,3374734,9974,526,10346,137857,52604,683,1021,96,3971,2630,133467,2346,6574,-2406,-2216,368,274,1869508,2469,19983,3094,23498,236864
6.177,0.29,3554,59831,-3985,311,60637,21874,3447309,10667,709,10170,138067,51465,646,1084,99,4448,2649,138807,2292,6830,-2130,-2709,494,207,1866456,2332,19694,3297,23424,233993
6.179,0.225,3205,54936,-4117,99,64411,19681,3424976,9135,790,10059,119298,50241,581,994,110,4222,2247,138125,1665,5882,-1235,-1396,432,165,1870380,2541,18459,2713,24017,206255
6.182,0.184,3350,53305,-3514,87,65458,18052,3400421,9044,1118,11011,112966,49461,816,1212,193,4123,2309,132390,1662,5909,-1752,-1660,413,228,1873949,2490,19281,3614,26529,196717
6.184,0.123,2839,48547,-3600,277,61947,16835,3297766,7881,477,11328,102312,48247,509,791,86,3696,2060,124004,1652,5280,-3083,-2339,682,362,1866639,2743,18194,2631,21395,178414
6.187,0.026,2944,50415,-3945,241,61072,17200,3571034,8350,932,12487,102073,49789,768,1324,201,3687,2322,129657,1761,5942,-969,-1819,426,397,1866849,2245,17504,3052,21350,180982
6.189,-0.164,2076,36832,-3041,-59,45316,11772,2578368,7623,136,9684,85954,44004,548,921,17,3338,1850,109391,1671,5067,-2175,-1939,375,399,1832089,2219,17173,2402,17506,144257
6.192,-0.129,3505,59783,-3469,-136,59426,24655,3217995,9718,1057,10766,136631,48598,675,995,99,3834,2317,125312,2218,5315,-2014,-1734,695,199,1857735,2437,18166,3030,20738,234292
6.193,0.026,4043,62235,-2818,257,56832,24971,3034397,11297,886,8177,144171,49294,533,1030,300,4140,2553,125351,2133,6238,-801,-2286,464,264,1852690,1687,18317,2699,23024,246717
6.196,0.019,4129,65844,-3013,-2,61184,23995,3158828,10449,48,7000,156673,49379,629,1301,155,4113,3154,136796,2687,6904,-1825,-2095,676,311,1864885,1971,19470,2946,28230,261090
6.198,0.277,4106,67002,-3343,-114,60836,24527,3284376,11908,1381,6802,154343,51145,464,1156,80,4432,3122,142701,2070,6700,-879,-2078,627,228,1859901,1971,18925,3542,28189,261886
6.199,-0.014,3954,62565,-3316,-296,63543,23176,3325564,10824,436,7353,143733,50808,902,1425,69,4546,3081,142657,2499,7060,-2296,-1709,734,251,1850131,2302,19364,3386,29067,244252
6.201,0.002,2640,42745,-1809,-318,54129,18689,2179175,9521,383,4890,129789,48142,634,1297,111,3907,2743,114563,1937,6060,-162,-845,351,439,1309094,2284,17508,3139,27127,203384
6.204,0.207,2482,43641,-3086,-587,59446,16541,2662723,8346,501,7032,103869,51160,591,1070,56,3830,2254,120680,2173,6157,-1200,-1013,418,227,1300071,2834,17864,3790,26106,174879
6.206,0.213,2469,42861,-2694,-75,58436,16152,2643361,7975,485,7517,102126,53725,475,776,58,3801,2232,118354,1918,6340,-1785,-1811,579,347,1308006,2879,16704,2897,28417,171583
6.211,0.328,1863,31443,-4604,-653,61979,9301,3199070,5677,532,11748,60707,49534,598,853,133,3304,1366,123782,2115,5527,-1092,-1267,311,201,1332818,2863,17188,3433,17749,108991
6.216,0.241,1924,34413,-3997,-568,58742,10325,3111710,6138,602,10063,65310,51110,385,760,118,3136,1494,125433,1635,5918,-1264,-1368,518,225,1361674,2372,15725,3283,16556,118110
6.221,0.181,2496,41431,-3561,-648,60450,13558,2888079,7440,592,9369,91228,52893,481,834,91,3797,1735,125328,1718,5294,-1390,-1633,321,258,1363599,2611,16078,2960,20419,156153
6.225,0.152,2496,41245,-3464,-283,55505,12577,2700639,7249,618,7500,83971,47621,580,873,146,3651,1963,114051,1518,5217,-1452,-1103,536,171,1353020,2623,15830,2053,21988,147538
6.23,-0.054,2496,42213,-3474,-340,62864,14604,2844823,7908,615,10746,89699,48664,475,763,35,3865,2118,121306,1488,5945,-2080,-2354,280,271,1344485,2584,16282,3347,24123,156920
6.235,0.047,2333,39234,-3082,-820,52034,14155,2710410,7439,1020,8799,86770,49309,559,796,102,3550,1891,114306,1410,5417,-1837,-1526,456,206,1297796,2148,16559,3225,22101,149931
6.24,-0.068,2551,46387,-3463,-760,55494,17945,2715345,8711,773,7247,111446,49949,598,989,201,3348,1819,119115,1639,6133,-924,-1414,389,172,1349112,2746,16216,3511,26650,187040
6.245,0.068,3416,50731,-3436,-749,55002,18535,2757058,9204,295,6459,123846,53383,512,893,158,3971,2722,122690,1700,5973,-1172,-1249,546,192,1373792,2803,17296,4476,29216,205732
6.249,0.54,2890,48814,-2985,-899,54877,18229,2809121,8658,162,7086,117035,49828,578,909,180,3966,2295,122070,2414,6321,-1470,-1223,334,238,1376599,2732,15320,4179,30265,195626
6.254,0.455,1813,35494,-4094,-898,56408,9057,2940938,5081,285,10548,66683,51921,370,631,104,3372,1792,109034,1456,5196,-1431,-1312,453,182,1342716,2443,16519,3556,21221,118128
6.259,0.507,1918,35030,-4062,-1286,52194,11182,2842048,5029,466,9365,64338,50684,510,672,99,3000,1897,108453,1378,5025,-1724,-974,459,195,1323913,2393,16096,3189,17650,117497
6.264,0.367,2324,42719,-3625,-830,52376,17240,2831593,5036,-121,10365,75232,49154,411,624,104,3085,2363,109620,1488,5515,-1413,-1114,422,269,1361474,2641,16330,3463,17912,142551
6.269,0.25,2962,47789,-3815,-947,53169,18116,2821148,7058,-243,10080,90334,50387,664,1424,134,3640,2463,111104,1746,6010,200,-586,388,185,1378330,2793,17614,2619,22760,166259
6.273,0.3,2642,44931,-3976,-1204,56749,13737,2952944,6791,687,12552,93306,50488,673,842,132,3654,2308,118232,1758,5621,-1650,-779,1041,240,1364675,2636,17218,2930,25752,161407
6.278,0.0,2571,44558,-3444,-802,58617,15233,2753706,8401,204,11459,109241,49701,832,925,96,3795,2035,115796,1398,5543,-2061,-1054,410,344,1356182,2442,16669,4328,29397,180004
6.283,-0.228,2860,50375,-3872,-1502,53693,18035,2682269,8960,107,8521,123255,52221,713,1077,140,3515,1974,120471,2104,6166,-1897,-1299,389,233,1313068,2078,16680,3457,26565,203485
6.288,-0.357,3788,60244,-2912,-1090,49096,25837,2427061,10116,-89,5764,148908,48357,683,1267,137,3948,3166,119072,2204,7207,-673,-970,441,318,1367053,2695,17371,3138,31044,248893
6.29,-0.159,3046,55818,-2353,-15,52435,32372,2401357,10657,780,6671,150461,48823,575,1111,124,4732,3795,125026,2633,7790,-986,-831,483,230,1365604,2753,17794,4001,28098,252354
6.294,0.125,2935,50677,-2992,-289,59207,22262,2871931,8646,-294,6842,110495,50965,615,891,105,4065,2660,126187,2426,6711,-1429,-1202,588,241,1342349,2998,16036,3597,33949,195015
6.299,-0.015,2188,38665,-3577,-590,52942,11881,3056359,7141,890,9580,78238,50280,532,770,77,3742,1972,127339,914,5756,-1099,-1344,388,134,1338455,2119,16411,2873,21123,138113
6.304,0.168,2336,38923,-3791,-892,54310,13312,3021232,6507,917,7088,77087,50364,387,682,113,3442,2411,120271,1711,6101,-1907,-2094,393,375,1341671,2110,16229,2835,17978,138165
6.31,0.057,2064,35411,-2869,-762,48584,12504,2682497,5946,1120,7854,81883,53459,482,814,142,3421,1847,120599,1612,5669,-1555,-1490,296,317,1344063,2171,14778,2939,17586,137808
6.317,0.232,2328,42655,-3577,-744,57698,14694,3101411,6854,741,7195,91650,55841,513,893,126,3901,1755,132109,1172,5726,-1448,-820,445,197,1358298,2431,16453,2936,20424,158181
6.323,0.139,2542,45255,-4231,-751,59188,15764,3210640,8191,832,8919,94663,52757,655,1888,73,4095,1552,130305,2522,5983,368,-396,590,251,1365385,2828,16701,3732,26777,166415
6.329,0.052,2622,42703,-3941,-1058,50244,14165,3081370,7617,672,10038,93523,55374,454,844,139,3349,1870,118765,1831,5532,-1026,-1719,519,285,1286550,2564,15631,3654,19779,160630
6.336,0.018,2544,44422,-3493,-1004,53472,17001,3052127,8062,457,8894,100222,51657,790,1159,72,3516,1942,119965,1442,5943,-1710,-1112,1188,346,1324660,2432,15658,2698,20586,172251
6.342,-0.006,2218,42544,-3067,-852,47424,14834,2471291,8704,1,6117,104342,47707,500,1000,91,3467,2342,116847,2107,5902,-991,-851,406,202,1338436,2284,16310,3004,24151,172642
6.348,0.264,2094,38488,-3279,-770,50600,10896,2611306,6904,144,6841,90008,55375,433,755,98,3312,2008,112770,1387,5569,-714,-1514,342,244,1341685,2843,16105,3215,21141,148390
6.355,0.369,3376,52745,-3770,-959,55769,19714,2948267,9185,548,8154,128616,50582,448,943,58,3863,2741,124510,2082,6947,-1109,-1963,610,264,1352191,2979,17381,3244,26158,213636
6.361,0.246,2812,43790,-3081,-1039,49705,15546,2579013,8517,568,7724,115504,47639,539,1041,139,3889,2252,110984,2160,5581,-361,-344,500,192,1314760,2561,15487,3032,27044,186169
6.367,0.464,3075,47884,-3610,-1133,52567,16492,2861153,7869,906,8612,114800,48046,478,890,169,3768,2425,119900,2098,6379,-635,-1697,690,191,1356914,2414,16511,3835,25083,190120
6.374,0.222,3206,49587,-3648,-1113,58398,15209,3087664,7934,227,9416,108750,50155,494,861,71,3867,2241,122900,2339,6122,-1959,-1746,376,273,1359192,2441,17194,3285,24809,184686
6.38,0.137,3336,51865,-3923,-1487,54478,18303,3103646,8122,3,9659,112860,53888,459,915,86,3936,2644,127429,1741,6459,-1357,-1207,347,225,1359850,2411,16524,2984,22669,194486
6.386,0.108,3158,52688,-4080,-1364,55176,16951,3084930,8599,284,8688,105421,51096,584,1292,126,3716,2519,121094,1773,6161,-207,-429,425,151,1360024,1771,16702,3307,24250,186817
6.387,0.169,2834,49315,-3545,-689,59739,18957,3094077,9032,567,9176,122968,53548,429,958,137,3985,2440,125753,2455,6280,-831,-1215,498,245,1381362,2610,18456,3218,26976,203106
6.39,0.104,2556,46098,-3534,-673,62859,16987,3129905,8108,121,9663,105630,53678,502,913,217,3998,2470,121895,2109,5348,-1514,-992,539,368,1370677,3130,17236,3213,24087,179379
6.392,0.423,2600,45239,-3634,-707,62354,15968,3081118,7989,165,10266,102167,53029,462,896,38,3850,2256,119635,1751,5410,-1433,-1199,713,296,1360216,2560,17565,4171,22558,173963
6.399,0.198,2558,44504,-2493,-278,57041,18205,2682325,8158,186,8561,103440,51307,449,902,98,3970,2249,119767,1976,6433,-498,-842,407,223,1330869,3051,16284,3203,22249,176865
6.406,0.256,2611,46238,-3302,-740,56061,18458,2870359,7934,581,6267,98398,49847,356,863,125,3935,2110,120351,1910,6277,-632,-1665,392,409,1361015,2837,16791,3528,21367,173639
6.412,0.08,2976,51659,-3205,-623,55779,21072,2928754,8790,392,8483,110965,54991,525,990,82,3832,2915,119845,2227,6629,-935,-1011,509,268,1381281,2292,17235,3521,27149,195462
6.418,0.026,3426,57094,-3357,-714,56565,23782,2905050,10877,831,8732,144679,52086,964,1282,190,3893,2909,121483,2567,6467,-978,-1198,552,227,1386800,2731,16860,3633,29667,239858
6.425,0.099,2054,40674,-2063,-336,48391,19896,1979206,10037,1122,4296,145727,46877,569,1206,176,3788,3292,102629,1601,5599,-778,-1716,542,201,1325416,2730,14750,3277,26696,218388
6.431,0.086,2561,49240,-3050,-470,54455,19883,2651542,9163,239,7010,116371,49545,525,954,119,4006,2711,114603,2128,6354,-925,-896,453,209,1350121,2879,15182,3222,28651,197218
6.437,0.334,3433,54236,-3164,-711,55450,22139,2668003,8996,342,8014,127118,50039,607,1136,156,3975,3008,115897,1976,5933,-1069,-1103,509,329,1340102,2954,16645,3749,27248,215922
6.444,0.268,3954,73469,-2827,-768,53411,42217,2372339,9673,782,7956,132098,48754,523,1089,216,4121,4603,104555,2238,7262,-500,-1118,634,206,1372836,2582,16678,3579,28436,261411
6.45,0.085,3955,67980,-3166,-1028,53256,32051,2555848,11244,61,7215,149293,49332,711,1374,104,4052,3435,116141,2533,6622,-1360,-1536,685,307,1376667,2395,16661,3652,31848,264523
6.456,0.431,3690,65885,-3087,-987,53586,30880,2623112,11173,1007,7875,151256,46910,503,1225,165,4168,4320,114832,3076,7616,221,-168,614,116,1373219,2363,16362,3609,30118,262884
6.463,0.372,4688,77502,-3036,-622,54925,37280,2616447,10909,509,8279,139690,48368,547,1079,144,4337,3494,108919,2464,6901,-972,-1003,388,287,1328299,2945,16998,3588,28503,270069
6.469,0.31,3430,57224,-3638,-1035,59348,21698,2813263,9926,391,8606,133610,51156,539,1074,190,4384,2705,112111,2440,6175,-1013,-1103,435,234,1364995,2450,16354,3829,30720,225888
6.481,0.209,3840,64578,-2300,-78,60407,32634,2587749,12393,1126,8440,166754,52331,591,1296,245,4436,3530,115086,2461,6814,-598,-1024,530,348,1366652,2559,17761,3699,33927,280199
6.489,0.249,3536,61838,-2714,-153,57204,31815,2640935,10552,1345,8409,153407,50509,542,1058,237,4405,3386,111346,2503,6360,-868,-1428,527,291,1349421,2737,17837,3487,27912,261148
6.496,0.386,3418,58238,-3386,-217,60242,26477,2870835,10644,1022,8949,154578,52244,624,1258,120,4130,3020,114715,2574,6811,-109,-262,453,155,1379795,2849,16671,4202,28212,253355
6.504,0.278,3679,54510,-2879,-392,60678,22349,2921864,10377,903,8711,141569,54466,545,1132,214,4485,2815,116620,1949,6080,-413,-703,458,286,1393444,2970,16607,3187,28566,232484
6.512,-0.162,3489,56034,-2831,-272,55153,22498,3056452,9643,487,9358,137357,54141,546,1036,82,4093,2760,113312,2156,5708,-1092,-783,470,351,1400968,2800,17027,3478,27794,229021
6.52,0.231,4083,59382,-3047,-428,53743,23492,3022194,10744,365,7599,150077,53944,616,1155,181,3873,2630,115545,2223,6951,-559,-1148,297,269,1387119,2495,16291,3878,30076,247778
6.528,0.26,3531,55923,-3886,-492,56964,20774,3042373,9840,170,8255,136810,50846,627,958,148,3839,2152,111703,2160,5906,-1133,-1370,342,196,1371382,2521,17193,3520,29597,226878
6.536,0.221,3385,51418,-3111,-731,56688,19413,2947710,8841,719,7998,126207,51605,687,943,106,3886,2396,110965,2127,5688,-1619,-1482,325,265,1346959,2788,17026,3947,25104,209264
6.544,0.149,3260,54489,-3025,-682,58332,20701,3030579,9760,740,7989,130384,51494,644,946,174,4164,2112,113042,2228,5792,-1638,-1663,451,300,1384676,2694,15581,2877,26962,218594
6.551,-0.017,2911,50669,-3125,-196,56164,20132,2996511,9187,981,7775,132270,50158,734,910,85,3789,2132,118054,1748,6230,-1569,-1600,422,325,1384403,2737,16156,4322,27572,215169
6.559,-0.004,3945,67204,-3163,-648,58859,31633,2633854,12805,715,6979,173014,52658,912,1346,200,4424,3548,120506,2566,7145,-1532,-824,627,341,1380489,2718,17055,4008,35484,288601
6.567,-0.155,3807,59552,-3191,-559,59899,25233,2777222,10951,953,5999,159755,52786,719,1181,130,4286,2925,126491,1882,7126,-1671,-928,501,354,1356474,2829,15391,3644,37433,259298
6.575,0.081,2857,51116,-3825,-862,55813,18595,3101624,9331,636,6681,125998,54371,569,873,107,3671,2307,124898,2149,6421,-1913,-1061,354,271,1337790,3264,16267,3168,25024,207897
6.583,0.166,3188,53275,-3664,-846,58107,19438,2942731,8919,612,7440,132669,53709,632,1080,117,3931,2404,125160,2106,6299,-756,-1129,373,172,1361602,1947,16647,3404,29588,217489
6.591,0.089,2860,48567,-3196,-930,58020,17261,2923221,8658,597,7562,121853,51688,557,1062,193,3846,2255,123253,2392,6287,-944,-907,362,250,1370558,2748,16012,4220,29078,199199
6.591,0.132,2860,48567,-3196,-930,58020,17261,2923221,8658,597,7562,121853,51688,557,1062,193,3846,2255,123253,2392,6287,-944,-907,362,250,1370558,2748,16012,4220,29078,199199
6.598,0.14,2809,47099,-3185,-832,50945,18312,2783873,8217,586,6811,118274,45406,466,865,161,3797,2470,116368,2098,6040,-765,-558,577,266,1374343,2882,17397,3375,27709,194711
6.606,0.177,2393,44507,-3402,-1191,54780,16323,2667731,8472,454,7540,107905,47694,463,914,165,3522,2732,116464,1988,5483,-920,-1459,322,313,1342196,2486,15833,3414,26040,179600
6.614,0.167,3306,60314,-3926,-1159,56278,29399,2890671,7417,369,9310,108605,50582,622,1165,174,4013,3694,108175,2500,5764,-1039,-629,538,272,1324043,3120,16999,3943,25887,209041
6.622,0.063,2949,58796,-3003,-658,48028,38499,2345639,8464,1027,8069,111785,43644,1366,1017,173,3529,5387,94781,2632,6678,-1369,-771,839,341,1360284,2379,16228,3839,25644,220493
6.625,-0.007,2624,48027,-3724,-995,53808,20484,2853650,7425,448,8737,106059,48055,707,1013,194,3465,3116,110097,2251,5986,-1706,-1338,428,262,1128339,2807,14357,4099,23192,184619
6.633,-0.087,3815,58976,-2862,-925,51481,22513,2704983,10265,141,7854,147773,49673,567,1326,111,3565,2691,111240,1956,6737,-481,-937,538,197,1120346,2650,14942,3294,31191,243342
6.641,-0.059,2852,49369,-3356,-1109,51204,17808,2936648,7430,-58,8028,109845,50735,393,914,105,3544,2058,117029,2282,6558,-365,-1314,444,212,1147011,2104,15716,3746,24604,187304
6.648,0.026,2291,43061,-4791,-1172,54602,14642,3219841,6900,563,9521,89155,50495,701,1059,40,3778,2020,119582,2135,5925,-1034,-747,535,213,1150859,3043,14564,3793,19248,156049
6.649,0.021,2543,43237,-4486,-1222,53346,12949,3311620,6802,120,8853,91444,51847,777,839,118,3218,1939,120877,1732,5881,-2106,-1147,502,386,1149996,3029,13739,3374,20776,156975
6.659,0.009,2368,42584,-3785,-576,54793,13348,2793879,7105,-59,7428,96837,50402,479,766,111,3588,1304,113350,1736,5244,-1510,-922,381,195,1372134,3210,16346,3461,22341,162242
6.667,0.036,2475,42501,-3004,-600,58247,14686,2615444,8523,584,6910,105703,49055,655,1009,191,3863,1799,115610,1890,5489,-1195,-601,435,318,1377674,3208,16309,3598,24420,173888
6.675,-0.595,2335,39925,-3316,-617,56129,12048,2766912,7534,111,8784,89584,48913,444,752,37,3902,2045,107650,2164,5493,-1231,-1065,423,270,1356816,2235,16737,4189,27677,151426
6.681,-0.18,2074,37675,-4250,-1041,59733,11459,2934042,6636,674,8540,85731,49887,368,821,103,3527,2086,111124,1468,5913,-573,-990,275,232,1315254,2850,16935,3801,23020,143575
6.686,-0.342,2834,50807,-3541,-1033,56114,17383,2807045,8928,65,8249,129053,50183,527,1140,147,3995,2480,120073,1941,6099,-901,-471,547,209,1351274,3456,16059,3308,29917,209005
6.692,-0.387,3372,54227,-3804,-944,55301,19678,2785094,10847,411,6264,131038,50098,670,1283,86,4065,2439,129485,1662,6817,-351,-680,386,171,1368047,3063,16908,3258,33676,219162
6.697,-0.118,2026,40168,-4527,-1546,55921,10272,3122585,6200,-51,8657,88215,51120,518,807,114,3373,1556,121807,2095,5368,-1106,-1251,404,247,1368875,2005,16349,3009,21496,146881
6.704,-0.054,2323,42624,-4173,-1107,56712,13242,3117923,7189,-170,9833,101778,50305,456,832,96,3458,1799,120014,1856,5734,-1115,-1426,355,342,1363424,2201,16828,3419,20730,167156
6.71,-0.01,2278,42213,-4327,-1280,55777,12027,2979693,7129,276,8569,95031,51065,616,784,154,3689,1329,118886,2333,5801,-1499,-968,339,205,1335665,3054,16156,3438,24602,158678
6.716,0.227,1378,32779,-3169,-889,43769,7792,2213000,5936,385,5794,76555,48424,685,711,69,3292,1614,93600,1366,4508,-1496,-1024,460,302,1325339,2066,15862,3177,23075,124440
6.72,0.252,1802,35572,-3174,-604,50186,10498,2623926,6500,825,7966,82087,49983,497,755,114,3836,1770,114603,1309,5129,-1050,-736,354,142,1338011,2852,16365,2659,23401,136459
6.73,-0.028,2199,43206,-3712,-511,61073,16136,3153552,7624,671,8689,100183,49986,876,957,70,3842,1845,123796,2371,6670,-1771,-612,331,229,1349033,2798,15370,3640,23355,169348
6.734,-0.329,2165,43973,-3711,-690,58303,15529,3131752,7698,548,8184,111292,52059,516,894,66,3515,1711,125480,2601,5783,-1903,-1431,363,355,1366750,2784,16448,3999,24601,180657
6.74,-0.092,2468,41915,-3829,-985,57212,13894,3140081,7254,20,8529,97112,53292,509,819,64,3614,1972,120895,1898,5283,-1719,-1071,255,229,1369732,2423,16219,3233,23796,162643
6.746,0.122,2329,39058,-3423,-757,56017,11857,3017339,6180,34,8797,88389,52602,408,869,122,3284,1828,116785,2110,5103,-64,-621,257,228,1358084,2215,16760,3594,19180,147813
6.752,0.232,2275,40836,-3631,-443,58947,13562,3324856,6047,274,9834,89300,53754,416,768,103,3725,1581,117074,1808,5203,-1157,-1124,443,230,1364236,3177,15960,3630,17444,152020
6.759,-0.002,2596,44247,-4197,-921,58743,14322,3198648,6588,1296,9394,100269,51384,488,854,117,3706,1955,120126,1725,5801,-1196,-1048,288,299,1349092,3265,16314,4189,22953,168022
6.764,-0.042,2404,41826,-4214,-602,57373,12466,3189705,7127,-64,9925,90050,53917,440,771,121,3760,2284,120219,1684,6059,-1375,-1206,522,324,1333326,2575,16552,3157,23649,153873
6.77,-0.063,2416,40894,-3322,-825,51473,12598,2953264,6250,437,7649,85964,50859,443,685,64,3202,1525,112963,1942,4906,-1993,-1097,450,315,1354027,2443,16247,2676,20273,148122
6.778,0.062,2628,46323,-3972,-761,57001,15241,3113700,7649,389,7513,104438,54879,511,844,100,4077,2125,130860,1405,5891,-1296,-1290,332,216,1362861,3021,16487,3869,24647,176279
6.782,0.208,2590,43673,-4153,-792,56982,12608,2945866,7249,-94,6947,97160,51800,1028,931,71,3885,2399,123346,1578,5635,-1540,-1238,694,197,1348463,2706,16104,3480,22578,163280
6.787,0.311,2850,46872,-3622,-936,57616,14449,3051151,8585,177,8063,107299,53412,546,904,42,3463,2052,124481,1654,5640,-1462,-1437,459,197,1307359,2297,16156,3229,25736,180055
6.796,0.244,2315,38973,-3585,-986,55120,10408,3062137,6088,469,7836,81521,52405,498,704,82,3267,1367,115772,1147,4819,-1365,-929,385,259,1344112,2119,16378,3449,19329,139305
6.799,0.419,2614,41412,-4375,-1079,60101,12020,3158468,6373,546,7975,90108,51891,501,868,109,3584,2060,122954,2074,5347,-1451,-1326,329,261,1356692,2224,16219,3844,21283,152527
6.805,0.291,2829,42544,-4494,-1321,58574,12363,3233539,6826,590,9387,95142,53202,550,920,176,3492,1797,122568,2240,5508,-1059,-794,362,286,1362053,3123,17006,3914,23460,159704
6.813,0.151,2726,45141,-4158,-801,56299,14695,3239614,6864,588,8913,102160,51104,532,939,96,3630,2312,120134,1087,5408,-992,-1423,341,302,1361354,2646,16025,2884,24287,171586
6.817,0.275,2593,42610,-4309,-1142,55860,12677,3226796,6851,341,9168,96314,52445,583,920,54,3598,1984,117009,1526,5207,-1858,-1233,384,355,1346338,2756,15928,3743,22831,161045
6.823,0.291,2587,41081,-4674,-1232,56265,10819,3206053,6392,-15,9449,92527,50213,553,844,85,3639,1962,115994,1878,5113,-1446,-883,372,204,1344477,2675,17694,3588,22009,153406
6.827,0.295,2112,36894,-3990,-902,54590,9460,2992890,6282,930,7973,85287,47559,546,738,168,3637,1318,111849,1957,5315,-1587,-1292,329,219,1380799,2707,17101,3260,23203,140035
6.835,0.245,2269,40627,-2867,-798,51732,13025,2907570,6945,-31,7566,91837,53033,441,695,36,3349,1820,105940,1776,5551,-2211,-1143,481,372,1328464,3046,15936,3695,24386,154703
6.843,-0.023,2534,43803,-3309,-523,50426,14614,2884183,7189,213,7652,96533,52620,553,841,122,3501,1789,109900,2030,5030,-1263,-657,419,302,1352663,2322,16521,3083,26534,164673
6.853,0.166,2345,42868,-3535,-855,50721,13762,2790184,6893,293,8141,96117,52076,440,967,102,3493,2121,105559,1566,5156,-713,-1188,574,311,1373945,2573,16346,3920,26029,161985
6.857,0.181,2614,43180,-4048,-452,54102,13916,3051618,6819,-55,8110,95322,53088,422,712,148,3430,2091,111178,1892,5521,-598,-903,399,315,1376831,2548,16213,3618,25815,161851
6.864,0.289,2457,42132,-3998,-792,52116,12890,3142422,6866,202,8185,88364,54527,789,938,115,3780,1991,110611,1676,4761,-1907,-1063,557,309,1360387,2042,16618,2934,22554,152709
6.871,0.147,2366,43318,-3771,-981,53358,12827,3021066,6794,244,6982,92062,52819,479,699,171,3352,1681,109624,1573,5576,-1670,-1963,406,338,1335148,2302,16435,3747,25242,157367
6.877,0.284,2178,40568,-3633,-1190,49101,12826,2882040,6029,1105,7534,89389,53382,577,800,88,3290,1939,104416,1719,5040,-1714,-1470,405,333,1309209,2301,15229,3915,21741,150990
6.884,0.217,2214,41039,-3732,-1251,50421,13104,2909725,6441,485,7190,92234,53564,405,768,114,3273,1759,109006,1031,5336,-923,-1062,312,275,1331493,2908,16607,3649,21676,155032
6.891,0.314,2373,42458,-3571,-1172,48701,12404,2941840,6444,396,7422,95324,51953,463,732,58,3015,1841,109653,1660,5474,-2034,-888,520,246,1348397,2404,16202,3556,21611,159003
6.903,0.287,2650,43703,-3357,-1112,50562,12206,2900944,6749,295,7086,93185,50183,499,773,91,3539,1649,109883,1313,5374,-1061,-1075,210,336,1350153,2939,16055,3187,23941,158493
6.905,0.329,2574,45356,-3641,-1019,50629,13465,2880120,7404,476,7380,95715,52541,552,823,88,3502,2379,110582,1171,5037,-1840,-1516,475,326,1337676,2186,15817,3670,27337,164514
6.912,0.132,1927,37716,-4252,-1203,49175,10076,2990125,5610,205,7317,73817,50426,436,963,119,3102,1645,111000,1298,4923,-414,-371,334,264,1303025,2387,15383,3330,19349,129146
6.919,0.163,2382,40672,-4040,-970,51306,12710,2977943,6074,526,8069,82445,48049,470,680,153,3308,1950,106531,1877,5042,-1375,-1413,286,259,1328196,1985,16464,3047,18549,144283
6.926,0.142,2574,44412,-3268,-826,48318,14651,2728291,6588,393,6536,101577,46503,465,823,16,3185,1873,108567,2127,6142,-1387,-1699,450,167,1346303,2395,15681,3083,23131,169802
6.933,0.209,2547,46878,-4007,-933,52750,12629,3061928,7338,-233,8116,106875,49515,538,813,55,3464,2373,114765,1807,6174,-1445,-1739,413,268,1363112,2495,16450,3675,25260,176267
6.94,0.233,2466,42263,-3987,-1300,48074,12746,3049845,6365,363,7641,88919,51256,573,851,96,3054,1580,110323,1141,4859,-1562,-1207,532,239,1337730,2044,15619,3600,18309,152759
6.947,0.143,2017,40813,-4091,-1177,44600,11843,2792929,6745,189,6940,95046,47681,479,634,24,3199,1669,109015,1425,5609,-1823,-974,453,286,1305041,2480,15015,2811,21068,156464
6.954,0.19,2614,44949,-4350,-1342,53889,13001,3087246,7846,31,7646,110253,48470,648,1080,121,3620,1736,118460,2286,6231,-1022,-876,569,201,1367736,2688,17957,3708,28388,178663
6.959,0.146,2150,42395,-3698,-764,50284,12650,3033247,7182,945,8065,89891,52117,1191,663,-12,3724,2319,117589,2090,4899,-1048,26,1067,284,1354038,2507,16590,3264,30315,154268
6.966,-0.071,1718,33851,-3221,-456,37973,8891,2640735,6198,275,6349,69661,46045,519,582,34,2787,1401,103132,1475,4742,-1907,-807,366,346,1304933,2132,14759,3163,20168,120319
6.972,0.141,3244,55004,-3275,-476,48576,20126,2891895,9117,481,6376,135910,53273,622,931,81,3583,2504,123094,1445,6726,-1163,-926,518,224,1366480,2596,16825,4040,30870,223401
6.977,0.203,3061,52248,-3377,-476,48840,19192,2905813,9566,446,5957,128944,52216,726,952,87,3682,2532,126195,1958,6596,-1130,-1217,417,230,1377880,2170,16995,3132,30163,213011
6.982,0.624,2740,43946,-3495,-781,48941,14039,2871765,6511,1213,6805,93369,51459,434,801,174,3480,1943,118445,1746,5337,-460,-1184,473,396,1374674,2990,15322,2729,22449,160605
6.99,0.453,2375,40910,-3219,-618,54996,13177,2905973,7012,536,6781,92093,51976,629,858,63,3575,1820,120679,1757,5476,-1599,-1464,433,332,1359915,2716,16295,3080,23163,155567
6.994,0.553,2069,39133,-4230,-838,55842,10521,3126954,5543,20,8281,80294,48775,504,707,74,3418,1574,117482,1753,4952,-1788,-1082,470,200,1333313,2509,15634,3178,21079,137560
6.998,0.436,1914,37369,-3905,-926,52129,9119,3001094,5640,257,7987,73703,52581,461,677,122,3340,1446,108776,1499,4145,-1828,-1229,387,280,1326480,1936,16199,3705,22030,127745
7.004,0.223,2301,37282,-4193,-891,49114,9602,3018916,5390,272,7535,69254,50746,419,672,66,3041,1442,109385,1721,5016,-1818,-1958,338,288,1366423,2664,16220,3584,19409,123829
7.011,0.127,2257,41903,-4607,-1223,49458,11059,3287760,6120,-21,7335,75947,53949,456,695,48,3152,1734,116061,1055,4810,-2311,-1892,534,425,1351768,2770,15633,2978,21358,137286
7.014,0.109,2545,41920,-3106,-1427,43782,12725,2868650,6031,1345,6064,85596,51736,454,635,35,2829,1736,108223,1142,5355,-1855,-1373,360,192,1331364,2227,16010,2732,21466,148817
7.02,0.21,2233,41604,-3932,-887,44137,12202,2907901,6519,305,6336,93018,48379,627,730,103,3131,1987,115326,1365,5513,-1968,-572,305,217,1313616,2788,15706,3483,22109,155576
7.028,0.452,2416,42886,-4169,-1378,44931,11996,2991296,5483,-301,6541,85490,51476,435,665,73,3087,1767,113934,1600,6222,-1505,-956,478,228,1321810,2868,15504,3850,23643,148271
7.03,0.314,2095,40935,-3985,-809,46358,12092,2948554,5288,41,6791,76665,48769,474,732,57,3413,1951,111545,1594,5209,-1665,-1675,377,209,1339434,3595,16242,3667,23243,137075
7.036,0.431,1572,42355,-4331,-1314,41358,20545,2869006,5755,910,7357,70591,55153,531,710,172,2791,2513,107824,1594,5663,-2072,-1773,463,319,1336041,1879,15315,2854,16111,140818
7.041,0.32,3183,62518,-3092,-1307,41901,31086,2580666,6706,964,6463,86894,44579,468,1002,161,2842,3867,103096,1890,6176,-792,-1411,502,134,1347177,2586,16739,2988,17597,190387
7.046,-0.048,2318,46280,-4242,-1447,48349,12534,3043772,6461,194,5946,88449,48950,540,784,126,3076,2013,120648,1839,5806,-1907,-1963,336,271,1340040,2043,16443,2785,22933,156042
7.051,0.296,2166,43500,-3878,-1352,45001,12141,2598321,5986,1199,4727,89221,47998,722,831,66,3270,1902,111723,1239,5182,-2454,-1702,441,463,1292831,2072,17908,3500,22098,153014
7.057,0.369,1369,29753,-2509,-855,46449,10404,2534545,5309,1489,6242,68202,49943,532,707,82,2758,1348,102376,1641,4628,-2052,-1555,492,288,1307028,2300,15823,2727,19720,115037
7.062,0.309,2380,39717,-3630,-449,50492,13024,3169770,6140,299,7832,79493,49329,496,765,53,2977,1537,116377,1692,4787,-2046,-1418,378,292,1304070,2204,16471,3596,20246,140754
7.069,0.312,2749,48682,-3500,-856,46532,15687,3039307,7381,1016,6128,102344,51394,514,980,93,2811,1818,125479,1741,5881,-808,-619,347,329,1337379,3064,15043,3263,22931,176843
7.076,0.441,2829,49379,-3659,-478,54242,15672,3123403,8241,518,4916,103494,49910,2518,913,133,3521,1841,135094,1875,5687,-367,301,548,171,1371877,2826,16627,3314,28273,179615
7.079,0.34,2711,44342,-3199,-489,53461,12661,3025546,7527,299,6580,86055,53699,765,803,191,3638,1731,123209,2020,5511,-1806,-1629,376,335,1369786,2441,16277,3411,28347,153296
7.085,0.55,2598,44245,-3263,-766,51000,13511,2927862,7273,546,5576,95224,51221,737,882,64,3342,1873,123398,1294,5780,-1524,-792,482,242,1363568,3042,15652,3423,26548,162851
7.091,0.573,2069,36985,-5034,-1117,50877,8840,3518306,5183,6,8460,62491,49368,411,592,191,2804,1193,119696,1661,5539,-1102,-1740,585,322,1345301,2812,16480,3519,17359,115568
7.097,0.543,2165,43184,-4269,-1226,53524,11614,3424242,5912,592,7818,85042,51107,474,729,190,3183,1631,122991,1779,6005,-1470,-1171,420,367,1320930,2582,17051,3585,19107,147917
7.103,0.539,2238,43680,-4236,-1000,53271,11444,3385209,6172,263,8137,92018,51527,377,781,192,3568,1640,123032,1080,6008,-700,-1032,345,311,1344069,2845,16536,3920,21717,155552
7.109,0.497,2656,45106,-4201,-802,57105,12367,3195567,6808,525,7454,94680,49296,555,814,212,4120,1540,125558,1983,5921,-1368,-1576,289,383,1367159,2215,16743,3633,24979,161617
7.115,0.527,2383,42141,-4615,-1004,58216,11803,3217599,6829,563,7305,90240,51162,579,852,158,3648,1890,125658,1839,5642,-1567,-1192,477,261,1369908,3324,16134,3561,25998,153396
7.121,0.669,1923,36200,-4732,-1201,56231,8449,3290890,5485,529,8432,67951,51299,582,644,79,3234,1123,116956,1376,4919,-1995,-1166,317,239,1348778,2471,16686,3504,18058,120008
7.127,0.739,1926,37045,-5248,-1395,55542,7475,3468542,4957,302,8689,67690,50005,592,714,113,3472,1168,119260,1299,5142,-1630,-926,307,320,1308523,3414,15395,3521,16589,119093
7.133,0.735,2113,48251,-4728,-888,53808,9297,3233205,5752,105,7632,76422,51265,2667,1178,-40,4066,1685,127564,1209,5681,-988,556,1809,273,1346867,2592,15912,3909,23077,141835
7.138,0.602,2113,43247,-4275,1051,54056,9452,3211401,5694,517,5096,108316,51350,63428,2517,-376,4583,1329,132009,1482,5420,1665,1371,8818,4,1351259,2142,16643,3511,21555,168822
7.145,0.593,2090,43973,-4497,-1169,57519,11337,3114079,6717,90,6222,77235,51732,820,990,138,3908,1910,133534,1348,5306,-2032,-939,651,272,1361705,2067,17366,2873,24541,141352
7.153,0.332,2339,43714,-4747,-1359,55029,10713,3329367,6534,172,8363,84564,51614,531,918,93,3669,1576,121646,1469,5986,-1365,-830,379,313,1353776,3086,15917,3528,23120,147864
7.161,0.377,2678,51575,-3730,-812,58467,17878,3048728,8079,1058,7460,112271,51119,553,937,143,4100,2401,124714,1752,6814,-1171,-1565,516,243,1373754,2827,16578,2994,24262,192481
7.166,0.645,2454,48992,-3910,-1713,51633,19464,2671731,8707,1254,6766,110494,49217,533,844,120,4187,2768,121639,1659,7093,-1418,-1473,450,298,1390617,2621,16800,4270,29718,190111
7.171,0.423,2830,54054,-2789,-404,50061,22613,2714707,8433,250,6445,97983,51279,660,1020,127,3490,2351,115932,2587,6447,-1480,-1232,453,271,1330548,2791,17599,3680,26987,185913
7.18,0.839,2195,37339,-4434,-770,47192,9042,3286396,4693,485,7920,60410,51038,432,606,113,2693,1455,105012,1446,5064,-1483,-1019,374,315,1343968,2258,17063,2945,16345,113679
7.186,0.786,2374,41441,-4093,-1173,48223,11824,3219504,5723,1255,7487,72479,52817,1825,2619,27,2615,1371,108021,1690,5090,-1168,-328,925,276,1340873,2496,16688,3429,18206,133841
7.192,0.758,2286,42544,-3855,-453,52580,11843,3164452,6375,537,8399,78947,54046,496,749,168,3371,1931,111297,1787,4533,-1339,-945,370,229,1360596,2760,16321,3007,23699,141995
7.198,0.544,2807,45731,-3583,-885,52164,12873,3128560,7371,-18,8259,88695,54328,525,870,211,3330,1573,110349,1289,5816,-1460,-916,438,232,1372564,2408,16789,3189,29476,157477
7.204,0.368,2657,49066,-3406,-924,46554,16750,2843546,7893,819,7260,103507,54248,514,967,135,3369,2349,106507,1767,5655,-891,-1448,471,308,1348494,3097,16526,3081,25379,179873
7.207,0.734,3236,53120,-3332,-760,48938,17919,2961687,8550,546,7180,117436,53420,516,928,140,3337,2405,112476,2189,5344,-718,-1295,314,242,1313803,2770,16893,3953,27324,200261
7.21,0.248,3158,54357,-3569,-636,53028,18835,2936504,8979,138,6446,139874,50518,608,1464,176,3631,2565,112796,2446,5828,-493,-705,633,279,1376864,2536,16674,3111,30762,225203
7.213,0.745,3132,49337,-3107,-828,45942,15335,2611727,8267,176,5159,112665,49312,556,869,45,3192,2390,100645,1817,4995,-1754,-1364,480,361,1369257,2471,15733,3038,29895,188736
7.219,0.644,3362,56846,-3214,-686,50202,20039,2781917,8791,562,6036,140226,50284,536,986,38,3750,2395,109955,2413,6117,-1227,-992,412,365,1388844,3160,15704,3638,30316,229264
7.225,0.669,3567,53170,-3625,-601,49279,16888,2904030,8329,439,5912,123149,50262,537,1018,132,3377,2587,110965,1894,5809,-374,-953,415,289,1375969,2625,16819,3830,28524,205103
7.231,0.809,2996,48875,-3355,-1023,45398,16022,2723118,7768,27,5310,111932,49648,528,886,74,3194,2316,101144,2062,5018,-1115,-915,373,164,1333570,2901,15910,3371,27474,187593
7.237,0.645,3341,53026,-3608,-1027,48838,16606,2775653,8814,96,6170,125212,48790,627,1092,118,3586,2374,104950,2120,5287,-986,-539,324,202,1329346,2690,16462,3627,31828,206999
7.243,0.613,3096,54822,-3678,-1108,49609,16813,3035400,8319,827,6065,122119,51073,566,978,164,3527,2696,111200,1890,5732,-1123,-833,363,199,1368615,2595,16639,3365,28185,205169
7.251,0.693,2881,53163,-3954,-1128,51535,16825,2963800,8027,800,5567,124403,50741,542,963,162,3716,2316,113070,2025,5644,-1116,-1000,422,243,1375164,2671,17460,3595,28312,205299
7.259,0.71,3207,54217,-4271,-1148,54550,17964,3024677,8000,380,5616,122681,50329,468,931,103,3480,2466,113540,1661,5498,-1271,-1011,498,377,1368578,3266,17200,3661,27042,206069
7.266,0.515,2913,54332,-3955,-1367,53145,16354,2909348,8384,161,5400,123087,51029,515,827,161,3931,2249,109375,1894,6086,-1661,-1569,501,344,1349324,2988,16592,3985,28484,205070
7.274,0.766,2718,50269,-4198,-1499,54161,15364,2841299,7448,869,5203,111274,49109,1070,1162,141,3591,2409,107353,1970,5386,-1754,-1067,844,268,1317855,2889,15203,3371,25629,187073
7.291,0.803,2641,46248,-3094,-561,54453,16678,2854641,7164,669,5190,107169,52303,432,778,129,3687,2001,109291,1929,5257,-1430,-1680,321,274,1320253,3247,16671,2495,26800,179900
7.299,0.722,2888,47615,-3838,-769,51770,13990,3229715,7122,1126,5729,100024,52039,491,849,43,3426,1941,110888,1510,4969,-1380,-1130,398,229,1337446,2742,15588,4053,24089,171639
7.307,0.644,1448,34762,-4298,-864,52749,10526,2956921,5277,1077,5721,77130,48565,392,724,80,2732,1657,104763,1253,5168,-689,-975,250,257,1351699,2951,15994,3559,20525,129143
7.314,0.828,2176,42223,-4303,-1155,49260,12289,3351534,5883,170,5821,87612,53752,528,729,79,2702,1620,111456,1565,5175,-1736,-1151,443,260,1355855,2195,15687,2946,22245,150183
7.322,0.701,2760,45296,-4569,-946,50714,11111,3511881,6572,564,5520,84770,52785,575,693,146,2976,1448,111182,1663,5167,-1595,-850,331,317,1358687,3290,16262,3054,27598,150509
7.329,0.743,1332,31595,-3544,-1234,48600,10455,2675969,5128,1156,4199,72880,50116,470,587,81,2804,1427,98060,1439,5028,-1602,-1304,405,218,1301031,2467,16285,2446,21449,121390
7.337,0.732,2353,42425,-4987,-1083,51642,9436,3615073,5321,286,5393,73108,52069,600,675,94,2995,1842,113231,1312,5289,-2040,-1166,383,211,1313849,3278,15742,3587,22074,132643
7.344,0.767,2727,47249,-4522,-783,46130,12671,3490281,6099,149,5632,96907,50409,403,760,119,3003,1778,116785,1459,5080,-756,-1034,424,366,1338597,2245,16349,3221,23934,165653
7.352,0.839,2249,44580,-3466,-969,48906,12285,3062872,7035,315,4809,100537,50022,532,883,90,3344,2288,116028,1452,5584,-1292,-1475,408,318,1359423,2883,16734,2900,29546,166686
7.359,0.915,2467,45009,-4611,-1140,55367,12150,3314981,6690,322,5302,95341,53668,439,768,99,3649,1931,115909,1157,5734,-1905,-1196,390,487,1361968,2101,15240,3326,24404,161657
7.367,0.956,2422,40590,-4770,-994,51631,8765,3561894,5106,101,5693,74962,52177,351,553,89,3177,1296,111709,921,5582,-1156,-1449,321,357,1343930,2912,16103,3094,20744,131845
7.374,0.875,1932,39699,-5438,-1810,51008,9070,3462586,5645,445,5894,77842,54369,430,643,82,3017,1962,112038,1706,5348,-1294,-877,322,179,1315966,2952,14945,3364,21334,134188
7.382,0.836,2229,43143,-5613,-816,52509,10028,3481060,5658,433,6414,84187,51456,474,709,145,3305,1713,113357,1459,5262,-1414,-1034,411,286,1348634,2659,15865,3507,24063,145245
7.39,0.729,3087,44632,-4691,-1708,52019,10572,3347424,6321,349,6244,93851,53370,568,809,115,3479,1915,112171,1204,4541,-1997,-1213,441,372,1363994,2426,16316,2845,28879,158463
7.397,0.736,2312,41563,-5417,-1494,56395,7305,3482306,5479,377,6703,79604,48892,560,694,128,3483,1607,112632,1894,4924,-1549,-1177,584,282,1362841,2516,15980,2889,23364,136263
7.405,0.634,2401,41196,-5415,-1385,55346,7828,3481592,5987,-127,7020,81391,50502,454,817,146,3242,2397,109871,1268,5449,-1344,-1419,417,404,1359123,2817,16048,3641,24266,138803
7.409,0.73,1696,36429,-5792,-1677,53783,7023,3607483,4913,395,6466,66595,51644,440,642,187,3063,1432,112532,1377,4954,-889,-803,308,208,1322302,2227,16518,3408,18479,116656
7.412,0.679,997,25537,-3926,-1443,40634,5015,2619704,3833,474,4634,48629,46637,429,717,180,2837,1215,102483,1195,4332,-844,-1010,517,324,1341538,2017,15673,3785,17334,84011
7.413,0.627,1242,28073,-4809,-1359,46591,5854,2838635,3385,857,4997,51184,53595,424,643,47,2949,1113,101538,832,4344,-1967,-1165,454,273,1340848,2345,15784,2898,17808,89738
7.42,0.654,1284,24028,-2683,-1404,27621,4663,1989490,3105,1500,3364,43149,47215,365,629,144,1645,1194,78719,1026,4277,-729,-951,462,193,1299779,1963,14163,2930,17027,76229
7.421,0.712,1350,27043,-2959,-1360,30974,5886,2202232,3497,1584,3256,46911,50748,422,518,67,1995,1426,84453,693,3453,-1945,-1004,355,311,1289710,1943,14855,2430,16771,84687
7.428,0.855,1909,38033,-3892,-1245,45082,9300,2654276,5282,1049,4795,74640,49592,636,849,186,2832,1596,103176,1549,5353,-1479,-1681,488,261,1327643,1953,15174,3186,23002,129164
7.432,0.757,1672,30389,-3046,-813,39061,7281,2151154,5945,524,3846,70806,40005,463,818,64,2836,1697,96346,1520,5231,-1583,-1367,476,356,1341753,2411,15862,3338,25030,116093
7.441,0.799,2629,45440,-3591,-899,50301,12448,2992949,6981,478,5381,87912,52908,634,808,185,3174,1721,113736,1639,4816,-1325,-924,399,210,1302253,2684,16303,3826,28112,155410
7.446,0.873,2017,35303,-4958,-966,53596,8332,3384188,4507,-86,6444,59009,51102,508,931,120,3070,1447,115183,1498,4737,-898,-817,347,250,1358779,2386,16394,2758,19737,109168
7.451,0.832,1559,31632,-4019,-1239,44804,6792,2856018,4447,1070,5418,53419,48161,501,637,63,3140,1094,107379,1343,4759,-1912,-1060,438,529,1362690,1868,15156,3257,20044,97849
7.456,0.668,2082,37559,-3225,-1179,43401,8880,2450781,5515,1437,4463,70073,52535,455,634,104,2842,1413,90302,1437,4495,-1612,-1174,280,258,1366699,1955,15356,2744,24729,124109
7.46,0.578,2415,43401,-3671,-608,49721,11122,2903575,6428,387,5838,83731,49385,551,907,91,3271,1692,107945,1680,4566,-1378,-1542,359,364,1366290,3300,16427,3900,27300,147097
7.465,0.69,2371,41370,-4108,-1136,45808,11134,3118050,6325,1778,5961,72481,52786,433,765,170,2750,1400,104944,1800,4939,-1191,-1049,393,284,1333135,1777,16830,3080,21992,133681
7.47,0.473,1592,32614,-2948,-965,32755,9551,2235874,5532,1636,3783,74399,53931,467,867,107,1986,1579,84721,1430,3910,-875,-470,306,220,1245621,1882,14747,3139,20063,123688
7.475,0.783,3110,50179,-3896,-1115,50641,13889,2983047,8198,651,4839,104105,53649,502,952,182,3212,1511,105166,1993,5900,-759,-1547,442,296,1348765,2903,17506,2872,32460,179481
7.479,0.855,2787,48074,-3241,-672,43900,12616,2782061,7140,428,5237,103706,51347,523,851,146,2353,2056,101212,2182,5258,-230,-1562,454,257,1348242,2742,16731,3735,34665,174323
7.484,0.847,1878,35905,-3813,-944,43657,7811,2791660,5105,1087,5530,60822,54102,512,656,88,2671,1378,96021,1340,4236,-1855,-1300,451,296,1337506,1846,15677,2887,21670,111521
7.489,0.851,1959,38726,-5068,-1486,52195,8884,3391456,5717,691,5921,66826,50981,541,670,84,3029,1473,109869,1450,4567,-2324,-1912,578,275,1319143,2208,15993,2756,18859,122112
7.493,0.935,2256,42195,-4543,-1388,49790,9069,3286072,5702,417,6773,72499,52503,502,925,140,3151,1352,107600,1420,5308,-1259,-1139,336,298,1308784,2957,14767,3659,20881,131721
7.498,0.775,1471,33645,-3145,-1167,41290,6524,2321497,5019,394,5564,68739,46979,398,595,48,2580,1212,82628,1391,4023,-1463,-818,418,402,1291278,2616,14980,3177,21683,115398
7.5,0.889,2534,42909,-3244,-460,56075,12603,2950605,7260,433,6639,90388,46905,538,857,109,3252,1927,110652,1708,4652,-1387,-1243,428,326,1343522,2686,16114,4288,27938,155694
7.505,0.754,2031,40869,-3624,-866,54897,11325,2984206,6026,173,6841,86061,54296,486,721,37,3422,2182,104552,1567,5049,-1231,-1313,538,295,1326835,2530,16014,3167,24305,146312
7.51,0.811,2072,37206,-4614,-741,52436,8751,3358002,5088,283,7216,61761,54629,410,608,65,2728,1220,103873,1020,4959,-1622,-1544,288,278,1348611,2869,15181,3412,19161,114878
7.514,0.866,2210,37777,-3732,-674,52022,10478,3104741,5168,688,6623,67246,53574,555,682,31,2712,1583,101497,1259,4731,-1359,-1019,491,231,1356484,3477,15113,3375,22209,122879
7.519,0.98,2398,41100,-3610,-923,52621,11962,2990736,6157,443,5751,81367,51109,516,695,169,3020,1449,107178,1905,4968,-862,-1159,326,154,1351883,2684,16061,2888,25495,142984
7.524,0.871,2477,46195,-3460,-821,48346,12683,2906503,6401,866,4554,79426,52709,1944,1219,114,3186,1571,107763,1720,4778,-1456,47,424,258,1335211,2719,15468,3919,31244,147182
7.528,0.955,2084,43172,-3052,-443,48805,13001,2790686,6348,865,4730,89560,53450,560,791,99,3392,2097,106587,1180,4353,-1810,-585,282,340,1307074,1924,14806,3319,27442,154165
7.533,0.976,1666,37764,-4426,-1214,51812,9190,3269494,4613,19,6372,64979,53118,458,643,125,2899,1246,108216,1525,4629,-1508,-1046,357,220,1322829,2274,14715,2590,18981,118212
7.538,1.122,1769,42272,-4860,-849,54494,9362,3369443,6004,40,6411,68123,52344,373,641,175,3126,1820,110485,1479,4761,-1028,-1109,259,310,1355556,3025,16450,3904,22261,127530
7.543,1.063,2386,45057,-4101,-718,54695,12351,3110418,6798,226,6279,90161,51516,503,791,59,3411,1646,111306,1695,4983,-1722,-1344,434,321,1364565,2671,16594,4100,25254,156753
7.547,1.028,2543,49288,-3725,-872,53528,11425,3046540,6932,405,5781,80523,54439,758,1057,186,3281,1843,110414,1703,5411,-1794,-1105,558,349,1360291,3126,16152,2839,29752,150711
7.552,1.097,2523,46179,-3771,-1094,52148,12109,2987890,6229,672,5450,78968,53527,529,720,155,3152,1428,107269,1437,4848,-2150,-1765,352,445,1319232,2622,15761,3678,24723,146008
7.557,1.085,1988,38838,-4213,-1136,52003,9696,3057819,5218,356,5428,66525,54360,454,723,102,3313,1362,106262,1379,4493,-1833,-1057,270,249,1295405,2041,15343,2756,22132,122265
7.561,0.912,2182,43568,-4947,-1207,54641,9608,3261554,5556,263,6159,74154,52809,484,798,170,3355,1539,108387,1674,5184,-1643,-1953,330,416,1341558,2687,17092,3836,22337,135068
7.566,1.107,2542,46184,-4456,-1192,54755,11680,3253596,6250,22,6144,84555,50975,546,762,138,3370,1688,110400,1678,5325,-2496,-1586,479,271,1348237,2603,17332,3019,24371,151211
7.571,0.855,2371,48521,-4861,-1274,55977,12892,3156438,6285,56,5868,77152,51569,523,851,97,3352,1985,108545,1968,5003,-1169,-1070,182,182,1353055,2952,16351,3631,25109,147221
7.577,0.86,2728,59311,-3362,-948,49510,23279,2579742,6991,1311,5682,78349,49792,496,760,116,3354,2569,96893,1762,4895,-2150,-2020,524,292,1337686,2319,16684,3090,22334,170658
7.582,0.994,2011,47283,-4289,-1114,50633,14866,3009576,5556,708,6329,69236,48677,578,735,87,2921,2679,98812,1636,5550,-2467,-1934,549,335,1315621,2271,16262,3301,22517,138952
7.587,0.957,1847,37934,-5400,-1267,56445,7472,3361697,5442,683,7310,57573,47530,471,587,172,2986,1523,106884,1401,4215,-1451,-1099,246,269,1353796,2237,15595,2819,23012,110268
7.594,1.046,2299,45934,-5193,-226,58622,12837,3569245,6324,1169,6564,79972,48527,658,802,122,3432,1629,120798,1104,5700,-2610,-2184,470,200,1831617,2265,18035,2949,20288,147366
7.6,1.196,2500,45417,-4042,1,55028,11507,3295802,6220,1584,6896,79165,50404,717,762,64,3507,1764,113525,1387,4331,-3662,-2751,399,391,1850305,2242,18642,2982,22003,144809
7.605,1.098,3201,50442,-5234,-745,58562,12726,3576406,7391,392,6862,91566,50142,743,859,105,3915,1817,121755,1871,4554,-2494,-1680,387,260,1854794,1927,18953,3172,22770,165326
7.61,1.174,2691,48294,-4831,-481,57025,12300,3575554,6299,991,7177,82345,51374,710,819,143,3323,1920,115146,1629,4772,-3245,-2195,399,333,1859290,2111,18429,3073,20416,151929
7.615,1.172,2736,47231,-4535,-534,51638,12412,3334604,5712,912,6526,80779,50050,566,751,200,3143,1524,105654,1616,4656,-2027,-2365,460,355,1851865,2170,18781,2138,20116,148870
7.621,1.136,2577,51781,-4454,-737,55186,12354,3619867,6972,930,7260,89263,49998,434,848,159,3293,1211,113238,1360,5297,-1853,-2716,372,416,1843465,2664,18641,2781,19351,162947
7.631,1.012,2628,49759,-4292,-149,60875,12591,3398681,7031,667,7569,84555,48682,574,868,72,3875,1630,112197,1470,5280,-2140,-1865,563,172,1851269,2095,18298,2863,20979,156564
7.636,1.0,2856,49197,-5150,-684,54415,11083,3525628,5957,423,7142,83970,49457,383,862,94,3435,1966,112924,1580,5454,-1609,-2700,413,286,1854681,2562,18752,2194,17679,153063
7.642,0.997,2621,48382,-5050,-652,54005,10938,3435720,6087,950,6867,77101,48196,486,883,102,3513,1608,109459,1039,5078,-2071,-1917,414,389,1851612,1998,17208,2457,18398,145129
7.647,1.138,2995,51843,-4476,-602,55356,13135,3393978,7793,714,6310,88926,46324,554,841,120,3359,1909,113164,1822,4719,-2458,-2328,460,273,1843776,2827,17600,2414,20001,164692
7.652,1.059,3108,52313,-4538,-511,52106,13722,3243720,7021,1045,6053,89545,45531,1021,1139,124,3418,1917,110002,1603,4666,-3192,-2163,757,335,1824847,2009,18103,2762,20253,165709
7.657,1.082,2897,49028,-4351,-479,53139,12145,3243304,6681,1098,6435,81744,46820,460,816,69,3373,1353,108101,1681,4443,-2445,-2682,422,362,1828120,1753,18019,2368,18562,152495
7.663,1.175,2180,44922,-4686,-724,55336,12139,3177999,6086,1129,5823,83039,45591,573,840,82,3164,2103,104747,1568,5079,-2138,-1741,469,190,1844463,2194,18070,2164,16611,148366
7.668,1.146,2387,48327,-4396,-654,52436,10327,3045280,5817,1249,5870,81623,46693,1040,1037,133,3220,1943,104007,1944,4144,-2323,-1189,449,141,1841575,2222,18394,3147,18296,148481
7.673,0.881,2674,50323,-4536,-566,57923,12476,3207518,6779,509,6209,97568,46109,486,837,150,3956,2183,111597,1652,4744,-2138,-2132,606,293,1840830,1696,18609,2800,19003,169820
7.678,1.022,3003,56302,-5213,-1281,55703,13926,3367733,7919,1071,6589,106204,47773,549,972,137,3446,2195,120727,1616,5299,-2137,-2589,461,219,1832229,2894,18232,2902,21092,187354
7.684,1.204,3102,58501,-4738,-788,60770,16039,3382607,8431,837,5646,112974,48776,526,984,251,4017,2333,118294,1514,5667,-2116,-2316,642,359,1854452,2508,18145,3387,22098,199047
7.692,1.274,2514,48186,-3321,-164,52243,15143,2896111,7019,887,5385,91051,43769,491,858,145,4053,2494,109885,1443,5064,-2511,-2836,558,398,1824277,2087,17744,3517,18653,163913
7.699,1.158,3394,62207,-3408,195,60154,21418,3145899,8444,955,6544,112716,48507,419,942,141,3743,2844,110577,1896,5499,-621,-1988,295,356,1832292,2300,18466,2611,20705,208179
7.705,1.054,4532,83358,-2368,-115,52557,41293,2818237,10334,851,6008,131790,48847,539,1211,188,3708,4524,103538,2381,7362,-1283,-1793,574,256,1854650,2454,17856,2903,24271,271307
7.712,1.16,3225,57136,-3254,-208,54114,18522,3060352,7883,861,5511,114539,49093,578,916,119,3517,2124,106069,1429,5186,-1775,-1879,405,287,1849825,2093,18350,2746,20384,201305
7.718,1.024,3717,61647,-3229,30,55387,21153,3233380,9317,461,5561,131449,50625,528,984,129,3440,2369,112330,1803,5783,-1272,-1647,362,221,1845175,2718,17311,2175,22944,227283
7.724,1.247,3583,58124,-3241,-133,54251,18502,3109810,8912,1190,5104,122413,48559,557,1143,154,3592,2175,111471,1832,5486,-1191,-2569,544,338,1848852,2041,18285,2727,24888,211534
7.731,1.207,3211,55172,-4000,-150,58658,17333,3346642,8006,974,5919,110879,49643,634,1062,47,3808,2740,112601,1365,5654,-2223,-2420,468,287,1835718,2347,17548,2956,22065,194601
7.737,1.005,3248,56462,-3478,-446,49424,16956,3149319,8234,1176,4825,109430,48829,482,858,104,3553,2229,106594,1704,5729,-1955,-3231,449,386,1835598,2493,19314,2464,20905,194330
7.744,1.091,3876,63968,-4090,-323,53196,19965,3448023,9676,846,6142,131208,50603,676,1155,223,3614,2415,117433,1864,4840,-1726,-2063,496,296,1850221,2379,18282,2902,23341,228693
7.75,1.12,3290,56956,-4420,-769,51441,16308,3272404,8389,1174,5526,110414,50255,496,869,118,3408,2108,109822,1304,5062,-2061,-1854,561,255,1841219,1513,17334,2819,19883,195357
7.756,1.14,3649,61121,-3481,-196,52990,21551,3137333,9124,1100,5464,119499,46155,542,1006,151,3518,2649,107548,1698,5020,-1523,-1906,482,313,1847798,2863,18287,3099,22554,214944
7.763,1.113,4019,62614,-3651,-253,52402,19876,3130619,9265,177,5451,125241,47185,566,1038,162,3628,2464,109691,2316,6092,-1925,-2261,542,320,1839582,1821,18548,2476,28280,221015
7.769,0.82,3801,60151,-3687,-449,52397,17929,3162758,7958,917,5359,122063,50592,595,1038,121,3668,2063,108723,1530,5478,-1707,-2853,566,283,1840847,2304,18198,3005,26028,211902
7.776,0.825,3180,60125,-3712,-341,50663,19425,2959409,8783,1016,4638,121426,45710,679,1003,113,3493,2545,101957,2032,5555,-2590,-2942,540,329,1832235,1990,18165,2890,24823,212939
7.782,0.764,3845,72309,-4519,-825,54919,21664,3264063,11050,363,5321,158542,47992,743,1265,57,3806,2959,118799,1567,6222,-1903,-2115,696,299,1857213,2377,17832,4110,30359,267410
7.788,1.201,3939,64666,-3813,-616,57284,18799,3294867,9714,936,4944,135832,50171,651,1131,70,3683,2839,117356,2008,6253,-771,-1703,428,140,1856701,1871,18941,3290,28067,232950
7.795,1.227,3009,57042,-4263,-885,51010,16107,3136115,8130,1142,4902,112937,46772,621,865,111,3557,2120,106909,1412,5181,-2908,-2360,364,379,1836608,2112,18013,2915,21932,197225
7.801,1.101,2443,50988,-3915,-982,45020,14838,2767585,6637,1094,4507,84753,44435,510,890,48,2830,1826,95699,1571,4146,-2020,-1733,356,183,1814832,1611,18163,2712,16617,159659
7.808,1.111,2563,49265,-4214,-1136,48688,10171,2959799,6377,409,4697,94324,49475,590,820,122,3592,1486,101588,1647,4765,-2726,-2540,437,330,1841985,2691,17513,3603,23843,162700
7.81,1.064,2394,43719,-2815,377,55657,14964,2787545,6565,894,4704,86806,43336,615,872,63,3712,1562,100202,1294,4887,-2576,-2213,445,365,1842654,2147,17871,2591,18845,154448
7.817,1.03,3120,55176,-3447,453,57952,18206,2975087,7137,924,4943,102609,48693,562,958,123,3984,2378,106833,1395,4891,-1888,-2211,433,283,1838306,2553,18035,2751,21549,186248
7.823,0.982,1558,32497,-1980,671,38504,8902,2171674,3339,1418,3086,52989,40863,458,576,46,2696,1042,70712,1122,3192,-2892,-1681,403,188,1815577,1738,16104,2097,11274,99285
7.83,0.977,2776,52474,-3307,219,52718,16401,3041289,6766,1632,5373,95406,46422,751,748,113,3645,1707,98727,1166,4330,-3439,-2177,503,405,1838857,2042,16977,2457,16344,173823
7.836,0.954,2981,60639,-3501,271,53402,22808,2833442,7117,1659,4868,99804,48233,591,970,70,3624,2442,99155,1382,4665,-2635,-2833,412,355,1853495,2389,18160,2544,19313,193349
7.842,1.077,4225,82885,-2796,137,55037,36759,3065758,9054,1106,6524,113469,49911,666,985,181,4198,3250,105520,1839,6269,-2646,-2331,552,347,1864327,2608,19247,3447,21066,246392
7.848,1.074,4765,90978,-2956,5,52973,40752,2911396,8830,852,6643,112528,47977,648,967,131,4450,3697,101386,1273,5786,-2611,-2434,616,356,1869328,2795,18493,2577,20482,257853
7.854,1.159,3141,57593,-4242,-210,58252,15330,3400973,6911,748,6453,89269,49877,585,833,168,4651,1708,108356,1737,4993,-2287,-1701,455,153,1854693,2800,18491,3111,15580,172244
7.855,1.15,2510,44211,-4184,-663,55654,11171,3292040,6671,387,6298,84932,54558,579,717,131,3469,1441,103658,1336,4996,-1549,-666,499,223,1335883,2632,16374,4032,19213,149495
7.862,1.068,1967,40177,-4572,-1133,52669,8986,3242606,5189,373,6205,70945,54148,448,815,125,3600,1818,102295,1329,4870,-1084,-863,492,247,1372167,2922,16777,2669,17996,127264
7.865,1.013,2366,46945,-3772,-545,53775,12042,3266880,6899,243,5537,88764,53945,580,820,124,3358,2037,105631,1060,4670,-2243,-1705,353,366,1373014,3088,16287,3187,20014,157016
7.87,0.852,2458,48755,-3352,-556,52059,14160,2810788,6152,887,5894,87221,50837,425,696,95,3614,2412,97369,1703,5060,-1703,-1242,484,213,1337817,2309,16787,3300,24218,158746
7.874,0.787,2387,48849,-4257,-1255,55472,10430,3154373,6773,111,6204,84377,53659,554,772,117,3737,1269,99484,1950,4846,-1632,-1005,345,377,1312881,3232,16191,4374,27486,152816
7.878,0.848,2151,42136,-4345,-1185,55202,8462,3167902,6389,793,6936,73833,51826,541,764,112,3668,2008,101720,1656,3865,-1633,-1552,539,303,1357577,2464,17186,3033,23976,132971
7.878,0.733,2151,42136,-4345,-1185,55202,8462,3167902,6389,793,6936,73833,51826,541,764,112,3668,2008,101720,1656,3865,-1633,-1552,539,303,1357577,2464,17186,3033,23976,132971
7.883,0.55,2317,47339,-3974,-879,46955,13053,2995202,6787,575,5849,84364,52418,396,760,105,3152,1495,94502,1429,5095,-1048,-1285,251,296,1347023,3038,15448,3678,24572,153860
7.887,0.55,3215,60136,-3774,-779,49941,17706,3000043,8878,341,6105,131069,52776,531,1002,117,3687,2510,105138,1614,5105,-997,-1355,339,265,1356355,2648,16894,3076,30986,221004
7.891,0.762,2973,50139,-3296,-1060,48145,13209,2786357,8681,-73,4958,111187,45496,561,987,74,3523,1979,106539,1842,5948,-974,-688,353,213,1352171,2275,17075,3128,30410,186189
7.895,0.741,2638,44646,-3262,-857,44158,11152,2491998,7477,125,4418,93538,46074,535,770,72,3727,1872,98877,1046,4391,-1317,-1334,265,246,1280200,2401,15292,3043,25079,159451
7.9,0.569,2447,50222,-4092,-1328,51231,16047,3150265,7885,17,5432,105795,49056,816,1018,78,3557,2003,109127,1971,5293,-1580,-1256,563,287,1370632,2333,16395,3444,25574,182396
7.903,0.477,3305,58124,-2948,-470,51661,23278,2739208,9531,1033,4431,127913,46644,511,1011,162,3277,2921,107400,1409,5580,-828,-722,450,201,1337316,2279,16283,2973,27334,222151
7.909,0.774,2922,50566,-3007,-506,52143,15139,2763720,8440,993,3935,106748,52197,703,1062,110,3578,2178,102010,1755,5527,-1317,-1267,497,286,1336811,2319,15291,3199,30208,183815
7.914,0.7,2492,45534,-4104,-614,51144,12595,3174027,6718,38,5967,83899,54629,2796,1257,34,3431,2138,101934,2152,4462,-1094,45,870,285,1375269,2437,16455,3577,24315,151238
7.92,0.58,3612,63570,-2853,-178,53406,23364,2835074,10728,753,5157,152837,51783,545,1076,158,3781,2632,106788,2186,6319,-640,-1176,307,276,1383917,2858,16263,3680,30763,254111
7.922,0.702,3546,58910,-3184,-402,51643,20532,2946012,9710,651,4727,138539,54522,580,1064,133,3825,2694,113637,2311,6742,-1283,-1135,375,351,1383203,2873,17327,2702,34175,231237
7.926,0.785,3056,51790,-3739,-647,55625,16252,3169164,9002,420,6242,111972,52337,619,860,88,3369,2528,112677,1531,4495,-1819,-1020,355,248,1371557,2873,17336,3391,31633,192072
7.933,0.809,2215,42443,-3439,-1250,46638,11293,2966099,6891,794,5770,76181,54053,404,767,81,3294,1479,98597,1597,4635,-1562,-1192,301,310,1300214,2209,15958,3425,22181,139023
7.935,0.817,2604,46766,-4155,-1168,49997,12912,3106396,7357,393,5859,92854,54392,441,739,108,3308,1185,103759,1348,5331,-980,-1136,322,187,1312839,2413,16963,3023,22147,162493
7.939,0.901,2408,44167,-3866,-1024,48528,11130,2940162,6558,114,5205,81100,52324,481,882,142,3047,1476,102566,1445,4993,-741,-848,486,185,1333820,1908,15666,3838,21815,145363
7.945,0.87,2275,40761,-4504,-1104,52243,8899,3065624,4901,93,5643,74171,51686,454,731,62,3353,1633,107894,1274,4939,-2005,-1685,383,185,1363931,2844,16289,3179,21894,131007
7.948,0.845,2016,39623,-4724,-920,52646,9241,3124623,5579,250,6162,76124,52213,442,782,76,3433,1551,104443,1611,4272,-1903,-1556,335,197,1349915,2474,16316,3500,19141,132583
7.952,0.821,2364,40044,-5118,-1363,51707,8997,3392133,5431,-190,6699,68098,52400,698,834,88,3046,1280,99871,1210,4599,-1314,-728,363,175,1327897,2710,15955,2706,16472,124934
7.959,0.74,2104,40446,-4528,-975,49124,9121,3188545,6427,188,6497,81501,50933,395,776,42,3242,1349,100745,1845,4785,-1047,-1144,400,304,1345075,2869,15994,3359,20928,139599
7.961,0.78,2097,41381,-4170,-1137,50055,10173,3110557,6063,-290,5453,81950,51348,486,1082,84,3494,1422,99352,1616,4764,-634,-1083,375,212,1356671,2670,16857,3851,21818,141664
7.965,0.784,2737,43447,-5229,-1272,53167,9552,3179668,6302,-103,5983,85684,50366,432,745,101,3652,1629,102349,2082,5177,-1659,-1386,471,264,1363293,2442,17195,3990,23505,147722
7.975,0.621,1663,32362,-4219,-86,55934,6563,3135020,4215,824,6939,58462,43937,556,788,109,3614,1194,96974,1165,4345,-2047,-1758,430,207,1821196,2401,17342,2865,12542,103265
7.981,0.705,2471,47471,-4509,-202,62424,12343,3472207,6611,284,6366,89627,47530,564,837,103,3612,2155,109931,1845,5004,-2629,-2293,404,324,1847268,2412,18290,2961,17416,158523
7.983,0.65,2629,46635,-4296,-1054,55712,12448,3295658,6909,378,6645,96118,50441,481,765,87,3739,1629,108593,2471,5279,-1348,-1704,424,380,1130926,2719,15433,4025,22159,164739
7.985,0.716,2497,49498,-4502,-647,53380,13378,3233655,7532,-62,6042,108103,52113,528,793,148,3489,2189,113211,1636,5405,-1948,-1168,477,329,1139026,2967,15141,3958,25077,181008
7.99,0.757,2880,48419,-4397,-1137,51914,12257,3316209,7503,67,5120,98020,51091,607,726,47,3688,2014,120920,1365,5755,-2150,-1171,399,310,1149384,2335,14706,2810,24450,169079
7.994,1.019,1815,35025,-6164,-1462,54009,6087,3606778,4218,-109,6657,54965,50384,512,622,92,3114,989,112637,1445,4377,-2344,-1479,388,250,1127371,2659,14379,3616,16111,102110
7.998,1.093,1572,33231,-5981,-1413,53929,3448,3435536,3718,-2,6344,46355,48786,975,706,29,3164,1130,104690,1127,4272,-1763,-464,516,441,1085563,2278,13691,4211,15148,88324
8.002,0.897,1997,38219,-5445,-1612,53114,7022,3387946,5154,54,6293,73393,50855,449,728,74,3564,1538,107672,1206,4907,-1893,-1192,415,388,1113745,2315,14267,3587,18505,125785
8.007,0.891,2385,42490,-4531,-1258,54144,8918,3260674,7100,21,5931,87543,51868,567,721,43,3401,1768,112996,1481,5192,-2118,-1080,480,260,1138199,2162,14652,2769,26508,148436
8.011,0.803,2334,43674,-4782,-1464,54379,8844,3357047,6609,-18,6548,86302,50986,544,696,50,3638,1774,112120,1165,4632,-2021,-1027,492,224,1134756,2892,13252,4231,23294,147763
8.017,0.948,2089,38769,-5268,-1570,53307,7202,3385995,5868,115,5801,72610,49509,642,767,23,3589,1702,109627,1491,5391,-1738,-721,582,161,1136039,2295,14345,3449,18407,126538
8.024,0.873,2267,39428,-5380,-1838,57234,7471,3395906,5210,132,6194,83186,48835,508,630,94,3584,1339,110008,1310,5119,-2249,-1248,482,233,1099485,3050,13766,3947,20122,137562
8.031,0.954,2266,41211,-5705,-1880,54675,6946,3392608,5836,-129,6121,76147,49349,455,609,126,3019,1321,111432,1745,5227,-1192,-976,295,199,1141502,2651,14581,3384,22686,132406
8.039,0.97,1933,35955,-4015,-445,55944,10823,3302968,6009,179,6584,75085,51527,864,707,143,3750,1246,110738,1869,5064,-1868,-1217,438,474,1350993,2637,15878,2971,19780,129805
8.046,1.154,1834,37705,-4702,-820,59080,10027,3397075,5358,809,6826,75146,51893,502,788,129,3518,1140,107561,1503,4621,-1110,-601,492,296,1362434,2982,16112,3186,18945,130070
8.052,1.133,2271,41455,-3970,-389,58301,11576,3346296,5406,-31,6586,85885,51947,603,838,61,3763,1934,107700,1536,5008,-1617,-942,466,213,1385670,2974,16567,3460,21917,146593
8.059,1.085,2550,43871,-4255,-809,53908,11919,3361634,6231,454,6469,89896,52145,600,821,96,3636,1800,107834,1802,4882,-1942,-1499,579,384,1381085,3430,16342,3951,21814,154467
8.066,0.923,2785,45322,-4201,-748,57996,12389,3385366,6841,569,6004,92677,52171,484,854,241,3711,2356,106235,1641,5186,-793,-1011,514,234,1384959,2523,16688,4041,21231,160014
8.072,0.849,2556,43902,-4071,-487,57048,12545,3388951,6332,223,6773,89487,52571,405,702,79,3407,1665,107706,1429,5097,-1261,-1557,379,292,1372652,2813,17778,3298,20724,154822
8.079,1.048,1953,37354,-4249,-497,57205,9678,3284641,5679,35,5955,73974,52763,385,780,131,3252,1411,101666,2080,5234,-439,-672,314,157,1334520,2654,15437,3357,17001,128638
8.085,0.866,2544,45206,-3771,-489,55669,15666,3226187,6541,615,6637,89841,53540,427,812,105,3335,1756,102450,1368,5668,-1150,-904,573,202,1348823,2002,15808,3487,18147,159798
8.092,0.95,3165,60305,-3146,-483,55928,29237,2878848,7700,502,6440,97208,49608,375,856,130,3624,3303,99358,2185,5849,-1115,-1373,559,299,1369356,2608,17266,3783,22412,197615
8.098,0.912,3820,89216,-2331,-502,50623,61591,2319486,8078,648,6538,112084,48453,480,1166,175,3654,6268,89571,2020,7569,172,-1153,1000,168,1384429,2708,16941,3706,21839,274789
8.099,0.801,4405,98831,-1861,-153,50178,67502,2201513,8815,1011,6237,114431,46275,469,1276,197,3593,6160,86997,2006,7322,-682,-846,960,331,1387875,2257,17597,3261,21915,293984
8.1,0.801,4099,89375,-2230,-314,51818,68732,2171987,8462,596,6608,115388,48664,494,1395,212,3967,8192,80142,2687,8635,35,-374,1119,352,1388382,2252,18063,4278,21981,286056
8.101,1.024,4099,89375,-2230,-314,51818,68732,2171987,8462,596,6608,115388,48664,494,1395,212,3967,8192,80142,2687,8635,35,-374,1119,352,1388382,2252,18063,4278,21981,286056
8.102,0.926,3623,83420,-2505,-456,53257,59270,2387491,7972,1000,6571,107058,49918,415,1172,124,3746,6836,84610,1799,7553,-334,-1325,914,243,1381601,2770,17155,3787,21983,261343
8.106,1.083,1751,34573,-4621,-843,59696,8109,3297293,5112,525,6453,66854,49604,356,674,89,3413,1270,101518,1447,5308,-488,-1137,409,189,1356168,2502,16802,2903,16203,116399
8.109,0.81,1979,36417,-4913,-1085,58814,8375,3279527,5298,612,6265,72431,49807,363,667,108,3571,1495,101146,1840,4728,-1337,-1416,490,350,1350519,2114,15665,4290,17766,124500
8.113,0.968,2295,40385,-4624,-1002,56008,9889,3365330,5933,974,6838,80630,53387,469,692,101,3476,1133,101837,1627,5809,-1562,-1270,510,234,1326142,2561,15837,3750,18222,139132
8.115,0.944,2045,41920,-4888,-1020,57773,11265,3314640,6205,728,7019,78707,52345,402,848,69,3371,1857,101480,1774,5705,-459,-757,459,228,1330373,2667,15535,3900,19837,140142
8.119,0.986,2139,38362,-4471,-685,61658,10532,3286425,6054,69,6836,82863,49433,469,778,93,3635,1422,103721,2035,4612,-1252,-1183,453,448,1357101,2609,15955,3827,20393,139950
8.122,0.964,2167,41314,-4455,-957,57516,9869,3262728,5949,905,6545,81259,51024,435,779,91,3342,1811,102940,1674,4311,-1029,-1276,528,332,1367834,2942,15456,4419,21658,140558
8.126,1.122,2330,40202,-5114,-926,58054,9408,3338943,6113,419,6519,84380,50804,408,755,90,3420,1776,105600,1282,5141,-1281,-913,329,136,1360100,2605,16405,3830,19545,142433
8.128,1.031,1881,37921,-4526,-1045,57319,9019,3354322,5824,590,6299,79202,52927,458,764,192,3546,1798,104149,1539,4854,-1262,-1261,437,259,1367774,2691,16309,3556,18438,133847
8.132,1.129,1927,38300,-5730,-1468,55030,8248,3399163,5522,112,5770,68110,51126,831,748,108,3410,1689,102696,1215,5209,-1942,-1364,720,361,1365113,3237,16557,3587,17005,122107
8.135,1.079,2155,37764,-4965,-1205,58088,8158,3453734,5224,663,6406,74877,52094,406,732,188,3455,1588,104491,1310,4178,-857,-689,364,229,1367986,2343,16142,3604,18932,128178
8.142,1.05,2181,39861,-5217,-1048,58691,7990,3488748,5480,-172,6903,75734,50921,417,775,89,3153,1555,104515,2187,4898,-1059,-1665,423,249,1364320,3043,15907,3460,19741,131246
8.145,1.052,2470,39810,-5502,-1461,57603,8167,3491324,5081,-121,7565,71147,50970,408,660,88,3401,1686,102364,1949,5074,-1601,-1734,385,287,1331656,2163,16063,3238,20778,126675
8.147,0.94,2295,39131,-5138,-1347,55108,8407,3384105,5830,-180,7191,74620,52361,453,709,158,3295,1471,100524,1288,5022,-942,-1249,446,241,1328858,2603,15653,3383,20805,130283
8.149,0.973,2426,39654,-5430,-1464,54787,7010,3455721,5672,-380,6990,67623,49886,683,1134,203,3026,1359,100506,1325,4943,-1348,-1084,406,234,1358569,2503,16488,2847,21006,122385
8.152,1.019,2400,43845,-4696,-1233,56257,9502,3339895,6934,542,7294,85625,52738,437,712,104,3213,1495,103314,1555,5190,-1030,-1558,360,219,1401018,2433,16768,3404,23411,148306
