Age_Ma,Al_Area,Si_Area,P_Area,S_Area,Cl_Area,K_Area,Ca_Area,Ti_Area,Cr_Area,Mn_Area,Fe_Area,Rh_Area,Cu_Area,Zn_Area,Ga_Area,Br_Area,Rb_Area,Sr_Area,Y_Area,Zr_Area,Nb_Area,Mo_Area,Pb_Area,Bi_Area,Ag_Area,Cd_Area,Sn_Area,Te_Area,Ba_Area,T_Area
4.95270443,3202,51833,-2158,-427,44809,25253,2357550,9030,106,5155,124658,41509,1634,1638,116,3595,2828,113730,1768,6348,-2067,-932,617,377,1199761,2753,16056,3862,24761.0,213976
4.953838348,3651,54373,-2506,-478,47424,24481,2290623,10614,869,4441,145221,45806,517,1037,103,3571,2856,109836,2112,6002,-735,-627,445,178,1199071,1949,14506,3014,24256.0,238340
4.954405785,3162,49724,-2689,-242,53384,22163,2351926,9557,722,4038,131272,44997,734,1062,137,3656,2902,111443,1445,6319,-2010,-1301,609,350,1190462,3028,16719,3906,25461.0,215878
4.954972744,3556,53459,-3010,-439,54576,25303,2568640,10157,23,5181,133414,47984,650,975,125,4104,3235,124176,1843,6379,-1176,-1124,698,217,1201107,2627,15701,4159,26916.0,225889
4.955539703,3574,60306,-2338,-155,54013,29326,2434489,11244,707,5688,143212,45959,813,1126,96,3860,2873,118967,2137,6444,-1043,-804,770,248,1198268,2959,15075,3576,26337.0,247662
4.95610714,2881,47645,-2725,-310,58134,21738,2680931,9472,499,6641,127895,47680,1201,977,143,3648,2196,124233,1908,6310,-1559,-797,986,234,1197886,3367,16196,3796,25466.0,209631
4.956674576,2822,46918,-3068,-784,55877,20770,2656410,9334,402,6233,123424,51612,812,1165,97,3689,2918,125415,2232,6176,-1541,-548,700,192,1188426,2775,15647,2936,25502.0,203268
4.957241535,3175,45659,-2691,-283,57671,20156,2643452,8903,107,5983,123340,47271,634,1071,173,3631,3117,125306,1716,5908,-969,-873,768,176,1192333,2499,16077,3346,24591.0,201233
4.957808495,2880,45787,-3241,-551,58187,19478,2814130,8940,478,6529,117471,48310,609,1010,80,3514,2729,125031,1487,6962,-1141,-1339,594,228,1189630,2963,16241,2907,25405.0,194556
4.958375931,2516,42508,-3508,-439,58625,17844,2815791,8464,431,7728,109252,46978,517,904,130,3666,2340,126580,2197,6828,-1310,-1463,680,438,1195010,2533,15409,3133,22995.0,180584
4.95894289,2227,40314,-3548,-609,59004,16863,2896899,7711,-36,7932,99401,49884,678,831,95,3775,2249,126933,2020,5622,-1944,-925,590,284,1190537,2469,15348,4044,21153.0,166516
4.959510326,2248,39987,-3586,-565,60386,17205,2884765,8262,439,8023,98706,49792,1019,850,158,3571,1846,127888,2140,6547,-1608,-943,590,270,1193897,2965,15780,4141,20043.0,166408
4.960077286,2544,41375,-3578,-225,58795,15920,2957531,7429,325,8240,96381,50851,1492,952,77,3659,2358,127122,1547,5814,-1858,-399,708,356,1185250,2475,16077,3500,20569.0,163649
4.960644722,2550,41261,-4018,-1234,58453,16367,2996464,7542,451,8294,96510,53439,1612,932,85,3744,2291,126750,1456,5892,-1624,-153,507,267,1191971,3001,15472,4127,20866.0,164230
4.961211681,2442,41177,-3998,-760,60703,16305,3000912,7171,188,8679,98366,50844,850,1087,63,3847,2040,130327,2087,6175,-1790,-1122,485,292,1200575,2611,16007,3606,18872.0,165461
4.961779118,2232,39164,-3403,-453,61918,16788,2963725,7831,587,8736,98346,51061,1221,1255,74,3859,2355,132576,1915,5907,-1204,-695,574,246,1196846,3443,16520,3240,19196.0,164361
4.962346077,2488,39951,-3344,-606,62064,17183,2934046,6918,479,8748,99376,51312,907,1002,46,4044,1908,129474,1945,6029,-2104,-914,331,326,1201678,2639,15946,3627,19697.0,165916
4.962913036,2476,40371,-3383,-747,60149,17560,2806243,7450,796,7973,105567,49614,939,1004,97,4047,2247,129522,2103,5909,-2091,-1031,675,375,1202952,2665,15549,3717,19703.0,173424
4.963480473,2683,40310,-3289,-552,61565,16913,2855726,7247,846,8080,105275,50502,693,807,90,4132,2169,127917,2009,5967,-1905,-1214,395,243,1201609,3220,16755,3733,20268.0,172428
4.964047909,2294,39462,-3410,-303,62336,15891,2929653,8182,-93,8353,102163,51932,535,719,83,3574,1939,127461,2096,6606,-1417,-1332,432,240,1203133,3179,16462,3756,19598.0,167992
4.964614868,2118,39723,-3999,-375,63311,16551,2974591,7805,8,8906,104248,52754,916,811,177,3923,2059,130605,1794,6182,-1677,-396,358,138,1209003,2560,15809,3613,20033.0,170445
4.965181828,2460,42503,-3589,-391,60889,17421,2973141,7982,558,9481,106073,52263,565,763,129,3964,2214,130691,1732,6166,-1309,-540,461,180,1202953,2327,15506,3092,18694.0,176439
4.965749264,2715,43709,-3310,-533,60531,19010,2979806,8760,359,8917,117057,51590,2310,875,44,4019,2048,132994,1773,5841,-1268,142,1067,265,1210441,2490,17243,3143,21792.0,191251
4.9663167,2772,44538,-3683,252,61838,18931,2982491,8428,805,9836,116359,50875,3635,855,-3,4273,2029,131363,1669,5768,-305,422,1726,223,1211676,3026,16559,3389,21801.0,191028
4.966883659,2635,43248,-3747,992,59686,19000,2918995,8529,624,9276,115395,50982,4325,867,-59,4271,2255,130797,1731,6328,249,449,1949,93,1219030,2957,16049,3916,23177.0,188807
4.967450619,2464,42211,-3485,2135,57350,17759,2810449,8258,686,9169,107794,49372,8889,969,-109,4015,2752,128205,2047,5856,591,1306,3457,201,1213733,2498,16184,3041,22023.0,178486
4.968018055,2321,38391,-3332,6222,53408,17444,2656833,8008,235,6947,129829,49812,45051,1980,-407,4979,2441,124760,809,5764,976,3323,10837,-93,1207928,2838,17039,3632,22794.0,195993
4.968585491,1954,37224,-3683,21728,51052,16783,2448214,7939,362,6616,235297,50874,222930,4174,-1125,6745,1432,106103,165,4819,1262,15737,25931,26,1188188,2126,16426,3727,19594.0,299197
4.969152451,2536,39263,-3039,-436,52184,16950,2521725,6984,913,7870,92504,51248,1379,839,45,3075,2350,112550,1496,5406,-858,374,1535,166,1205877,2265,16082,2926,22451.0,158237
4.96971941,2687,42791,-3149,-381,54800,18689,2608405,7664,701,8383,104053,54144,922,850,59,3790,2027,114750,1469,5469,-959,-170,1337,230,1197653,2715,16182,3697,19914.0,175884
4.970286846,2731,46187,-3362,-366,59587,19887,2863168,8217,163,9630,117796,50188,894,923,96,4049,2445,128221,1856,6314,-946,-132,1239,320,1207153,2512,15970,3506,22417.0,194818
4.970854282,2907,48466,-3480,-592,58266,21288,2841784,8475,624,9537,121171,51408,962,898,172,4066,2632,128719,1887,6328,-2037,-971,881,343,1212665,2912,16849,3232,22255.0,202307
4.971421242,2849,47954,-3107,-234,59377,20664,2830552,8073,346,9939,122714,50025,961,1059,191,3952,2750,130379,2045,6071,-774,-664,612,103,1216400,2882,16867,3087,23597.0,202254
4.971988201,2814,47265,-3124,-266,60328,20982,2858534,9056,247,9283,125607,51258,958,884,71,4140,2879,129894,1762,6913,-1852,-883,677,334,1214719,2495,16982,3702,23972.0,205724
4.972555637,2926,49889,-3500,-588,61974,22364,2872124,8935,715,10381,132689,53953,1207,1075,164,4190,2740,132238,1750,6437,-1670,-852,607,228,1220120,2970,16892,3372,25370.0,216803
4.973122597,2791,47269,-3415,-201,61669,20453,2888484,8191,284,10425,121999,52031,1277,1028,78,3958,2441,129884,1930,6053,-2289,-795,703,267,1217153,2437,17097,3302,24547.0,200703
4.973690033,3107,49230,-3146,-562,60931,22295,2856420,8645,846,9509,121129,54629,1010,1048,132,4042,2574,129017,1839,6360,-1918,-1206,542,264,1222887,2363,16469,3977,22945.0,204406
4.974256992,2678,44460,-3075,-144,55488,19457,2705644,8615,25,9140,112021,49879,1269,1015,64,3719,2712,126929,2029,6041,-1915,-965,571,286,1205652,2790,16321,4112,22587.0,187231
4.974824429,3177,47617,-2879,-244,60247,21896,2805061,7946,550,10047,122398,52724,1240,982,110,3638,2910,128457,2047,5944,-1882,-816,564,239,1211639,2778,17443,2439,22939.0,203034
4.975391388,2798,47056,-2816,64,58390,21282,2814886,8156,658,9346,118192,51439,1390,944,86,3760,2884,126545,1335,5599,-1515,-182,721,206,1203595,2394,16913,3520,20858.0,197484
4.975958824,2744,45046,-3276,-216,61012,18969,2801995,7612,595,9380,111835,48659,1199,895,109,4045,2528,126530,1620,5851,-1494,-633,649,191,1192835,2755,16413,3541,19973.0,186206
4.976525784,2798,44590,-2706,-177,59680,18705,2747356,8134,822,8942,114131,50241,1358,949,107,4098,2353,127146,1592,5484,-2043,-551,747,245,1190015,2679,16097,3566,20309.0,188358
4.977092743,2351,45093,-3474,-77,58210,21917,2783104,7471,516,8773,104392,50087,1512,934,77,3711,2377,124696,1513,4968,-1772,-370,751,275,1191822,3222,14776,3057,17383.0,181224
4.977660179,3113,51700,-2688,-79,56294,28588,2744192,7374,933,9493,110928,50948,1620,868,130,3516,3102,123329,1595,6480,-1265,-174,649,193,1190566,2330,14973,3422,16216.0,201703
4.978227615,2888,55298,-3204,-297,57933,31402,2841260,8175,555,9728,113695,50568,2301,810,119,3789,3195,123009,1665,6112,-718,-6,816,183,1192109,2970,15842,3929,16551.0,211458
4.978794575,2721,49011,-2887,-394,52637,25010,2582194,6648,556,9367,98717,51667,2321,1054,115,3615,2849,114506,1745,5323,-1358,322,759,321,1181340,2042,15607,2797,,182107
4.979361534,2803,54626,-3506,-231,56160,28737,2849739,7325,23,9309,102713,50477,2936,844,117,3898,3174,120370,1459,5956,-176,99,808,247,1187541,2378,16350,3743,15551.0,196204
4.97992897,2966,55076,-3309,-109,56374,28926,2906482,7139,83,9836,105907,52168,4055,906,92,4077,3342,121712,1541,5503,386,240,896,207,1190383,2764,15149,3556,15039.0,200014
4.980496407,3262,58104,-2843,-43,56633,33038,2796409,7350,758,10146,111350,50255,5515,846,44,3679,3054,120290,1864,6375,803,624,801,188,1186653,2746,16374,3813,16125.0,213104
4.981063366,3076,64484,-2969,56,54611,42100,2551022,7447,1175,10181,111300,48589,5874,948,4,3480,4175,112431,1930,6453,345,476,1062,250,1183479,2453,16079,3564,16491.0,228407
4.981630325,3928,81464,-2046,-51,52891,54540,2397939,8013,330,10096,121411,47663,4835,905,75,3903,5151,113465,1589,7313,149,164,947,373,1179458,2522,16341,3732,16308.0,269356
4.982197762,4142,80053,-2490,-277,52093,53949,2394733,8228,271,10434,120314,48331,3944,938,64,3611,4959,113625,2371,7267,215,680,644,210,1181937,2519,16235,3678,17516.0,266686
4.982765198,4245,94236,-2270,-259,43694,68315,2012844,8176,726,10255,126430,46451,2815,1047,187,3289,6485,103536,2033,7573,-533,229,622,264,1180851,2607,16759,3280,16910.0,301402
4.983332157,5454,111010,-2142,-88,41716,78581,1831022,9058,798,9510,131152,43783,2386,1251,169,3357,6639,98448,1788,7977,-1064,-13,739,288,1181182,2283,17244,3660,17813.0,335255
4.983899117,6208,124992,-1238,66,36982,91941,1502168,9176,729,9464,141124,39674,7110,1181,221,3435,8647,92074,2464,9339,620,-322,1550,252,1184186,2414,17325,3473,18155.0,373441
4.984466553,7126,147959,-1139,-48,31663,110487,1126417,9700,528,8365,156590,41018,9583,1474,155,3595,11045,78485,2486,10748,974,706,1689,169,1192398,2907,17781,3839,19927.0,431862
4.985033989,7519,154933,-561,10,26780,116544,674385,9948,-37,7634,163157,34847,4807,1570,249,3711,13860,62470,3384,12068,11,169,1550,188,1215067,2485,18659,4664,22418.0,452101
4.985600948,9052,185630,-151,-41,23172,135311,282449,10227,-1988,6966,189150,32362,3565,2256,306,3840,16131,43512,4114,13838,-1065,-833,1590,350,1221386,2320,18064,4012,21979.0,529370
4.986167908,8552,172446,137,275,20318,132361,59344,10872,-514,6164,201187,31220,2694,2139,397,3717,20373,15801,4684,15551,-1150,-1307,1839,344,1222461,2755,19512,4056,22408.0,525418
4.986735344,7518,155480,77,441,19235,121093,50821,9086,-81,5858,188081,33190,8019,2661,376,3319,21074,14308,4040,15750,273,627,2123,126,1207539,2476,19010,3177,21161.0,481258
4.987302303,6420,127712,-668,964,27123,93875,763816,8864,-13,6556,167485,38485,37393,4208,2,3625,9669,82031,3113,10109,1217,365,2749,78,1200478,2584,16196,4054,18329.0,404356
4.98786974,3605,71558,-2164,970,42024,46080,1937820,7103,892,7152,129159,43453,24489,2145,-18,3583,4095,124614,1700,6710,831,920,1656,131,1197124,2539,14105,3707,17461.0,257505
4.988436699,3351,59327,-2720,458,48306,32440,2371779,7450,617,8214,118940,48865,11378,1417,91,3808,2107,129363,2293,6567,874,1556,870,194,1194057,2773,14943,4047,15726.0,221508
4.989004135,3002,44992,-2916,-65,58838,21486,2739261,7557,438,8879,114351,51817,3227,945,65,3902,2237,132901,1470,5587,-270,559,490,208,1197552,2137,15092,3218,16814.0,191388
4.989571095,2664,48349,-3152,-567,58927,21675,2828961,8145,494,9469,111063,52409,1314,992,167,4327,2182,137513,1298,5958,-1984,-1387,501,323,1200326,3008,15770,2593,18329.0,191896
4.990138531,2482,45772,-3137,-784,62436,20365,2811252,8348,1094,9196,113152,51624,747,841,75,3844,2264,133406,2147,6871,-2305,-1678,527,268,1200683,2285,16118,3186,16998.0,190119
4.99070549,2406,41828,-3246,-639,59879,17132,2693801,6761,486,8174,100398,49985,598,790,147,3923,2047,127632,1858,6298,-2079,-1475,366,299,1193660,2659,15240,2940,15373.0,168525
4.991272449,2402,40699,-2996,-913,56607,16823,2594337,7049,1090,8029,98883,51582,561,745,36,3644,2021,123941,1274,6005,-2271,-1759,391,251,1190985,2253,15546,2673,15610.0,165856
4.991839886,2660,43593,-3364,-893,56550,18522,2734843,7837,1104,7343,107190,50327,668,854,126,3990,2348,132876,1897,5811,-2100,-1661,274,354,1198562,3225,15232,2149,17380.0,179802
4.992407322,2960,45607,-3030,-348,57194,19139,2709133,7919,825,8430,107301,49023,1207,1553,156,3781,2530,131056,1812,5891,-1214,-1120,527,263,1201053,2948,15422,4380,18430.0,182926
4.992974281,2711,42773,-3032,-489,50859,18095,2578265,7312,987,7686,107014,50097,1047,3082,80,4101,2946,127356,1796,6492,472,75,459,236,1196366,2723,15014,3519,18660.0,177905
4.993541241,2535,41932,-2935,-494,50178,18091,2564708,6979,1424,7672,107056,46331,856,2626,113,3618,2235,131199,1887,6204,607,-270,463,284,1199078,2653,15603,3710,18552.0,176593
4.994108677,2766,44120,-3174,-539,57242,18892,2700684,7468,906,7524,108749,47991,2281,1384,56,3700,2660,126679,1767,5503,-1623,-442,762,233,1204910,2674,15253,3045,18980.0,181995
4.994676113,2683,43391,-3001,-543,59200,18045,2666271,8306,368,7585,111701,53567,915,1323,57,3939,2348,123895,1496,5963,-1872,-1578,453,287,1208354,2684,15948,3352,19308.0,184126
4.995243073,2836,45038,-3017,-643,61579,19470,2640323,8601,469,6856,122956,51952,713,1011,106,3877,2736,123735,1973,5950,-1613,-1575,625,199,1202691,2806,16064,3472,22250.0,198901
4.995810032,2931,45976,-3308,-634,59448,18570,2571744,8919,926,7278,122710,49548,669,920,93,3740,2404,118527,1335,6092,-1540,-1582,619,253,1206075,2375,16743,3890,22935.0,199106
4.996377468,2809,45888,-3306,-676,60602,19341,2658315,9030,383,8239,125503,52861,671,862,107,3891,2650,122810,1647,5920,-1816,-467,579,182,1209896,2440,16490,3075,22786.0,202571
4.996944904,2879,45810,-3385,-535,62774,18529,2676172,8192,405,7952,126276,51116,611,961,163,4020,2725,125045,1753,6199,-845,-1130,476,210,1204653,2453,16034,3070,23906.0,201686
4.997511387,3066,45248,-3093,-786,56907,17775,2525930,8398,432,7392,121398,45147,722,817,136,3733,2474,120774,1969,6187,-2315,-1879,589,345,1200238,2169,16454,3724,22326.0,195885
4.998078823,3026,45930,-2759,-359,63069,18693,2652137,8509,654,8520,126287,50729,625,981,208,4001,2867,121641,1402,5422,-1189,-1252,482,245,1201463,2538,16301,3326,23393.0,202445
4.998646259,2858,45479,-3180,-330,65091,18992,2699346,8686,546,8970,127635,51661,664,929,109,3936,2641,124535,2192,5454,-1731,-1260,484,166,1203227,2171,15123,4111,22122.0,203650
4.999213696,3446,50265,-2741,-90,62648,21649,2781775,9066,570,8145,126314,52296,538,906,151,3733,2633,125615,1763,6164,-1455,-1485,396,236,1200298,3064,15570,2953,21549.0,210740
4.999780178,2820,48004,-2909,-250,65943,20595,2819232,9105,298,9621,127895,53060,632,973,209,4002,2290,126010,1815,5857,-1150,-1091,451,156,1202652,3090,16292,3789,20745.0,208419
5.000347614,3123,47154,-3573,-832,66455,19995,2843199,8729,88,8919,124357,53993,567,1164,251,3883,2848,123654,1738,5784,-665,-640,673,232,1205777,2711,15891,4008,20810.0,203358
5.000915051,2884,47279,-3434,-482,64277,18803,2890145,8659,420,9201,118689,53753,592,951,99,4152,2475,125362,1772,5666,-1674,-1622,389,358,1201344,2429,16003,4139,20210.0,196314
5.00148201,2735,45477,-3380,-1007,65927,18454,2903121,8126,783,9972,114355,53037,553,874,98,3871,2217,125242,1546,6030,-1772,-1740,633,340,1201688,2053,15162,3535,19086.0,189147
5.002048969,2835,44618,-3472,-801,63772,17728,2889177,8387,610,10008,114328,51475,543,847,201,3531,2284,125493,2051,5900,-1080,-1821,495,358,1200246,2738,16411,3401,19080.0,187896
5.002616405,2703,43838,-3719,-570,65548,18595,2862307,8394,206,9237,113638,51172,497,879,159,3823,2576,125842,1976,5329,-1308,-993,471,224,1204757,2312,16274,3312,21218.0,187168
5.003183842,2970,45045,-3586,-549,66275,18300,2812923,8600,-46,8988,116028,51014,652,921,119,4035,2811,125889,1623,6129,-1638,-1293,440,204,1205158,2838,16563,2733,22755.0,190943
5.003750801,2319,42777,-3897,-801,64947,17711,2855271,8123,109,9807,110554,49821,542,822,84,3957,2104,125113,1683,5734,-2149,-1655,422,217,1205262,1816,15963,3407,21612.0,181484
5.00431776,2767,41963,-3242,-562,58554,14721,2793441,7165,932,8657,97360,47456,623,856,104,3782,1845,120880,1677,5495,-1367,-1025,348,186,1193092,2437,15545,2997,17478.0,163976
5.004885197,2370,41423,-3287,-888,55170,16805,2803084,7530,367,8275,100684,51213,555,815,76,3350,2460,124444,1706,5690,-1836,-1325,430,248,1186582,2621,15461,3010,16278.0,168812
5.005452156,2406,43489,-3913,-930,60456,17588,2910321,7278,889,9346,105332,49246,520,879,138,3902,2225,125805,1345,5507,-1501,-1545,460,325,1190176,2275,16604,3053,16891.0,176093
5.006019592,2753,45159,-3587,-879,61940,18746,2952247,7422,331,9297,110582,50275,530,816,101,3745,1985,127365,1822,6093,-1742,-1176,334,236,1189754,2616,15665,3342,15716.0,184662
5.006586552,2410,42861,-3838,-945,59083,15235,2866051,7834,713,9191,99323,47843,487,817,61,3688,1709,123119,1059,5587,-1652,-1573,436,273,1182511,3069,15005,3047,16937.0,167663
5.007153988,2458,42959,-3178,-926,55339,16290,2725574,7777,1196,8504,100846,48520,576,819,94,3565,2284,120221,1510,5472,-1047,-1176,333,180,1173024,3357,16061,2536,16895.0,170330
5.007720947,2843,44708,-3516,-754,56210,17432,2832838,7462,871,8224,107535,48641,542,873,131,3198,2163,124288,1691,6355,-1468,-1820,375,309,1171659,2522,15833,3972,17399.0,179980
5.008288383,2851,46219,-3642,-1459,61346,18490,2930498,8304,558,8609,115290,53239,520,849,64,3547,2220,127863,1953,6040,-1095,-1319,312,142,1170554,1986,15964,3541,17020.0,191154
5.008855343,2535,45108,-3954,-998,63990,18909,2946329,8038,-8,9281,110862,51351,541,915,88,3169,2096,127839,1939,6700,-1783,-1390,429,207,1171582,3105,15144,3657,17787.0,185452
5.009422779,2668,46293,-3905,-1029,59561,18439,2942568,8685,644,9493,109388,48915,426,791,92,3730,2160,129267,1591,7060,-1379,-1121,346,268,1166450,3404,16424,3229,17679.0,185473
5.009989738,2506,45937,-3309,-804,60013,19884,2774292,8535,340,9639,115963,49888,456,860,123,3651,2270,123516,1647,6148,-1394,-1570,430,376,1167197,2958,15895,3345,18126.0,192825
5.010557175,2972,47080,-3019,-774,59563,20665,2676895,8296,350,9713,125936,51834,541,1017,120,3870,2394,123009,1852,6104,-1015,-684,366,237,1169934,2499,15786,4591,19950.0,204949
5.011124134,2763,44818,-2500,-308,59154,19855,2498273,8471,799,8526,120227,51144,642,870,163,3426,2732,114409,1701,6423,-1570,-833,442,196,1165182,2425,15996,3623,19875.0,196134
5.011691093,2925,48679,-2833,-585,60946,20857,2646645,9039,487,9317,131132,51451,582,984,100,3792,2674,121000,1469,6442,-1422,-1154,379,372,1171187,2378,15912,3402,20897.0,212632
5.01225853,2838,48157,-3029,-405,62923,20906,2735903,9021,152,9230,137094,50654,556,1117,161,3953,2895,126997,1677,6764,-924,-1368,615,260,1170955,2996,16156,3338,20567.0,218016
5.012825966,2755,49277,-3560,-513,63102,21590,2814542,8761,20,8396,138010,51540,613,1054,100,3931,3023,129276,1764,6534,-1882,-1458,705,309,1173474,3315,15467,3990,20706.0,220393
5.013393402,2930,50186,-3653,-655,64882,21940,2787923,9070,571,7727,137369,51532,614,1063,55,4173,2940,129636,1925,6427,-2131,-2136,606,394,1174061,2571,16641,3539,20664.0,221495
5.013959885,2860,50936,-3362,-352,63853,22663,2714207,9554,274,7167,138975,51004,499,1000,212,4215,2782,127345,1977,6424,-879,-1329,557,311,1172888,1680,16807,3098,19917.0,224988
5.014527321,2757,45678,-3019,-326,59861,19854,2519717,8642,579,6070,117470,49905,617,915,204,3613,2403,115387,1777,6062,-1123,-1672,594,319,1167039,2708,16079,3679,18280.0,194401
5.015094757,2517,44025,-2904,-628,58041,18913,2430234,8529,680,6536,116229,49599,539,889,124,3307,2289,112811,1543,6062,-1721,-1833,470,248,1166958,2572,15568,3046,18915.0,190213
5.015661716,2690,45142,-2889,-756,58970,19624,2455406,8900,301,6128,121327,48661,583,851,122,3732,2799,117089,1358,5635,-1530,-1275,447,194,1175302,1997,15780,2960,20347.0,197683
5.016228676,2329,43417,-3300,-795,59061,18469,2460673,8819,1119,6282,115604,49763,612,1026,92,3489,2138,115209,1577,6077,-1335,-1276,413,208,1172518,2063,14963,2851,19994.0,188638
5.016796112,2747,44313,-2942,-441,59267,19145,2517768,8095,1206,7027,120216,49852,641,1268,108,3837,2135,117085,2200,5759,-1158,-1734,915,414,1177553,2597,16944,3186,20739.0,194516
5.017363548,2946,43752,-2855,-727,56827,17547,2521925,7554,714,7500,113533,49747,569,946,151,3456,2577,115449,1745,5262,-1546,-1205,619,254,1183142,2682,15649,4008,21428.0,185332
5.017930508,2573,45100,-3123,-440,60678,18999,2707810,8432,471,8380,122409,50309,598,1028,143,3765,2388,124233,1648,5597,-2036,-1421,565,415,1192230,2204,15566,2848,22222.0,197513
5.018497467,2751,42703,-3456,-451,62599,18153,2661451,8465,720,8030,115753,46888,524,871,27,3857,2469,120958,1592,5823,-1685,-1816,529,252,1188784,2424,16042,3009,20470.0,187825
5.019064903,2504,42619,-3223,-735,57817,17307,2504406,7666,721,7574,108172,47588,542,806,125,3545,2200,112385,1928,5144,-1793,-1713,533,198,1189462,2195,16125,3318,20597.0,178268
5.019631863,2962,43940,-3236,-477,61315,17622,2734808,8479,387,9631,114831,49722,533,820,147,3486,2333,121192,2201,5766,-1632,-2131,527,384,1190036,2856,15457,3194,19665.0,187834
5.020199299,2454,41157,-3304,-985,57819,15752,2511980,7489,1039,8704,101946,50486,509,771,92,3305,2066,109331,1517,5452,-1698,-1378,541,253,1277827,2064,16196,3308,18419.0,168798
5.020766258,2392,39589,-2824,-670,57008,15920,2493576,7403,697,8483,99312,51062,604,808,67,3484,2427,109255,1735,4879,-2144,-1356,273,215,1271909,1870,16289,2779,17492.0,164616
5.021333694,2057,34538,-2871,-919,54433,13817,2291848,6398,1206,7301,87914,48376,533,811,83,3116,2308,100778,1525,4939,-1357,-1351,519,312,1266438,2429,16336,2859,14841.0,144724
5.021900654,2066,35767,-3009,-677,55035,13889,2363663,5585,1317,7697,86364,49134,527,711,157,3132,1981,102617,1335,5071,-2022,-1943,388,277,1268059,2337,15551,3004,16201.0,143671
5.02246809,2023,34797,-3168,-1078,55009,12490,2519918,5335,1331,8093,83936,50349,398,629,96,3060,1892,105359,1331,4648,-2022,-1943,432,266,1272737,1726,16550,3206,13791.0,138581
5.023035049,1906,35405,-3367,-1162,57074,13018,2691235,6281,1090,8640,87481,48381,610,793,143,3015,2122,111436,1718,5237,-2313,-2326,326,378,1273358,1876,16018,2868,14923.0,144091
5.023602486,1870,37108,-3646,-1334,59369,13475,2821695,6637,708,9702,89160,49168,634,795,157,3304,2173,116263,1309,5493,-1446,-1411,413,219,1271515,2069,16532,2729,14373.0,148250
5.024169445,1920,36827,-3796,-804,57765,13503,2750661,6236,1074,9052,87098,48566,641,729,198,3277,1687,112165,1461,5086,-2571,-2476,505,363,1268679,2081,16456,3034,14278.0,145584
5.024736881,1882,35926,-4003,-1080,57124,12295,2790648,6678,1015,8906,85107,50002,530,842,206,3563,1699,112839,1862,5551,-1196,-1654,488,288,1265326,2116,15614,2559,12955.0,141888
5.025303841,1835,37256,-4119,-729,61462,12523,3030932,6460,754,10325,88194,50784,547,810,126,3276,2173,120426,1049,5438,-2162,-1816,492,273,1271101,1497,16811,2427,12386.0,146268
5.0258708,2057,39172,-4112,-1348,57423,12760,3024729,6855,673,10381,90042,53533,542,786,108,3534,2026,119774,1545,5677,-1987,-1900,333,278,1272246,1868,15862,3235,13505.0,150886
5.026438236,2040,38241,-4110,-1175,60101,13081,3043746,6374,884,10191,91103,52040,470,701,85,3193,1928,122436,1244,5215,-2128,-1424,503,300,1271040,1842,15741,2904,13322.0,150839
5.027005672,2002,39340,-3900,-922,60323,12702,2998405,6409,793,9827,89687,51874,471,648,125,3467,1527,121163,1532,5549,-2216,-2179,426,242,1265843,1975,16664,2735,12925.0,150140
5.027572632,2296,41536,-3929,-1346,57963,13296,3018206,7514,949,10481,96179,50847,519,825,170,3642,2007,122262,1170,5900,-1371,-1168,442,273,1264772,2601,16442,2955,13358.0,160821
5.028139591,2271,42326,-4013,-1323,57894,13369,3007136,6653,395,9657,94040,53884,487,748,125,3584,1935,122600,954,5918,-2013,-2211,528,198,1262087,2088,16900,3265,13604.0,158659
5.028707027,2634,42626,-4156,-1538,57315,14099,2963348,7549,514,9480,98319,49432,511,757,77,3551,2064,121032,1527,5992,-1963,-2087,348,245,1263015,2594,16262,3233,14039.0,165227
5.029274464,2269,41689,-4316,-1515,61912,13658,2982722,6577,523,9409,97204,51932,477,730,82,3887,1628,123413,1353,5752,-1843,-1945,494,345,1263358,2259,17013,3084,17075.0,161397
5.029841423,2392,39890,-3881,-1176,59897,13371,2899240,7377,586,10269,91337,51092,493,773,155,3627,1953,121466,2234,5841,-1520,-1287,493,324,1260524,2310,16737,2961,15656.0,154367
5.030408382,2322,40702,-3648,-1218,59713,14315,2920858,6692,275,9468,94347,55292,479,720,104,3556,1717,120429,1380,5594,-1794,-1434,534,385,1267945,2759,16136,4306,14641.0,158378
5.030975819,2488,39646,-3857,-1469,61917,14239,2902562,6724,15,10193,100167,51650,486,819,78,3631,1955,121573,1272,5330,-1255,-470,432,254,1264730,2863,15552,3350,14549.0,163264
5.031543255,2045,40122,-4061,-1129,61501,14309,2923161,6544,149,9489,103725,51872,437,718,97,3730,1600,120952,1917,6194,-1628,-1241,395,196,1271056,2804,16197,3819,16234.0,166745
5.032110214,2403,42323,-3721,-611,62402,16218,2967017,7480,-275,9896,108764,50532,481,915,59,3575,1904,122449,1829,5618,-1200,-1246,462,175,1278402,2648,16989,2567,15937.0,177188
5.032677174,2419,42227,-3627,-881,59900,15892,2936233,6959,-37,10300,105791,47408,422,850,65,3701,2420,119872,1390,5909,-936,-791,647,183,1280677,2731,16851,3871,16971.0,173288
5.03324461,2665,42578,-3833,-884,58276,15645,2921555,7978,186,10661,110646,48939,535,858,152,3827,2390,119184,1730,5761,-1761,-1258,553,327,1282475,2138,16589,2953,18501.0,179512
5.033811569,2347,40353,-3792,-884,55086,14272,2835927,6768,456,9742,93221,48150,418,888,187,3242,2250,112115,1515,4904,-946,-1178,551,372,1280921,3306,16766,2751,16688.0,156961
5.034379005,2501,41856,-3893,-1232,53923,13625,2810794,7019,556,9678,100818,47757,512,866,97,3449,2010,112622,1573,5146,-629,-426,400,240,1282460,2490,15008,3328,17396.0,165819
5.034945965,2485,43664,-3588,-985,56040,15116,2806482,7440,-253,9918,104866,46527,503,822,198,3759,2011,117737,1912,6319,-1202,-1341,455,244,1284246,2475,16317,3870,18022.0,173571
5.035513401,2644,45746,-4441,-1121,56249,15158,2842891,8161,153,10428,110593,48268,501,931,42,3409,2179,116817,1519,6667,-1243,-1564,506,348,1297439,2468,16434,3519,20398.0,182302
5.03608036,2769,42985,-3431,-1019,54270,14207,2788422,8694,53,9587,106601,46210,448,846,165,3384,2246,114912,1578,5881,-233,-760,300,179,1309157,2404,15222,3978,21170.0,175256
5.036647797,2441,41495,-4172,-1385,52328,14254,2644523,8015,198,10595,110690,44874,515,738,208,3493,2369,110551,1486,5348,-1818,-1354,281,260,1302695,2551,15743,3543,20938.0,176895
5.037782192,2128,36597,-2558,-394,43592,14429,2323197,6827,1444,8418,94329,48758,475,760,95,3313,2243,91509,1147,4941,-1096,-1065,480,252,1263015,2238,15729,2595,14611.0,154310
5.038349152,3229,49507,-3082,-273,54451,20370,2858811,8930,1150,10822,119218,52653,553,887,131,3941,2429,114223,1828,5913,-1567,-1045,515,268,1285360,2930,16802,3491,19580.0,201254
5.038916588,2790,45728,-3284,-589,53650,18975,2761626,8356,1252,9880,107910,51286,499,957,179,3665,2474,113921,1510,5554,-922,-1996,411,177,1275870,2021,16388,3005,18857.0,183759
5.039483547,2975,48550,-3444,-718,55498,19067,2870871,8283,835,10140,111912,52995,472,985,117,3885,2325,115003,1492,5480,-483,-1559,510,221,1276431,2362,16422,3675,17930.0,190787
5.040050507,3635,51133,-3107,-882,55486,20783,2905320,8825,509,10627,117850,55305,496,1048,93,4071,2659,116066,1778,5870,-964,-1228,360,272,1278862,2502,16281,3364,18693.0,202226
5.040617943,3549,53597,-2973,-505,56547,20871,2938772,8972,684,10821,122478,54012,556,990,64,3822,2658,116487,2160,5565,-1394,-648,526,258,1286231,2228,17153,3702,21024.0,209467
5.041185379,3286,52349,-3110,-665,56108,20837,2857827,8886,467,10415,124009,53042,540,914,212,3971,2856,117240,1974,5995,-1180,-1072,335,358,1281299,2957,17012,3810,22352.0,209367
5.041752338,3716,52190,-2952,-511,57837,20824,2860562,9010,693,10979,127122,54088,504,975,154,4461,2142,116730,1563,5737,-1012,-1469,431,310,1279247,2329,15912,3418,21666.0,212862
5.042319298,3397,50831,-2890,-56,58208,20350,2886614,8746,674,10632,123186,53336,534,1023,129,4054,2499,116703,1557,5674,-935,-1089,537,180,1283243,2386,17080,3940,21319.0,206510
5.042886734,2994,49911,-2970,-587,57206,19999,2908095,8653,600,10424,121898,53638,516,1101,192,3881,2645,117503,1064,4923,-678,-1092,443,290,1290614,2822,17561,3757,19982.0,203455
5.04345417,2940,47416,-3075,-366,56141,19274,2874702,8858,908,11285,118432,50625,556,985,108,3888,2839,116632,1739,5654,-1356,-1558,399,247,1291906,2125,17774,3169,19971.0,196920
5.044020653,3310,48973,-3182,-326,57283,19796,2939069,8056,662,11308,119021,54675,521,936,171,4113,2421,117868,1491,6615,-1149,-1323,495,285,1297885,1984,17438,3591,20926.0,199156
5.044588089,3305,49118,-3037,-240,58634,19643,2929794,8495,483,10169,118447,53055,526,865,90,3896,1981,116362,1785,6224,-1531,-1634,674,188,1300336,2204,17038,3797,19594.0,199008
5.045155525,3283,47869,-3286,-838,55206,18899,2908901,8574,588,10889,116084,53960,558,883,159,3741,2308,116121,2055,6343,-1456,-1344,488,274,1299500,2663,16740,2658,19205.0,194709
5.045722961,2942,46351,-3479,-588,55021,17967,2875956,8003,247,10539,112471,52064,552,857,136,3816,2550,116174,1474,5311,-1958,-1879,586,423,1302575,1658,17334,3269,20114.0,187734
5.046289444,2900,46077,-3457,-696,55588,18591,2922899,8289,850,10986,112793,51656,484,810,135,3642,2282,115807,1740,6069,-738,-1832,298,211,1295506,2343,16495,3639,19561.0,188650
5.04685688,2525,46192,-3722,-311,57729,17775,2949878,8129,850,10845,108302,52889,518,826,80,3511,2290,114257,1769,6000,-1706,-1486,272,251,1293903,2552,16950,3438,19445.0,182923
5.047424316,2808,46320,-3366,-798,58942,18253,2952519,8653,1264,11253,108026,51563,397,894,78,3834,2268,114994,1327,5537,-1305,-1584,555,340,1292962,2445,17602,3149,19575.0,184060
5.047991276,3085,47814,-3333,-532,56280,20041,2972701,9023,1242,10195,113075,53686,585,977,214,3585,2531,117215,1729,5288,-1313,-1744,438,341,1287740,1950,16585,3726,19175.0,193038
5.048558235,2599,45505,-3572,-875,55973,19034,2920577,8468,1009,10092,109678,52466,534,880,118,3368,2168,114844,1560,5263,-899,-972,384,214,1282777,2217,16277,2440,18454.0,185284
5.049125671,2393,44353,-3290,-743,51093,18498,2698634,8368,978,9943,110362,53329,466,811,143,3398,2252,106923,1370,4786,-783,-1269,357,236,1280938,1942,15559,3189,18669.0,183974
5.049693108,2552,43047,-3195,-500,48820,17891,2694732,8341,771,9632,106220,52673,556,968,162,3231,2270,105821,1328,5515,-1293,-1322,522,378,1280499,2438,14233,3085,17606.0,178051
5.050260067,2462,45578,-3097,-810,51010,19673,2771503,7846,1330,9198,114810,52745,521,894,118,3330,2132,109977,1926,6402,-695,34,422,178,1290528,2460,16907,3132,18727.0,190369
5.050827026,2672,44917,-2654,224,47995,20225,2634699,8775,1048,9335,111764,48559,447,817,76,2927,2152,108661,2038,5298,-903,-933,464,167,1286954,2204,15903,2783,17252.0,188353
5.051394463,2918,46141,-3012,-472,49440,19647,2756227,8334,603,8618,106587,49996,433,851,50,3488,2298,111324,1952,5971,-882,-1325,332,255,1282821,2706,16281,3441,17309.0,183627
5.051961899,3003,50139,-3222,-173,51810,23211,2764932,9059,1150,8585,122741,51332,489,967,145,3545,2187,117031,2145,6621,-1153,-1481,544,285,1285042,2710,17360,3818,19223.0,208153
5.052528858,2875,49390,-2839,-423,51647,23222,2610376,8893,1496,8086,124331,51787,554,965,116,3278,2721,109279,1410,5339,-1203,-972,357,320,1281571,1721,16690,3388,17749.0,208711
5.053095818,2708,49166,-2943,-627,50489,23400,2529048,9323,1533,7572,129020,51752,474,972,103,2954,2106,107371,1852,6191,-129,-1193,402,169,1276140,2414,16361,2907,19173.0,213617
5.053663254,2917,49808,-2771,-747,50212,23022,2602437,9114,1776,8242,128604,53203,473,971,166,3296,2521,107551,1747,5892,-608,-1358,490,215,1281720,2740,17094,3255,20414.0,213465
5.054230213,3267,54764,-3073,-434,51924,24621,2738081,9522,1017,8225,141528,53090,513,984,211,3383,2560,113167,1862,6458,-625,-1247,370,267,1281633,2414,16389,2710,20421.0,233702
5.054797649,3499,57334,-3078,-186,53276,26410,2772073,10656,1540,8795,152782,51476,503,1010,91,3664,2761,117305,1520,6376,-1315,-1591,455,330,1289804,2263,17630,3030,21054.0,250681
5.055364609,3670,57492,-2828,-280,53929,26179,2799596,10434,1015,8753,149759,53512,537,949,156,3691,2589,118114,1834,6710,-1382,-1559,436,322,1289526,2157,17011,3193,22507.0,247534
5.055932045,2908,49239,-3499,-736,58057,21522,2899647,8936,718,10750,115943,52704,500,950,62,3755,2812,119610,1757,6110,-1789,-1672,727,313,1290865,2834,17641,3650,21159.0,198548
5.056499004,3911,60361,-2807,-341,53943,27411,2744279,11636,1168,8125,159464,51801,529,1067,61,3905,3024,120219,1785,6382,-1459,-1440,630,270,1288851,2955,16789,3600,23732.0,262783
5.057066441,3893,60694,-2685,-267,54693,28504,2730733,11599,846,8264,165937,52240,571,1202,120,3965,2999,119822,1475,6873,-749,-646,578,296,1296278,2661,16243,3158,23200.0,270627
5.0576334,3354,59058,-2580,-152,55904,27560,2701558,11030,1112,7903,164802,51880,580,1247,124,3803,3413,121454,2251,6953,-465,-1251,476,258,1288292,3016,17510,3458,23539.0,265804
5.058200359,3624,57134,-3200,-182,53625,26762,2668052,10918,1391,6608,152072,53943,714,1218,153,3568,2932,119998,1600,6588,-470,-992,401,306,1288079,2099,16074,3828,22890.0,250510
5.058767796,3906,58879,-2626,-389,54580,27408,2653059,11343,905,6998,162759,52747,566,1503,198,4269,3229,120383,1878,6685,172,-423,550,278,1285566,2352,17220,3082,23449.0,264295
5.059335232,3610,57086,-2598,-410,55648,25657,2760830,10256,894,7958,153039,53156,573,1434,70,3838,3023,120052,2166,6544,-569,-993,422,330,1284632,2807,17968,3297,23742.0,249648
5.059902668,3716,58210,-2918,-802,56986,25761,2777111,10660,1229,7144,154546,52165,575,1051,126,4075,2837,123018,2592,6444,-806,-1278,505,264,1287925,2724,17243,3494,23221.0,252893
5.060469151,3928,54823,-3178,-185,58031,23364,2836466,10019,798,8251,138459,52457,385,866,96,3680,2849,122862,1859,6304,-689,-1394,533,258,1292174,2631,17138,4001,22371.0,230593
5.061036587,3416,51978,-3081,-305,55479,22172,2766855,9232,1387,8676,127358,53271,491,895,149,4044,2013,116249,1793,6231,-1524,-2172,490,471,1290429,2123,16830,3054,22609.0,214156
5.061604023,3557,52433,-2961,-108,57657,21454,2821839,9270,882,8607,126231,51101,445,879,69,3697,2199,117227,2143,5844,-1513,-1264,528,189,1289475,3004,17419,2949,22362.0,212945
5.062170982,3282,49165,-3154,-455,57777,19961,2817824,9154,733,8663,126754,50712,406,886,82,3845,2102,117357,1725,5894,-868,-1132,468,181,1289668,2338,16775,3749,22787.0,208316
5.062737942,3250,50270,-2616,-29,59875,20542,2908786,8787,772,8817,120646,50555,380,749,91,3662,2282,119440,1603,5792,-1086,-1213,440,310,1290312,2560,17172,3542,21960.0,203495
5.063305378,2868,49959,-3399,-466,57772,19491,2958466,8210,618,9546,116192,52724,537,884,93,4106,2541,119382,1687,6092,-1497,-1815,526,276,1288208,1943,17321,4357,22886.0,196720
5.063872814,3455,49901,-3519,-674,58279,19498,3014321,9306,614,9393,114002,52347,454,911,212,3968,2220,119797,1854,5847,-656,-931,332,281,1289406,2248,17380,3361,20837.0,196162
5.064439774,3047,48097,-3305,-558,56973,18693,3026110,8691,547,9067,111107,54569,444,801,147,3852,2109,120086,1506,6607,-705,-1171,372,280,1278700,2917,17160,3207,20166.0,189635
5.065006733,3297,48122,-4030,-918,58407,17516,3075931,7785,455,10192,108215,52805,585,848,131,3858,2687,123292,1571,5336,-2082,-1350,357,375,1270986,2783,16614,4179,18454.0,184935
5.065574169,3006,47378,-3698,-672,58836,17822,3080492,7693,252,9870,105616,51855,532,847,210,3753,1998,122288,2138,6180,-1155,-1216,405,281,1278388,2335,17435,3389,17281.0,181515
5.066141605,2817,45852,-3799,-602,58964,17344,3066232,7494,814,10423,103491,52841,432,857,186,3563,2386,121545,1837,5394,-931,-1166,390,280,1265189,2195,16246,2323,16888.0,176998
5.066708565,2629,44759,-3565,-608,59749,16241,3065041,7750,420,10232,99718,52034,444,733,152,3887,2230,120871,2145,5727,-1741,-906,478,292,1259005,2242,16441,3754,15510.0,171097
5.067275524,2774,43759,-3752,-780,57812,15604,3053707,7396,238,10203,96742,52373,511,826,121,4035,2138,120106,1480,5252,-1526,-1339,476,260,1270255,2350,16553,3647,15417.0,166275
5.06784296,2628,42522,-3558,-456,59700,15020,3090948,7033,354,10210,90051,51527,431,755,77,3431,1673,117225,1396,5705,-1675,-1634,640,156,1269915,2929,17275,2864,14260.0,157254
5.06840992,2693,43327,-4114,-945,58308,14766,3151976,6973,797,10164,90093,53442,463,793,202,3739,2145,117069,1915,5091,-1311,-1184,376,246,1261547,2870,16538,2678,14988.0,157852
5.068977356,2807,44272,-3615,-801,57338,15204,3190952,6823,471,10584,91566,52347,420,772,200,3535,2196,120606,1090,5410,-1300,-1301,431,290,1277875,2330,16290,3107,14540.0,160672
5.069544315,2757,43874,-3627,-944,58308,15420,3163860,7010,670,10492,94967,52320,368,787,186,3473,2450,121517,1323,5619,-820,-1548,426,248,1289578,2067,17379,3680,15136.0,164028
5.070111752,2349,41409,-3675,-568,60459,14448,3189270,6990,264,10500,89603,51340,437,801,89,3371,1912,120475,1250,5789,-1595,-1792,363,216,1292593,2790,17229,3734,14278.0,154799
5.070678711,2363,40634,-4191,-1067,60759,13417,3175969,6821,155,10401,88608,50979,376,778,142,3392,1847,120845,1624,6021,-980,-2029,383,297,1294960,2619,15902,3136,14528.0,151843
5.071246147,2533,41931,-4206,-835,59790,14102,3174430,6779,353,11224,91911,51524,416,782,115,3438,2274,122202,1295,6222,-888,-1806,410,234,1289121,2300,16343,2671,15699.0,157256
5.071813107,2766,42861,-3979,-881,59070,13864,3220835,6531,858,10285,90560,52235,356,743,104,3518,1987,121894,1230,5779,-1282,-1344,423,289,1297974,2555,17307,3379,14158.0,156582
5.072380066,2097,39893,-3965,-1117,59080,13150,3206310,6128,361,9891,84009,52054,439,793,104,3531,1925,118487,1552,5577,-1431,-1253,468,256,1296909,2258,16857,3067,13986.0,145277
5.072947502,2696,42369,-3709,-695,57250,14650,3195445,6315,271,10740,89015,53801,379,709,103,3549,1596,121066,963,5696,-1592,-2194,303,388,1293902,2619,16829,3532,14008.0,155045
5.073514938,2762,44034,-3450,-1017,57933,16342,3067417,7259,837,10770,98908,52882,404,783,127,3742,1744,120376,1751,5362,-1404,-1373,515,329,1299437,2814,16787,3033,15190.0,169305
5.074081898,2778,44404,-3555,-985,59621,16341,3075428,7179,170,10400,99742,52909,464,826,141,3732,1974,119678,1130,5745,-1212,-1708,394,282,1300248,2696,16690,4140,16027.0,170444
5.074648857,2675,46537,-3868,-1057,56530,16083,3128118,7308,1161,10304,100334,54186,471,843,131,3583,1713,120165,1673,5521,-1278,-1502,382,249,1295759,2297,17398,3728,15275.0,172937
5.075216293,2702,45284,-3674,-752,57554,15635,3153976,6675,570,10555,95472,53955,490,763,171,3783,1823,119422,1895,5494,-1954,-2499,408,418,1297257,2599,16685,2702,14484.0,165768
5.07578373,2766,45816,-3495,-1136,56739,16306,3130991,7213,365,10068,97007,53609,561,743,109,3559,1806,121621,1415,5725,-2246,-1141,507,298,1298472,2723,16623,3598,14585.0,169108
5.076350689,3249,47821,-3871,-469,59921,17120,3070675,7083,909,10909,102605,52304,389,882,65,3555,2052,117889,1575,5997,-1469,-1191,572,296,1298071,2276,17301,2732,15550.0,177878
5.076917648,2893,49797,-3550,-1098,57667,17486,3030014,7749,517,11008,109076,53835,483,828,106,3945,2003,119056,1880,6094,-1291,-1838,497,321,1296876,2961,17126,3345,17458.0,187001
5.077485085,2969,46842,-3818,-826,59080,16037,2986857,7121,614,11049,100360,52204,449,775,175,3705,2070,116934,1483,6140,-1545,-1324,486,322,1297067,2427,16491,3394,17969.0,173329
5.078052521,2821,45841,-3352,-896,59130,16108,2988822,7796,920,10291,102060,53695,508,846,97,3427,2103,117497,1238,5496,-1358,-1154,675,234,1295054,2890,17224,3195,17185.0,174626
5.07861948,2449,43618,-3993,-888,60718,14590,3030643,7219,386,9553,97384,51298,503,793,159,3940,1911,122625,1376,5864,-1794,-1534,474,318,1297864,2209,16033,2591,16517.0,165260
5.07918644,2729,45562,-3603,-791,62090,16169,2978147,7825,234,9820,103102,49880,450,793,95,3780,2297,123092,1266,6443,-867,-784,510,171,1302622,2339,17371,3202,16979.0,175387
5.079753876,2740,45969,-3348,-971,60699,15681,2943166,7951,556,9782,110477,50799,458,815,62,4020,1918,120646,1402,5323,-1507,-1417,388,236,1304824,2258,17517,3636,20573.0,182818
5.080321312,3060,47020,-3142,-778,59495,16822,2893013,8064,-10,10974,110457,53038,417,857,107,3904,1848,119121,1930,5443,-1441,-1477,357,293,1297741,2809,16499,4106,22762.0,185423
5.080888271,2675,42851,-3586,-735,59671,14812,2870797,7760,626,10782,102238,51362,457,859,210,3855,2260,118379,1767,6171,-717,-1289,429,176,1302379,3190,16711,3832,20381.0,170336
5.081455231,2611,43330,-3605,-676,58208,15360,2876128,8012,952,10615,98389,50850,466,848,111,3939,2081,117668,2222,5704,-1700,-1769,691,214,1302184,2410,16655,3010,21601.0,167702
5.082022667,2980,47356,-3973,-791,60843,16249,2925796,7882,370,11083,109542,51712,531,762,145,3764,2384,119031,1330,5355,-1742,-1686,267,298,1304255,2481,18591,3148,23161.0,184009
5.082589626,2968,49597,-3673,-1087,58492,17287,2925961,8578,368,11642,118127,54232,461,864,109,3820,2698,117670,1542,6325,-775,-992,387,173,1303955,2739,16556,3118,24211.0,196557
5.083157063,3020,47585,-3998,-725,61867,17227,2912304,8716,491,11650,113295,50261,460,838,134,3940,2278,118227,1203,5798,-1868,-1364,584,329,1307793,2593,16826,3325,25851.0,189843
5.083724022,3222,47918,-3315,-546,61417,17229,2881675,8713,-159,11083,113593,52125,485,873,142,4048,2430,118568,1873,6041,-1092,-1613,315,314,1309618,2721,16375,3432,25588.0,190675
5.084291458,2783,45808,-3006,-536,63151,17204,2878872,8141,11,11442,113720,50709,532,877,146,3904,1993,117720,1799,5624,-679,-1221,410,294,1310215,2427,16650,3851,26262.0,187656
5.084858418,2572,45933,-3240,-705,61240,17828,2908671,7908,157,11174,112205,52015,487,782,117,3898,2341,119260,1756,5875,-1229,-1052,358,211,1314623,2921,17046,3163,25750.0,186446
5.085425854,2631,43680,-3286,-687,61578,16796,2840628,8300,25,11612,110542,52095,555,891,159,4056,1968,119344,1555,6035,-1158,-1349,497,244,1312741,2956,17030,3864,27347.0,181949
5.085992813,2891,45131,-3353,-866,60183,17391,2867592,8788,898,12160,109707,53742,580,837,90,3664,2410,118736,1657,5730,-1711,-1418,579,285,1315980,2335,17648,4536,25421.0,183908
5.086559772,2884,45587,-3570,-739,59086,16441,2852682,8082,234,11139,111025,52716,550,949,102,4087,2130,119048,1841,6504,-762,-1545,473,260,1312089,3068,18231,3437,24340.0,184019
5.087127209,2687,43762,-4065,-952,59400,15897,2917141,7546,-115,10188,100481,51148,565,885,51,3608,2286,117234,1383,6197,-1741,-1539,606,267,1315290,2892,17199,3774,21920.0,170373
5.087694645,2902,45260,-3626,-1088,57411,16448,2925666,8082,438,11317,106235,52284,555,945,98,3759,2295,120052,1739,6021,-1258,-1669,549,365,1307793,2748,17890,3574,22058.0,178927
5.088261604,2585,46258,-3769,-1181,57086,17143,3019378,7657,176,11492,107961,53784,474,856,49,3899,1842,120469,1409,5847,-1659,-1454,426,282,1309397,2247,16761,3969,21393.0,181604
5.088828564,2688,44445,-3788,-513,59957,16339,2980762,8291,-8,11830,107165,51986,466,848,181,3521,2157,119395,1611,5914,-924,-939,280,233,1304763,2462,17591,3124,20612.0,178928
5.089396,2794,45677,-3459,-1102,58683,16236,2933349,7279,338,11518,105833,52317,459,751,135,3691,2042,116820,1295,5479,-1593,-929,346,309,1306643,2503,16970,3559,22090.0,177819
5.089963436,2404,42521,-3422,-1034,55994,15970,2731446,6531,606,10952,95733,54399,451,796,10,3410,1984,108843,1838,5893,-1234,-1077,406,233,1295089,2566,16534,3900,19462.0,163159
5.090529919,2521,43172,-3258,-876,53817,15429,2653443,5966,596,10110,97504,55059,408,762,66,3060,1936,106891,987,5291,-1223,-1570,288,315,1289232,2330,16692,3763,18801.0,164592
5.091097355,2452,42817,-3314,-1353,52637,15334,2689117,7036,1264,10021,95176,55172,423,745,130,3288,1793,109032,1357,5446,-1225,-1285,364,157,1292317,2639,16724,3898,19968.0,162815
5.091664791,3167,46907,-3803,-1099,55950,16721,3045263,7180,581,11952,106928,53415,463,799,18,3984,2026,121700,1494,5996,-1854,-1441,407,288,1286308,2524,16609,3339,18698.0,180903
5.092232227,2726,44058,-3787,-1229,58287,14953,2997988,7567,-217,12374,95313,51471,505,876,154,3767,2077,119847,1438,6006,-815,-1350,457,171,1283583,2573,16424,3320,23546.0,164617
5.09279871,2987,45654,-4124,-1119,58392,16372,3061153,7368,71,13075,97309,52196,742,841,63,3771,1814,119526,1085,5536,-1995,-979,420,211,1274372,2270,16887,3182,21172.0,169690
5.093366146,2970,47054,-3705,-1131,57090,17266,3088202,7913,206,12422,102129,51174,1211,1329,107,3806,2036,120789,1754,5383,-1960,-807,808,236,1285851,2256,15877,3708,19208.0,177332
5.093933582,2895,49038,-3997,-998,58060,17817,3126215,7731,24,12092,109173,51973,453,953,170,3890,2381,124374,1943,6182,-336,-1226,423,271,1264885,2776,17209,3872,19728.0,186654
5.094501019,2986,46742,-3900,-1224,57426,17325,3106287,7687,303,11969,102675,52449,524,785,67,3654,2523,122682,1633,5887,-2437,-1587,413,400,1264218,2555,16750,3064,19341.0,177415
5.095067501,2671,48016,-3591,-779,57844,18216,3059812,7858,574,12389,111049,50760,521,854,76,3732,1656,125077,2070,5873,-1448,-1191,564,301,1269312,2435,16439,3167,18952.0,187810
5.095634937,2978,49693,-3383,-460,57363,18452,3081974,7834,83,12258,114553,53733,519,944,155,3534,2158,126153,1039,5526,-1377,-925,331,200,1265030,1982,16852,3930,19082.0,193510
5.096202374,3104,50739,-3264,-777,56717,19103,3051157,8101,155,11058,114396,52558,513,968,162,3533,2049,127635,1670,6348,-985,-752,365,148,1266861,3257,16450,3495,21048.0,195443
5.096769333,3297,51230,-3877,-1005,57512,20105,2995573,8243,236,10012,122854,51974,521,883,162,3400,2398,129651,1672,6179,-820,-1304,539,287,1266544,2513,15825,3910,20135.0,205729
5.097336292,3234,52799,-3366,-830,55279,20073,2908550,8463,465,9509,125750,50720,468,926,210,3156,2783,128461,1733,6905,-612,-1318,389,257,1268593,2819,16889,3866,20695.0,210319
5.097903728,3448,52486,-3188,-935,54124,20802,2817718,8952,487,8836,123981,54095,420,800,101,3552,2780,122974,1260,5942,-964,-1101,469,276,1267479,2882,17090,3670,20399.0,209669
5.098471165,2945,51769,-3540,-1371,55764,21057,2815231,8581,854,9384,127478,51617,534,1052,163,3789,2619,126952,1950,6185,-775,-687,337,275,1268781,2551,16807,3748,21681.0,211830
5.099038124,3132,51999,-3075,-1199,52873,19495,2752664,8785,317,8311,121479,52918,539,979,183,3563,2475,122934,2072,6204,-1162,-1113,433,336,1265371,2421,15953,3170,22288.0,204890
5.099605083,3043,51390,-3048,-868,51697,20965,2608593,8791,723,6941,122512,52559,477,967,208,3457,2322,120653,1911,6629,-726,-1239,356,297,1276867,2225,15988,3636,22910.0,206701
5.10017252,3501,57486,-2889,-994,56388,24068,2574422,10000,333,7252,177924,49859,551,1206,167,3626,2811,122522,1805,6665,-458,-907,453,277,1275595,2523,17555,3079,22905.0,272979
5.100739479,3261,54522,-3202,-898,54478,23247,2562025,10238,402,6634,147549,50960,579,1090,139,3627,2891,120293,1698,6519,-826,-894,419,264,1281775,2823,17032,3318,23258.0,238817
5.101306915,3104,51293,-3312,-725,53680,20545,2525946,9419,1042,6402,125859,49450,3598,1375,70,3326,2750,117536,1587,6016,-528,-146,704,204,1288694,2286,15979,3111,23179.0,210220
5.101873875,3563,53421,-2941,708,53271,22129,2602544,9744,636,7570,155660,49020,43898,2247,-210,3837,2486,118593,1865,6187,1149,1194,6384,16,1284400,2699,17149,3162,22013.0,244517
5.102441311,3318,52898,-3055,-897,54964,21119,2635677,10090,166,7667,150458,50930,580,1128,101,3736,2733,120510,1951,6135,-309,-1130,281,198,1270389,2323,17131,3449,19491.0,237883
5.10300827,3126,45498,-3161,-1185,51498,15872,2531586,7665,452,7946,107137,51571,516,937,123,3674,2275,113562,1496,5302,-673,-808,535,213,1265995,2829,16909,3072,19914.0,179298
5.103575706,3347,53058,-3031,-916,56843,20640,2695039,9510,450,7146,129592,50648,580,1045,104,4035,2819,124917,1792,6157,-1868,-1726,522,300,1282720,2602,16076,3111,21289.0,216147
5.104142666,3341,53933,-3389,-942,58439,21318,2756114,9315,481,7044,132125,50254,589,1063,196,3950,3034,124515,1638,5931,-1327,-1725,410,352,1288825,2797,17039,3115,21969.0,220032
5.104709625,4105,55500,-3228,-830,58968,21689,2825061,9878,710,6907,129466,51062,481,990,151,4198,2812,124141,1717,6542,-1227,-2120,569,333,1293452,2280,17363,3618,21509.0,220638
5.105277061,3786,55108,-2895,-704,59294,22381,2859751,10377,779,7692,133683,52099,639,1008,92,3997,2937,124911,1528,6038,-2191,-1862,392,325,1294822,2770,17809,3575,22382.0,225335
5.105844498,3567,54678,-3074,-600,59951,21994,2829007,9557,-69,7755,134988,51510,550,1013,116,4117,2866,125598,2669,6329,-955,-1523,342,218,1291347,2393,17536,3161,22135.0,224784
5.106411934,3213,50923,-3164,-694,59536,21758,2783598,9621,803,7472,127722,50950,603,1111,152,3451,3044,122451,1830,5750,-1734,-1978,444,262,1291044,2954,16353,3623,22743.0,213237
5.106978416,3371,53017,-3432,-1143,58451,19990,2820070,9533,780,7826,128422,50984,624,1042,112,3985,2570,123473,2182,5915,-1404,-1859,408,259,1293041,2422,16704,3045,23210.0,214333
5.107545853,3121,48776,-3161,-1147,56289,18929,2616344,8450,1183,7480,114815,49834,582,1064,214,3505,2585,115465,1700,5556,-1292,-881,468,360,1288781,2058,18199,3466,21477.0,194091
5.108113289,3294,49904,-2713,-856,55341,19254,2622541,8214,1237,7638,122431,51065,517,925,99,3706,2331,113667,1726,5140,-1727,-2118,509,321,1282189,2154,17225,2933,21628.0,203097
5.108680725,3588,52132,-2719,-814,56475,20226,2815989,9428,610,8554,128444,51122,528,1021,194,4105,2569,117604,1540,5378,-980,-1174,289,188,1288483,2534,17807,3859,21208.0,213818
5.109247208,3447,50572,-3243,-806,56288,19871,2790170,9457,791,8289,125190,52033,606,881,135,3729,2605,119940,1732,5540,-2491,-1865,441,345,1289473,2423,17093,2885,20894.0,208537
5.109814644,3322,51234,-3631,-872,57640,18914,2777179,8709,764,7809,122475,49274,505,938,84,3914,3060,118749,1986,6279,-1616,-1661,563,220,1283790,2522,17547,2918,21499.0,204654
5.11038208,3085,47096,-3292,-1302,56567,17257,2778436,8037,298,8469,113724,51509,594,929,184,3896,2488,116999,1758,5052,-1797,-1363,592,277,1286155,2256,16871,3133,20211.0,189199
5.110949039,2960,45275,-3817,-1257,56027,16415,2784130,7884,712,8837,106739,49792,528,835,126,3787,2300,114368,2037,5479,-1877,-1429,363,260,1272804,2797,16938,3853,17356.0,179273
5.111515999,2956,46091,-3624,-1404,54555,17238,2833799,8184,1237,9199,105430,50148,516,899,154,3803,2417,114480,1443,5395,-1423,-1408,358,269,1280059,2334,17183,2711,17505.0,179899
5.112083435,2949,45139,-3578,-1337,55354,16666,2849570,7749,876,9420,101076,50622,489,835,102,3543,2932,114831,1400,4889,-1594,-1716,425,230,1280131,1802,16881,2937,18220.0,173579
5.112650871,2707,43222,-3878,-1095,54830,14957,2862661,7807,1096,9896,90478,49474,588,846,153,3543,1922,114012,1559,4883,-1530,-1326,429,207,1270820,3064,16742,2748,15082.0,159171
5.113217831,2639,42225,-3795,-1084,54482,15644,2781830,8234,1571,9181,93704,47426,593,939,81,3460,1983,113345,1619,5047,-2270,-1926,797,356,1267818,2086,17027,3266,17033.0,162446
5.11378479,2377,40029,-3910,-1357,53990,15487,2747017,7089,891,8100,96591,49957,489,795,122,3675,2467,114872,1935,5595,-2169,-2467,407,202,1265163,2588,16005,2839,13672.0,161573
5.114352226,2378,39443,-3935,-1218,51492,12575,2890906,6589,1154,10008,85223,49641,489,858,69,3335,1784,111736,1440,5182,-2122,-2024,394,363,1259876,1665,15943,3223,13513.0,146208
5.114919186,2268,41026,-3833,-1087,52631,12921,2878182,6964,1275,10216,87612,48254,409,807,159,3438,1790,111095,1287,5133,-1618,-2323,346,336,1254097,1830,16283,3391,13556.0,150791
5.115486622,2458,42022,-3866,-980,52661,13762,2860139,6961,824,10700,90606,49822,521,759,60,3572,2577,111306,1305,4851,-2314,-2475,353,271,1248805,2108,15472,3233,14131.0,155809
5.116053581,2847,45220,-3467,-962,51913,15654,2821691,7909,1255,9372,100290,49980,580,906,80,3301,2005,112797,1182,5653,-1870,-2135,393,332,1255043,2519,15706,2774,15305.0,171920
5.116621017,2804,45097,-3751,-1141,53956,15071,2925169,7109,950,10388,94609,48857,574,805,85,3427,2034,112482,1431,5167,-2638,-1706,506,357,1257467,2850,16768,3241,14196.0,164690
5.117187977,2963,46676,-3974,-1075,54353,16818,2943120,8187,1351,10455,100725,53301,592,904,133,3335,2124,114424,1584,5616,-1298,-2013,284,327,1269525,2687,15972,2832,16186.0,175369
5.117755413,2592,43927,-3483,-982,54410,16162,2821852,7872,971,10231,92814,51575,585,865,113,3519,1977,110749,1216,5128,-2001,-1598,585,446,1282759,2207,15860,3096,17347.0,163367
5.118322372,2962,46145,-3815,-1050,55104,16540,2889520,7921,1362,9870,97232,51953,635,806,91,3119,2483,115324,1226,5413,-1710,-1106,579,200,1290890,2385,16943,2555,17761.0,170800
5.118889332,3092,50019,-4016,-1658,57914,17440,2982994,8236,524,10107,109099,54927,541,912,91,3874,2052,115291,1821,6319,-2344,-1849,506,354,1301261,2500,16056,3173,18874.0,187886
5.119456768,3435,50706,-3815,-1470,55260,17478,3003653,8520,660,10066,111361,50848,518,1302,122,3510,2286,115480,1693,6266,-340,-937,390,308,1316700,2533,17437,3201,18857.0,191500
5.120024204,2883,47442,-3891,-1251,54352,17581,2872582,8396,1453,9355,104908,50366,481,1151,20,3529,2007,113331,1160,5815,-662,-1321,476,243,1320323,2221,17182,3458,19100.0,181210
5.120591164,3395,48253,-4242,-1293,55564,16362,3048785,7938,385,9867,105700,48302,454,879,199,3683,1949,113945,1586,5861,-1123,-1419,473,230,1318727,2105,17196,3481,19750.0,181648
5.121158123,2334,40331,-3471,-739,48078,13491,2652623,7804,344,9353,97386,46200,465,820,159,3232,2232,110699,1921,5616,-1035,-973,378,158,1309112,2624,16880,4289,21041.0,161346
5.121725559,2537,43540,-3761,-1001,49456,15628,2751240,8834,3,10054,115477,45710,441,842,67,3513,2461,115393,1788,5874,-417,-846,420,248,1319111,3487,17379,3686,23674.0,186016
5.122859955,2542,42525,-3130,-639,47498,15548,2798341,8044,-3,9192,102265,46710,440,874,126,3803,2140,117283,1576,5730,-902,-1700,427,201,1344527,2376,17225,3986,19547.0,170924
5.123426914,2926,47389,-4286,-1033,55507,17175,3073099,8784,145,9054,104395,49194,525,909,57,3711,2242,121222,1492,6081,-1610,-1436,420,306,1352074,3193,17083,3071,20044.0,180669
5.12399435,3739,56352,-3543,-1179,56112,21167,3066736,10089,691,10580,129247,49545,493,957,103,3811,2623,123746,2158,6103,-1261,-1280,497,232,1346722,2660,16920,3635,22894.0,220594
5.124561787,3607,56196,-3558,-1027,57092,20279,2995050,9652,560,10083,129435,49262,451,939,188,3924,2621,122359,1625,5608,-908,-1205,335,321,1351456,2371,16788,4337,24367.0,219169
5.125128746,3648,57599,-3723,-1071,56343,21807,2972228,9914,259,9746,137782,50056,592,1073,134,3992,2637,121125,1593,6117,-481,-478,358,232,1355292,2904,17424,3129,26110.0,230750
5.125695705,3481,52199,-3475,-755,56414,18720,2889083,8562,494,8576,115012,50621,550,1023,146,3892,2538,118727,2059,5331,-993,-1386,447,226,1343807,2201,17369,3613,22300.0,197974
5.126263142,3413,51330,-3225,-1112,52573,18680,2626475,8942,1028,7768,113624,51458,412,836,132,3748,2065,110793,2107,5364,-908,-1377,449,302,1337261,2324,16948,2787,22183.0,195989
5.126830578,3774,52182,-2900,-851,50984,18737,2603006,8444,805,8408,113720,50223,490,856,46,3440,2474,108835,2188,5636,-945,-1609,401,151,1328048,2411,16402,3056,23547.0,196857
5.127397537,3457,52182,-2992,-618,52733,18797,2605602,8557,765,8425,110631,47750,573,857,69,3672,2549,107628,1556,5346,-2005,-1937,565,311,1324040,3159,16839,3141,23180.0,193624
5.127964497,3467,54558,-3106,-1029,53912,20746,2671076,9918,139,8055,126125,51217,861,1078,196,3687,2152,112222,2280,5869,-1508,-1433,558,165,1337220,1964,17195,3812,24054.0,214814
5.128531933,3968,58904,-3244,-1060,50683,21355,2754759,10076,361,8505,131390,51531,830,1117,181,3670,2713,113299,1884,5886,-1838,-1648,946,405,1337735,2342,17065,3205,24964.0,225693
5.129098892,3836,57375,-3218,-544,52665,21282,2671719,9896,503,9088,131299,49597,638,1069,153,3423,2401,111340,1970,6042,-1143,-859,748,203,1341585,2129,16513,3882,24334.0,223688
5.129666328,3718,53821,-3031,-859,51172,19773,2595108,9105,386,7848,125369,51679,546,907,134,3642,2652,108859,1748,5916,-1521,-2005,448,288,1343055,2708,16967,3114,23010.0,211786
5.130233288,4073,60236,-3223,-1078,51027,22629,2740693,10368,678,8835,147372,49071,562,1005,119,3577,2737,114821,1841,5856,-951,-1520,379,266,1344592,2236,16376,2757,22800.0,244678
5.130800724,3809,60255,-3801,-845,49648,22248,2651355,9699,160,8617,141578,48845,649,1024,173,3707,2830,111377,1808,5758,-1150,-969,597,248,1341489,2614,17112,2965,21840.0,237589
5.131367683,3687,55110,-3003,-901,45128,19531,2483186,9161,1084,8369,125614,49849,559,901,181,3335,2368,104770,1837,5182,-1170,-1510,599,306,1336812,1870,15876,2382,21646.0,213103
5.13193512,3511,56245,-3045,-801,48278,20615,2600547,9493,874,8937,133722,48487,530,960,142,3419,2676,110034,1754,5569,-1383,-1185,489,295,1347084,2261,17098,2853,20207.0,223586
5.132502079,3552,55792,-2888,-870,51525,21526,2592384,9267,549,9372,138603,50320,577,1102,166,3500,2660,109310,1777,5490,-798,-788,528,252,1354749,2708,16684,3567,22868.0,228740
5.133069038,3801,60161,-3195,-473,51991,23551,2744644,10268,796,9898,151944,49731,534,1351,133,3666,2784,116020,1546,5698,-553,-1357,550,368,1361182,2303,16160,3512,23098.0,249725
5.133636475,3700,59636,-3457,-706,52144,22775,2806268,10234,461,9273,146307,47172,514,1195,126,3776,2503,116235,2283,6118,-359,-1402,440,394,1363347,2560,15799,3226,23499.0,242652
5.134203911,3528,57728,-3601,-980,50194,22032,2738233,9587,560,8269,142555,51544,602,1104,146,3500,2684,114426,1492,5839,-1213,-1789,667,320,1363631,2610,17338,3836,22655.0,235430
5.13477087,3481,55697,-3607,-1225,49046,20921,2654510,10247,733,8567,139047,52938,526,1090,189,3649,2533,110451,1706,5944,-735,-1250,506,224,1360264,2833,15795,3118,21596.0,229393
5.13533783,3492,58104,-3143,-532,51265,22266,2762010,10003,-13,9579,149748,47866,561,1374,98,3715,2762,115439,1417,6389,-439,-1507,431,278,1358669,2100,17527,3676,23106.0,243613
5.135905266,3113,49865,-2738,-674,46299,17349,2357417,8164,360,8399,122439,48614,635,1201,66,3271,2467,100290,1398,5654,-1240,-1206,448,322,1344142,2551,16889,2744,20549.0,200930
5.136472702,3144,48423,-2612,-893,45739,16259,2329601,8520,285,8143,118085,48577,689,964,180,3157,1988,98645,1681,5255,-1334,-440,425,171,1345257,2053,16641,3496,20601.0,194431
5.137039661,3299,50110,-2551,-841,47965,18314,2434362,8911,828,9043,122905,48865,579,1001,116,3617,2288,101520,1742,4906,-1290,-883,402,210,1341211,2443,15774,2557,20377.0,203539
5.137606621,3482,52209,-3522,-1362,47102,17685,2568315,8652,419,8174,116617,52103,551,854,72,3448,1925,102210,1784,5419,-1867,-1350,442,302,1342183,2329,16160,2778,21641.0,198645
5.138174057,3597,56740,-3058,-811,50946,20512,2660260,9234,524,9484,128844,50006,585,1002,135,3744,2502,109784,1690,5679,-996,-1210,335,282,1359721,2132,16433,3222,22811.0,218927
5.138741493,3774,55717,-3540,-781,52623,20823,2782946,9999,-186,9715,131664,50887,597,1096,124,3860,2539,113633,2332,6015,-1617,-1339,555,286,1360119,2050,17422,3489,22056.0,221977
5.139307976,3791,55340,-3283,-562,53248,20120,2836192,8848,383,10263,129339,51522,615,892,179,3760,2674,115348,1688,5099,-1773,-1899,425,287,1365178,2229,17744,3799,23016.0,217438
5.139875412,4009,55619,-3401,-864,52649,19737,2789711,8770,405,9624,124888,51565,578,984,144,3612,2528,112137,1734,5562,-1198,-1144,446,229,1357746,2628,17238,3497,22104.0,213023
5.140442848,3746,55406,-3479,-893,52269,20400,2846909,9128,392,10112,127089,48736,610,1002,112,3711,2385,114512,2200,6261,-1763,-1861,475,386,1360197,2619,17171,2954,22642.0,215769
5.141010284,3837,55153,-3386,-849,55034,19654,2857397,9679,498,9204,122093,50188,583,903,98,4032,2675,112612,1540,5427,-1781,-1387,492,256,1361445,2330,16608,3848,20892.0,210416
5.141576767,3615,53133,-3445,-1210,55278,17688,2895739,8783,388,10057,119478,52295,587,872,110,3835,2423,113753,1780,5350,-1633,-1045,496,203,1361325,1733,17694,4019,20706.0,202697
5.142144203,3685,55354,-3461,-942,55466,18769,2902448,8898,-158,10328,125644,51314,581,886,161,3716,2476,115549,2066,5581,-1273,-988,370,214,1367598,2570,17405,3532,22029.0,212350
5.142711639,3830,57812,-3294,-816,54433,19864,3005161,9426,-276,10291,130076,52994,588,874,149,3833,2121,117867,2110,6306,-1586,-1974,479,262,1365236,2479,15896,3416,22118.0,221008
5.143278599,4058,56113,-3354,-772,54453,20600,2986856,9543,361,10992,132544,51680,553,959,71,4095,2459,119030,2066,5595,-1702,-1885,448,267,1357283,2340,16639,3471,21008.0,222858
5.143845558,3898,56405,-3230,-582,55848,19039,3069758,9483,180,11030,125915,50537,574,950,129,3889,2365,118485,2254,5741,-1519,-1349,532,279,1359841,2394,17298,3090,21472.0,214740
5.144412994,3396,54655,-3715,-673,56962,19086,2989466,9039,584,9594,115665,49709,542,1013,168,3909,2569,117597,1798,5882,-767,-1689,460,233,1353253,3234,15942,3544,20435.0,201841
5.144980431,3687,57730,-3356,-952,55630,20932,2932509,9796,329,8416,125452,51478,622,1009,109,3765,2669,119069,2000,5508,-1959,-1171,551,285,1361389,2193,16314,2510,22333.0,217597
5.14554739,3678,54867,-3771,-1096,54315,18898,2874847,9365,1026,7950,115106,50973,555,946,73,3731,2054,115089,1998,6006,-1858,-1731,473,221,1355017,2589,15996,3148,21703.0,201914
5.146114349,3898,55497,-3060,-1085,50467,19111,2815292,8691,962,8067,112798,51564,608,933,126,3598,2313,111463,1614,5094,-2017,-1613,425,325,1352499,2051,17232,2377,21160.0,199995
5.146681786,3541,54675,-3369,-888,48514,18834,2711946,8707,863,7397,114588,48418,536,959,171,3673,1827,106966,1415,5339,-1399,-1802,343,324,1345300,2120,16314,3671,18689.0,200345
5.147248745,3818,55852,-3774,-1100,52323,18584,2846817,9485,758,7731,123372,49523,495,791,126,3788,2403,114547,1977,5906,-2409,-1737,535,241,1348938,2008,16385,2526,19560.0,211111
5.147816181,3453,55069,-3644,-1054,51477,19539,2814295,9221,682,7502,126187,48850,494,882,120,3521,2342,115108,1848,5478,-1451,-1561,451,212,1350871,2489,15975,3418,22392.0,213469
5.148383141,3374,51725,-3477,-902,48509,17302,2788568,8376,1247,8896,112345,52215,423,781,126,3419,2086,109919,1650,5260,-1798,-1928,421,364,1340426,2004,16109,2889,19031.0,193122
5.148950577,3249,47826,-3352,-1230,47794,16123,2847557,7288,1005,9186,96653,50529,440,768,92,3308,2207,107122,1634,5351,-1534,-1611,455,217,1332967,2057,16417,2763,15976.0,171139
5.149517536,2666,45497,-3829,-1054,49403,15234,2893348,7324,1325,8727,84990,50490,440,757,98,3129,1670,105143,1202,5077,-696,-1800,491,179,1333856,2150,16452,2833,14003.0,155711
5.150084972,3213,51254,-3272,-975,47771,18101,2761229,7858,971,7982,103409,47332,440,783,109,3038,2216,103843,1406,5117,-1766,-1845,367,323,1329889,1749,15740,3509,17093.0,183835
5.150651932,3055,48322,-3714,-853,47596,16856,2811771,7626,962,9117,97944,48426,458,793,138,2999,2099,104513,1288,4991,-1777,-2071,518,344,1323278,1825,16058,3026,16750.0,173803
5.151219368,3611,51368,-2957,-878,48728,18454,2872382,8358,627,8246,103202,49328,649,864,168,3144,1748,107144,1210,4835,-1495,-1383,637,279,1323092,2400,16511,3047,15061.0,184993
5.151786327,4003,61448,-3614,-1255,50649,21385,2970907,9833,562,9825,137467,48399,478,1032,251,3552,2612,118383,1757,5869,-1038,-981,650,344,1330512,2513,16281,3297,19343.0,234136
5.152353764,4070,59254,-3504,-1280,51059,21309,2958455,9236,183,9480,127042,50252,542,920,66,3667,2348,114202,1832,5609,-1843,-1711,536,249,1322328,2020,17155,3325,18038.0,220911
5.1529212,4184,59140,-3637,-940,51113,20874,2933815,9351,8,9291,130707,50285,482,962,176,3905,2279,113946,1958,5440,-1152,-1239,427,287,1319629,2076,16866,3046,18495.0,224256
5.153487682,4018,58486,-2979,-1052,52324,21855,2864138,9322,269,9018,136515,48489,557,963,238,3522,2580,114201,2297,5856,-910,-1461,538,216,1303179,2271,15952,3471,19592.0,230196
5.154055119,3692,57750,-3563,-1123,52116,20561,2897920,9396,861,9718,134850,49520,555,903,114,3521,2332,115974,2233,5608,-1738,-1419,437,309,1314158,2363,16254,2864,20265.0,226249
5.154622555,4078,58690,-3387,-830,53772,22084,2952693,9929,674,9737,140034,51306,500,1027,157,3526,2608,118107,1866,6134,-939,-1281,373,237,1321866,3016,16453,4028,20358.0,234815
5.155189991,3675,56551,-3668,-872,54869,19837,2924542,9090,496,9484,135203,50188,641,1013,40,3820,2537,115435,1675,5681,-1872,-1876,504,273,1318996,2539,15530,3225,21801.0,224356
5.155756474,3492,50837,-3623,-966,51372,17686,2777636,8834,826,9192,116406,50061,532,934,88,3342,2632,107743,1961,5445,-1338,-1587,510,243,1325624,2579,16220,2991,21420.0,197255
5.15632391,3550,52259,-3679,-948,55881,18930,2940242,8996,203,9401,122747,51943,554,885,55,3507,2352,114794,2200,5466,-1969,-1702,429,245,1328115,2701,15881,2669,22274.0,206482
5.156891346,3413,51616,-3627,-1021,55496,18984,2827369,9188,334,9391,122085,51200,507,932,144,3769,2741,114746,1875,6014,-691,-1324,471,234,1334456,2444,17466,3395,21631.0,205286
5.157458305,3318,52899,-3499,-787,55497,18764,2872557,9350,455,9452,126992,50412,507,878,112,3961,2395,116886,1965,5636,-1906,-2034,427,421,1338882,2421,16877,3042,20927.0,211323
5.158025265,3425,53078,-3236,-952,51995,18325,2684570,9555,1049,9234,129888,50488,590,978,105,3666,2525,111573,1934,5569,-1962,-1452,586,250,1337407,2374,16733,3122,21789.0,214271
5.158592701,3841,57098,-3719,-1072,55374,20193,2929946,9611,11,10068,144843,51199,521,1194,202,3877,2786,119378,2456,6713,-461,-1583,412,336,1348351,2233,17250,3050,24056.0,235586
5.159160137,3601,56066,-3634,-923,55410,19590,2960534,9770,500,10695,138953,51745,668,1125,144,3935,2768,119404,2122,5794,-1260,-1291,504,227,1354671,2821,16660,2632,24663.0,227980
5.159727097,3641,56848,-3615,-714,55169,20049,3009784,9539,195,10681,138187,50378,629,1178,141,3832,2410,118536,1876,5879,-630,-1957,355,350,1355826,2524,17185,3204,23427.0,228264
5.160294056,3556,53312,-4003,-1007,54695,18391,2966041,8620,115,10285,127771,50545,496,944,180,3813,2472,115617,2144,5708,-1318,-1677,500,280,1354769,2814,15588,3044,22595.0,211650
5.160861492,3195,52173,-3948,-1319,54147,17314,3003130,9203,849,10247,121687,50529,566,905,83,3483,2564,115807,1593,5620,-1745,-2086,248,368,1357293,2648,16471,3201,21016.0,203572
5.161428452,3077,51794,-4144,-1145,55031,16750,3032329,7848,145,9775,116959,50421,506,983,137,3800,2495,116859,1694,5577,-2439,-2419,433,597,1346741,2331,17406,3543,18875.0,196428
5.161995888,3322,50867,-3762,-1373,51778,16679,2935769,8273,398,9747,112638,49787,423,894,115,3491,2391,114396,1655,5512,-1384,-1060,482,191,1344289,2981,15805,3374,19383.0,191779
5.162562847,2844,46082,-3512,-1398,47750,13869,2760584,7110,191,9239,104351,50099,487,810,140,3397,1965,109381,1355,5031,-1466,-1243,332,283,1335185,2424,15372,2502,17475.0,174256
5.163130283,2998,47775,-3627,-1238,48429,14314,2775001,6980,611,9566,107250,49519,590,920,93,3498,2162,109409,1312,5239,-1695,-1175,349,363,1337792,2328,16726,3113,18160.0,179317
5.163697243,2809,49213,-3991,-1680,50304,15882,2969211,7479,-114,9150,107815,50057,562,804,120,3645,2122,116363,1688,5258,-1318,-1696,511,235,1343931,2116,15863,3269,19430.0,183198
5.164264679,3506,51528,-3410,-1223,52119,17098,3139801,7902,657,9788,114157,48970,509,957,60,3794,2087,121683,2036,6091,-1024,-1069,450,270,1348520,2469,15644,3659,17680.0,194191
5.164831638,3322,52292,-4215,-1312,53353,16966,3158601,7831,-39,9417,110896,49329,458,911,88,3604,2559,120959,1537,5573,-1491,-1868,427,368,1355358,2898,17845,3471,18123.0,191307
5.165399075,3435,52737,-4243,-1302,51952,17340,3093651,7899,49,9068,110814,48607,498,752,117,3621,1986,118210,1822,6585,-1836,-1788,509,254,1356814,2739,16871,3214,17811.0,192225
5.165966034,3340,54832,-3573,-1115,53175,18826,3012202,8722,291,8702,122674,49949,530,943,239,3260,2251,120704,2173,6405,-273,-1114,351,217,1346118,2752,15636,3679,16583.0,208394
5.16653347,3508,53659,-3722,-995,47687,18818,2864573,8553,861,8824,118755,47173,398,951,58,3285,2712,113662,1430,5642,-857,-1031,468,196,1353894,2462,16610,3978,16078.0,203293
5.16710043,3243,54966,-3854,-1447,49704,18801,2907928,8146,354,8496,140474,51028,473,952,109,3632,2255,117127,1867,6764,-1180,-1300,455,294,1364897,2842,15924,3839,19153.0,225630
5.167667389,3439,52155,-3727,-1181,49556,16966,2920458,8022,677,9111,119839,51266,492,994,242,3530,2281,115549,2081,6390,-445,33,317,256,1364055,2797,16793,2866,17299.0,200421
5.168234825,3539,52688,-4063,-1259,48859,17307,2984142,7992,260,8171,114111,52313,513,959,144,3325,2566,117853,1354,5679,-1305,-1282,505,315,1363616,2481,17002,4398,17644.0,195637
5.168802261,3563,54694,-3914,-1259,50264,17374,2818270,8616,304,7425,118852,50560,478,862,91,3479,2096,116435,1725,5788,-1408,-1731,499,293,1359555,2161,16825,3405,19721.0,203099
5.169369221,3639,58040,-3778,-1013,51087,20353,2813516,9379,1059,7518,152701,51729,608,1065,63,3959,2814,118022,1259,5565,-1428,-1219,472,212,1377020,2325,16692,3805,20441.0,244112
5.16993618,3406,59095,-3558,-932,54217,20560,2942541,9764,780,8246,155629,51500,563,1044,89,3741,2435,124952,2284,6355,-1896,-1652,345,512,1374496,2589,16405,3314,22250.0,248454
5.170503616,3686,58510,-3854,-1586,55283,19146,2948649,9894,197,9248,139936,50613,505,1080,160,4220,2869,122463,2421,5891,-908,-1390,455,252,1375572,2509,16915,2959,22715.0,231172
5.171071053,3501,56875,-3647,-1108,55973,20289,2883651,9251,296,8886,135645,49762,625,953,136,3971,2638,119498,1488,6007,-1174,-868,533,167,1376297,3075,17170,3776,23177.0,225561
5.171638012,3868,56522,-3255,-1203,54659,19643,2830009,9499,736,8527,137133,49200,587,1064,137,4226,2766,117816,2138,6264,-1201,-679,620,230,1377230,2711,17225,3156,25532.0,226665
5.172204971,3912,56972,-3514,-1216,54521,18244,2834582,9671,311,9146,139326,49328,503,1019,156,4138,2529,116740,1873,6206,-403,-938,426,241,1380593,2954,16470,3478,25650.0,228125
5.172772408,3803,56248,-3389,-1261,53270,19228,2671306,9429,770,8491,139084,49569,551,1106,117,3778,2295,113496,2120,6651,-642,-848,518,153,1372071,2255,16973,3683,25072.0,227792
5.173339844,4065,57576,-3262,-871,54657,19493,2687733,9835,625,8287,139969,47232,560,1083,147,3960,2518,114233,2490,6564,-792,-1463,413,197,1369219,2720,16369,3471,25867.0,230938
5.173906803,4089,59401,-3850,-1400,55978,19712,2727559,10312,556,8594,150419,47685,603,1071,71,4217,2141,114555,2076,6254,-1362,-1245,397,270,1367954,2169,15909,3122,27042.0,243933
5.174473763,3475,56756,-3295,-1454,53043,19504,2633173,10376,705,8730,145076,48810,567,1132,137,3880,2394,111458,2047,6569,-1336,-1960,516,272,1366886,2594,16613,3468,27296.0,235187
5.175041199,3802,58593,-3613,-1339,53770,19957,2666700,9896,-131,9213,150191,47378,571,1084,121,3789,2948,113143,2451,6133,-679,-1076,424,224,1366398,3135,16171,3095,28542.0,242439
5.175608158,4011,58949,-3521,-1365,53186,20566,2656952,9674,441,8518,148989,47894,628,1048,89,3901,2566,111063,1992,6322,-1308,-1298,629,238,1359095,2437,17526,4016,27326.0,242189
5.176175594,4028,57896,-3191,-1200,53045,19609,2559440,10182,701,8395,140111,47998,623,926,205,3849,2838,109056,1975,6016,-1166,-1329,497,162,1353555,2691,16587,3161,28585.0,231826
5.176742554,3533,55956,-3466,-1088,52674,19960,2539863,9883,607,8487,139002,49421,579,868,100,3804,2609,107749,2338,5647,-2039,-1744,566,328,1342482,2844,16819,3930,27897.0,228334
5.17730999,3820,57954,-3432,-1084,52172,21432,2603290,10226,279,8283,144645,48785,576,1047,199,3720,2552,108531,1650,6302,-606,-842,357,128,1335503,2108,15913,3392,26085.0,238077
5.177876949,4038,55979,-3542,-1080,53486,18340,2617952,9116,736,8963,134491,49032,672,1010,180,3927,2821,108585,1699,6021,-1862,-1927,592,258,1341932,2691,16127,3454,27303.0,221964
5.178444386,3956,59589,-3559,-1313,53182,20331,2677595,10534,600,9207,148989,46552,648,1036,92,4085,2470,110388,2016,6378,-1595,-1537,547,255,1327961,2356,16477,3636,25937.0,243399
5.179011345,4222,60978,-3450,-1571,52365,21803,2624383,9894,532,9353,154347,48738,584,991,201,3946,2827,110917,2038,6046,-701,-1443,343,151,1332068,2719,17321,4172,27279.0,251244
5.179578781,4018,58897,-3347,-1572,53573,20329,2597168,10099,501,8360,142363,47924,587,951,127,3901,2656,106436,1852,6047,-1950,-1582,517,331,1320387,2546,16128,2753,25726.0,235706
5.180145741,3767,59018,-3546,-698,53013,19111,2665541,9526,-223,8521,138293,48667,676,1010,126,3903,2901,109302,1917,5813,-1193,-718,500,177,1328248,2148,16645,3849,26204.0,229715
5.180713177,4332,64066,-3255,-1077,53754,23805,2729199,10154,161,9094,152827,48917,594,1091,271,4128,3370,112566,2090,6996,-1076,-1054,565,213,1331226,3007,16561,3362,24710.0,255184
5.181280136,4406,68161,-3232,-1417,49579,27548,2634226,11459,439,8589,175478,50189,638,1187,80,3831,3048,113771,2297,6439,-1198,-1061,512,264,1322868,2572,16627,2893,24485.0,287052
5.181847095,4091,65309,-3613,-1296,49765,23845,2611503,10607,213,6553,155260,48226,548,1056,99,3859,2664,113191,2147,6596,-1085,-1264,519,184,1331137,2771,17590,3507,24924.0,259112
5.182414532,4403,70499,-3675,-1382,50110,26980,2611572,11539,683,8120,175620,45458,719,1219,159,3875,3494,115324,1916,6752,-1260,-1327,463,330,1332664,2441,16882,3177,26813.0,289041
5.182981968,4511,70767,-3163,-703,51168,29138,2511293,11928,411,7662,184959,45974,741,1412,158,3531,3173,112003,2431,7446,-750,-615,691,158,1332460,2961,16554,3501,26765.0,301303
5.183548927,4665,73975,-3285,-1030,49387,31920,2424576,12738,335,8376,194747,45875,723,1324,113,3949,3519,112340,1876,8431,-287,-1516,750,234,1331441,3081,17221,3701,28068.0,318045
5.184115887,4887,77226,-3247,-1182,49226,31346,2495027,12647,1303,8300,189940,47181,704,1301,142,3656,3763,112601,2784,7700,-604,-936,630,165,1329093,2227,17217,4007,29590.0,316046
5.184683323,4855,74584,-3258,-1248,47469,30524,2411239,11980,612,7568,179299,47920,781,1495,193,3942,3527,110624,2153,7580,-1385,-757,814,257,1324943,2213,16613,3878,27794.0,301242
5.185250759,4383,66060,-3201,-1115,46743,25140,2187768,11193,384,6292,167164,45583,799,1330,187,3641,3384,104638,1502,6064,-1228,-1321,751,249,1325995,1979,17446,3591,26379.0,273940
5.185817242,4665,74123,-3354,-1206,49631,29621,2342533,11768,329,6415,175598,45687,805,1319,121,4396,3445,110456,2704,7488,-1540,-1269,665,185,1334577,2175,17100,3829,28516.0,295775
5.186384678,4831,79275,-2874,-983,47433,33459,2216796,12195,212,6556,178886,47212,810,1292,126,4167,3549,103125,2232,6900,-978,-1525,830,241,1331946,2328,17453,3245,27555.0,308646
5.186952114,4798,76793,-3348,-1042,50378,32011,2429244,11006,558,7945,173625,46155,785,1406,252,4153,3758,107277,1852,6747,-888,-1271,642,180,1338085,2196,16651,3333,25864.0,298233
5.18751955,5208,80892,-3371,-1016,51319,33891,2493348,11662,282,7903,177853,48047,778,1309,97,4080,4181,110234,1972,7470,-881,-1204,703,252,1352772,2556,17098,3283,26174.0,309506
5.188086033,4957,76089,-2967,-1489,50435,31531,2417073,11650,500,7405,173331,47014,741,1422,283,3908,4260,106330,1971,7360,-634,-1178,651,236,1352992,2269,17685,4186,25654.0,297558
5.188653469,4619,66972,-3918,-1462,50229,26622,2574539,10100,764,8090,155755,45631,617,1215,262,3855,3525,110472,1995,7018,-402,-1550,511,280,1343073,2062,16822,3131,24588.0,264068
5.189220905,4077,62417,-3281,-1170,48948,23569,2355146,9546,393,7780,135189,48435,578,963,117,3210,3376,104314,2338,6110,-1856,-1619,485,193,1344052,2486,16672,3369,23075.0,234798
5.189787865,3638,63271,-3559,-1140,49910,24767,2322499,9408,462,6625,142762,49099,669,965,174,3793,3077,100806,2425,6174,-1984,-2084,719,362,1342260,2373,16937,3000,23496.0,243846
5.190354824,3979,61931,-2781,-1255,50110,25829,2431447,9053,742,6905,129113,46490,676,962,207,3459,3099,101224,1978,6288,-1464,-1731,385,218,1343140,1941,16845,3100,21546.0,229905
5.19092226,3346,60724,-3657,-1533,48580,25516,2529433,8492,1082,7926,113342,46891,622,1050,162,3354,3036,101918,1942,6344,-1578,-1944,732,340,1338800,1801,15968,3015,18605.0,211420
5.191489697,4142,65601,-2962,-1457,50091,29102,2530506,9327,444,7820,126672,47496,644,1018,96,4037,3510,105327,2000,6270,-1720,-2003,406,251,1337179,2933,17187,3080,19633.0,234844
5.192056656,4238,70071,-3141,-1129,48582,33111,2437988,9491,851,8454,123087,46846,613,1024,183,3755,3898,103992,2176,6237,-1420,-1456,682,118,1342524,1785,17163,3549,19179.0,239998
5.192623615,3956,70280,-3097,-1015,47179,33204,2458454,9362,255,8547,117325,46127,601,963,94,3368,3624,101257,1599,6024,-1910,-2413,608,206,1336643,2473,17176,3117,17862.0,234127
5.193191051,3948,66933,-3430,-1226,50537,30516,2575530,8879,-131,7766,122078,46572,536,1064,201,3511,4130,104847,1886,6888,-1620,-1920,620,306,1344441,2329,16839,3415,19376.0,232354
5.193758488,3813,62262,-3348,-990,53213,25416,2807815,10022,856,9501,130295,47922,608,986,142,3858,3405,111219,1840,6574,-1782,-1477,633,213,1349920,2732,17255,3380,19648.0,231808
5.194325447,3930,60415,-3507,-1190,53025,22587,2850633,10464,177,8705,129728,49606,622,976,115,3842,3241,111757,2067,6390,-1769,-1960,504,197,1341565,3076,17071,3009,19942.0,227124
5.194915771,3839,58305,-3585,-1126,52082,22902,2702554,9030,466,8831,126905,46704,788,913,80,3796,2860,109169,1637,5722,-1595,-800,468,199,1331710,2194,18201,3262,17115.0,220981
5.195866585,4119,62247,-4138,-1277,52385,23987,2711570,9055,-296,8362,127872,47300,624,922,89,4068,2821,111034,2424,6467,-2142,-1332,489,203,1341430,2616,16841,3247,19542.0,227280
5.196816444,2903,50525,-3557,-1672,46024,16645,2534348,8941,256,7555,112872,49071,628,903,105,3882,2999,103287,1636,5265,-1245,-1280,480,197,1324629,2527,15770,3467,18156.0,191886
5.197767735,3641,51270,-3191,-1786,46373,16498,2404745,8602,506,7689,113423,47126,667,791,140,3530,2629,97234,1735,5700,-838,-1036,447,184,1320361,2270,16506,3460,19662.0,193434
5.198718548,2783,48017,-3130,-1245,40822,16529,2157637,7771,29,7126,104950,47786,501,682,160,3173,2410,89300,1636,5533,-994,-916,381,176,1310165,1902,15853,2947,19563.0,180050
5.199669361,2822,50238,-3333,-1645,43622,16229,2272867,8432,51,8028,117783,46464,625,875,61,3375,2863,94448,2093,5759,-1774,-1312,439,435,1309989,2684,15676,3283,20903.0,195504
5.200619221,3765,57578,-3637,-1529,49549,20581,2536497,9107,157,9455,136662,46967,734,951,151,3625,3163,104059,1906,6238,-1912,-1206,503,222,1304966,2751,16791,3542,22199.0,227693
5.201570034,3482,57712,-3394,-1554,48636,21307,2474620,9584,-50,8629,133984,47222,572,940,146,3684,3439,100825,1828,6461,-1383,-1351,409,290,1316483,1901,16132,3892,21381.0,226069
5.202520847,3782,57146,-3431,-1625,45800,22000,2335715,9065,950,8945,131076,47652,674,1021,86,3317,3378,96591,2414,6302,-1125,-812,488,183,1304659,3269,16826,3573,20311.0,223069
5.203471184,2717,46993,-2975,-1200,41221,17971,1978798,8192,134,7663,120565,43484,525,1061,50,3484,3351,90068,1490,7672,-437,-1184,643,141,1296886,2107,15951,3559,19478.0,196438
5.204421997,2335,40466,-2821,-1392,36736,13422,1838027,7766,720,6877,95544,39561,697,893,29,3185,3127,82735,1537,6129,-1200,-668,495,167,1298203,2395,16383,2417,19889.0,159533
5.208224773,2749,48737,-2650,-1260,37748,23711,1641927,7786,1227,6587,130418,42992,726,1219,173,3453,4625,85213,1954,8343,-928,-755,572,193,1293519,2385,16552,3397,17456.0,213401
5.209175587,4712,79919,-2975,-1495,44001,40065,2037930,12469,322,8532,172855,42139,1012,1426,170,4098,5599,94077,3051,11289,-1326,-1802,691,323,1326437,2738,18156,3713,21483.0,310020
5.210125446,5028,81602,-2719,-1359,38770,42185,1825756,12247,899,8337,159165,44234,1935,1327,172,3303,5669,86827,2809,10360,-1217,-577,680,216,1332509,2149,17833,2911,19866.0,300227
5.21107626,6034,100525,-2019,-705,36387,58652,1582540,14901,709,8401,181632,42546,5839,1438,37,3721,6808,84166,2822,11976,430,1133,798,157,1335549,1877,18188,3639,21216.0,361744
5.212027073,7301,126910,-1673,-440,31253,78917,1166166,19289,678,8425,219521,36279,4144,1733,126,3787,9619,74672,3031,16471,-331,-104,902,226,1375729,2876,17531,4030,22503.0,451938
5.212977886,7721,135477,-1384,-25,28072,88475,863783,21578,581,8202,249989,30050,17792,2499,92,4148,12175,64376,3826,21137,1541,1435,1612,175,1372238,2176,19201,4214,21162.0,503240
5.213928223,6320,105417,-1008,529,19754,70768,632138,18741,563,7358,228286,30989,39394,3319,12,3534,11559,55137,3749,19757,1256,771,3433,170,1341253,2226,17922,3671,19317.0,429532
5.214879036,2928,57905,-1940,-265,28799,33474,1345015,11758,968,5946,144479,39103,6757,1668,75,3318,4876,82454,2110,9083,24,373,818,310,1329341,1913,17321,2597,18730.0,250544
5.217730999,3926,62067,-3031,-857,48581,29225,2609937,11226,1323,8051,140637,47359,1642,1171,123,3819,3336,102972,2185,6159,-1878,-899,509,322,1320444,2427,17319,2982,18157.0,247081
5.218681812,3770,56905,-2867,-591,50780,25899,2691767,10895,835,8215,130186,47848,2776,1261,80,3669,3136,104823,2682,7007,-1011,-117,729,371,1318355,2035,17286,2466,19105.0,227655
5.219632626,4033,56618,-3131,-571,53267,22837,2760587,9999,905,7797,125742,49162,1040,1136,155,3809,2903,107636,2025,5846,-1626,-1397,421,277,1322902,2546,17467,3258,19519.0,219229
5.220582485,3444,53865,-3179,-771,53781,22553,2646846,10001,501,7847,124959,49553,1078,1035,94,3548,2776,106601,2028,5763,-1727,-884,646,264,1311385,2473,16971,2574,19145.0,214822
5.221533298,3888,57297,-3145,-572,54805,23634,2769782,10354,225,7560,141725,50339,786,1049,99,3915,2662,108755,2797,6281,-2187,-1562,463,406,1299288,2642,17090,3090,19461.0,236898
5.222484112,3553,52894,-2661,-670,49630,20932,2525603,9599,83,8147,140736,49446,750,1088,179,3687,2619,105629,1813,5697,-1793,-1167,401,285,1298964,2086,16318,4021,19456.0,227714
5.223434925,3341,55124,-2978,-478,53342,23179,2558666,10672,262,8484,144815,50054,827,1198,130,3392,2686,105066,2136,5917,-720,-541,447,95,1305886,2604,17276,3087,19675.0,237131
5.224385262,3829,59705,-2874,-559,55254,24821,2784645,10538,459,9698,156832,50368,788,1326,122,3850,2757,109765,1873,6278,-952,-636,415,400,1305564,2664,18460,4197,20447.0,255725
5.225336075,3898,57121,-3193,-622,54127,23139,2836841,9931,466,9675,145148,50343,771,1116,226,3796,2586,109883,2178,5508,-1224,-1218,482,369,1312170,2426,18054,4034,20835.0,239237
5.226286888,3764,58568,-2897,-554,56180,22660,2846191,10176,312,9088,142184,52077,666,962,138,3682,2403,110897,1937,6103,-1718,-1382,395,264,1310066,2656,17956,3380,20503.0,237352
5.227237225,3803,55709,-3405,-749,55395,21204,2867056,9656,977,7659,129568,52389,659,985,179,3814,2498,111992,2216,6328,-1126,-1623,600,330,1315087,2907,17369,3366,20489.0,219940
5.228188038,3561,54510,-3625,-608,56541,20545,2845060,10057,455,9092,130728,49851,722,1007,194,4021,2263,112137,2012,6099,-775,-1344,538,265,1320443,2479,17432,4135,22009.0,219401
5.229138851,3916,54144,-3329,-849,54245,20356,2857202,8813,208,9396,130558,52171,714,1081,164,3651,2439,112597,2010,5802,-982,-993,453,240,1326019,3108,17309,3540,20501.0,217787
5.230089664,3643,54645,-2760,-750,50363,20315,2745336,10322,-26,9331,139734,49788,809,1089,53,3956,2834,117489,1810,6168,-2540,-1990,469,278,1323738,2801,17670,3161,23153.0,228659
5.231039524,3782,55555,-3328,-783,53178,21449,2901448,9395,199,8850,137575,52784,810,1039,178,3765,2407,113060,2340,5419,-1626,-978,610,381,1339211,2895,17296,3267,22580.0,227756
5.231990337,3453,52190,-3201,-627,53026,19458,2909562,8208,514,9269,126318,52772,687,942,103,3613,2275,108821,2118,5372,-1869,-1335,405,224,1342519,2421,17292,3736,19489.0,209627
5.232941151,3627,54261,-3359,-945,52939,20122,2941994,9273,391,9441,131502,53955,775,940,140,3945,3182,110962,1431,5402,-1674,-1646,565,424,1346180,2671,17676,3497,20118.0,218785
5.233891487,3622,53021,-3404,-895,50614,19006,2933768,8629,-133,9642,125351,53072,696,809,119,3718,2127,109439,2440,5628,-1790,-763,501,233,1345402,2959,17319,3231,18745.0,209629
5.2348423,3631,52024,-3200,-1032,54524,18371,2885015,8639,141,8751,124854,51018,738,861,105,3449,2500,108618,2053,5392,-2348,-1743,497,328,1344785,2370,18664,2938,19616.0,207519
5.235793114,3294,51400,-3635,-918,55202,18872,2857827,8548,741,8418,123560,51256,737,906,103,4101,2220,109222,2180,5534,-1963,-1147,586,295,1344688,1993,18063,3888,18376.0,205674
5.236743927,3362,50073,-3577,-792,52352,18863,2825928,9159,459,8693,127579,46910,533,867,145,3643,2374,112291,2163,5757,-1540,-1555,401,356,1340443,2339,17009,3193,18108.0,209036
5.237694263,3448,54020,-3448,-540,53477,21016,2895105,9198,588,9874,136637,50880,670,867,135,3911,2720,115007,2547,5650,-2047,-1909,309,269,1346161,2186,17220,2948,18386.0,224319
5.238645077,3154,51172,-3240,-649,53654,19355,2794575,8823,279,8801,128879,49277,829,855,104,3817,2394,110616,1816,5374,-2852,-1876,397,373,1342455,2340,17222,3449,17572.0,211383
5.23959589,3615,52955,-3238,-616,54124,20978,2898969,9021,111,8790,129631,52827,772,891,179,3700,2294,110853,1804,5055,-1725,-1606,479,204,1343500,2095,17013,3884,19222.0,216200
5.240546703,3970,56134,-3355,-736,54460,20876,2815037,9529,243,8810,144015,50117,736,1033,55,3689,2536,109942,2048,5533,-2164,-1023,362,215,1344852,2109,18038,3073,18488.0,234524
5.241496563,3394,52750,-2773,-708,50779,20108,2677436,8804,379,8728,130037,51804,744,898,52,3560,2490,105252,1833,5214,-2122,-1001,441,268,1341156,2140,17645,3299,18789.0,215093
5.242447376,4143,59802,-2754,-515,55127,24502,2925498,9799,138,9223,145820,52629,908,1043,113,3894,2422,113007,1384,5515,-2172,-1359,388,288,1358467,2732,17794,2520,18386.0,244066
5.24339819,4443,63301,-3323,-625,54225,26010,2878581,10436,538,9350,160640,53094,852,1105,179,3972,3083,115023,1971,6198,-1675,-1284,340,310,1354079,2515,17741,2698,20895.0,264830
5.244348526,4448,62365,-2710,-330,53165,24941,2834923,10432,626,9088,156985,52051,739,1107,191,3808,2888,113067,1805,5660,-1006,-954,430,217,1363082,2564,17603,3514,20243.0,259171
5.245299339,4038,62162,-2994,-529,55148,26376,2857422,10877,755,9661,164825,50346,1044,1212,97,3989,3601,118160,2031,5835,-1657,-1350,605,324,1360764,2905,18422,3522,21656.0,268278
5.246250153,4592,64043,-2293,-279,51249,26608,2816341,11032,339,9229,166069,51054,811,1031,116,3605,3189,113511,2443,5926,-2409,-1810,581,349,1366766,2844,18219,3248,20553.0,272344
5.247200966,4587,64008,-3339,-389,54503,25278,2835089,10893,398,9400,156079,52018,841,1037,146,3476,2730,112946,2133,6024,-1573,-1456,613,167,1363921,2617,18054,2867,20800.0,260845
5.248151302,4118,60360,-2756,-295,53401,24189,2758899,10128,607,8686,152091,50895,791,1113,168,3714,2886,111358,2132,5722,-1542,-1476,617,409,1360898,2078,18107,3351,20700.0,250886
5.249102116,3713,57469,-3269,-745,52965,23701,2662562,10124,488,9146,153621,50405,883,1035,119,3612,2487,111758,2286,4952,-1795,-496,318,202,1351691,2763,18690,3143,19631.0,248628
5.250052929,4272,60292,-3037,-818,52149,23691,2777095,9939,-48,8507,157421,50706,897,1209,111,3610,2674,110848,2075,6463,-1707,-1293,664,231,1353132,2529,17514,3038,18898.0,255615
5.251002789,3786,58340,-2884,-300,51589,22561,2673176,9024,98,8313,147450,51475,834,1174,70,3523,3169,106895,1980,5687,-1165,-1009,464,218,1341677,2549,17998,3526,18883.0,241161
5.251953602,3948,59845,-3210,-885,54234,23647,2787046,10087,1224,8845,152255,51459,923,1250,98,3283,2566,111937,1912,6056,-1590,-1094,514,182,1353285,2764,18115,2820,20077.0,249782
5.252904415,3922,58838,-2840,-644,52540,23372,2744893,9795,1195,8783,145563,50262,820,1057,167,3690,2691,109060,2293,5431,-1256,-825,696,276,1358723,2431,17649,3358,20439.0,241490
5.253855228,4194,59638,-2728,-511,51605,24334,2777589,9752,705,8619,152443,50582,710,1068,150,3445,2497,110430,2281,5977,-1832,-1696,445,358,1349351,2770,17494,2755,18852.0,250361
5.254805565,3988,57838,-3044,-359,51707,23164,2809829,9678,852,8329,144479,50026,771,1016,104,3584,2798,111447,1976,5173,-2007,-1485,425,258,1341821,2012,17334,2836,18126.0,239147
5.255756378,3939,59368,-2962,-500,51010,22747,2775679,9216,300,8003,143193,49066,679,1022,122,3640,2427,108810,2293,5590,-1169,-1384,364,250,1333721,2169,17084,2997,17445.0,238463
5.256707191,3759,57811,-3298,-678,52145,21964,2895656,9454,963,8321,134405,50926,740,1120,134,3386,2450,108759,2159,6064,-1846,-1479,453,324,1329113,2242,17201,3304,17490.0,227393
5.257657528,3571,58539,-3077,-855,51257,23149,2907451,9644,476,7917,143443,51235,682,1257,170,3411,2210,111496,1887,5965,-889,-1090,463,369,1330517,2894,15922,3781,17815.0,238346
5.258608341,3756,58833,-2758,-722,51913,24086,2877792,9793,836,8476,149324,50322,744,1267,176,3697,2981,110449,1625,6194,-277,-1056,428,288,1328690,2085,18037,3658,17567.0,245792
5.259559155,3615,58487,-3059,-579,52804,23653,2802994,9520,611,8080,148656,49743,778,981,65,3480,2739,109781,2129,5716,-1836,-826,452,181,1326531,2244,17391,2833,18583.0,243931
5.260509968,3398,54681,-3010,-772,51492,21345,2649390,9728,1059,7490,139038,51218,629,977,117,3521,2840,102144,1797,5271,-1504,-1594,332,349,1316703,2102,16618,2939,16298.0,228190
5.261459827,3479,54480,-3128,-890,49425,22240,2641754,9137,792,7918,139357,48216,732,950,91,3320,2658,103981,1787,5103,-1372,-818,667,147,1318193,1496,17282,3070,17514.0,228693
5.262410641,3842,57177,-3036,-603,54494,22736,2820047,9655,1231,8118,147545,50438,665,1052,131,3599,2731,107846,1972,5713,-1178,-1122,537,221,1324642,2084,17599,2710,17150.0,240955
5.263361454,3549,55548,-3097,-408,53363,21990,2851641,9825,782,7531,139687,51783,610,1026,152,3728,3082,113423,2026,5770,-828,-1145,614,203,1324625,2376,16846,3384,16518.0,230599
5.264312267,3537,53049,-2980,-589,51995,20834,2727665,9066,933,7571,138010,47839,561,1087,100,3680,2336,109743,2114,5619,-1343,-1423,570,223,1335547,2379,17660,2945,18700.0,224496
5.265262604,3894,57250,-3729,-964,53364,22450,2865467,10419,981,8470,149253,52412,668,1242,137,3512,2787,111200,1670,6176,-1010,-1298,551,260,1329775,2465,17653,3507,20899.0,243266
5.266213417,3943,56661,-3305,-571,52440,21406,2860271,9049,466,8225,146779,51083,593,1111,260,3667,2647,110718,1768,5829,-521,-1291,512,267,1323895,3204,17028,3785,20757.0,237838
5.26716423,3760,54472,-3209,-748,51353,20063,2788337,8935,522,8732,140538,52279,582,982,193,3820,2798,108244,2128,5459,-1006,-1498,321,295,1303353,3021,16024,3322,20048.0,227768
5.268114567,3789,55256,-3336,-939,51456,20342,2854687,9079,163,8644,139196,51408,595,984,66,3984,2676,111882,1871,5684,-1776,-1645,745,449,1308250,2599,16123,3055,20969.0,227662
5.26906538,3792,54042,-3395,-1096,52834,20170,2900167,9654,572,8912,132497,50389,522,915,104,3866,2521,110904,1652,5479,-1177,-1081,452,255,1308472,2299,16670,3127,20551.0,220155
5.270016193,3375,52243,-3556,-972,52867,18656,2896467,8996,-24,7627,125098,50682,540,893,137,3721,2122,107165,2735,6191,-932,-1017,476,201,1305646,2422,17250,2923,21142.0,208368
5.270967007,3543,53100,-4050,-914,50880,18411,2928461,9360,111,8318,130351,50391,464,834,109,3508,2548,107866,1579,5744,-1484,-1864,348,273,1303350,2757,16966,3429,20592.0,214765
5.271916866,3277,51474,-3695,-1196,51183,18310,2941600,8496,896,8096,128188,50265,510,865,138,3314,2561,107209,1742,5232,-1430,-1231,447,314,1299413,2049,17073,3389,18695.0,209745
5.27286768,3410,52579,-3534,-856,51392,20426,2925126,8996,-24,8728,132575,51732,525,923,133,3347,2417,108338,2152,5336,-1190,-1254,392,307,1306961,2351,16066,2955,17061.0,217986
5.273818493,3147,51784,-3738,-682,51913,19186,2967933,8859,291,8462,126776,51328,540,846,139,3641,2444,109199,1910,5530,-1579,-1038,469,263,1308364,2830,16445,3563,17697.0,209752
5.274768829,3304,50915,-3664,-940,52506,18272,2978905,9230,1354,8634,120266,51041,535,871,110,3644,2331,107932,2293,5075,-2253,-2035,470,394,1313755,2105,16702,3553,17230.0,201987
5.275719643,3556,55107,-3654,-1133,52754,19245,2933243,9356,492,9290,133735,50415,556,891,191,3825,2488,108445,1764,5280,-1183,-1648,476,283,1322815,1922,17103,3899,18221.0,220999
5.276670456,3844,53691,-3935,-1027,52334,18740,3052917,8343,297,8093,122985,51724,505,880,119,3525,2386,110001,2206,5247,-1277,-1061,418,243,1336305,2902,16715,2767,17638.0,207603
5.277621269,3476,53295,-3924,-1274,51797,18517,3020475,8477,619,8388,125281,52535,486,967,91,3646,2561,112005,1557,5835,-1714,-1592,402,346,1337496,2491,17121,3542,17625.0,209046
5.278571606,3576,51642,-3914,-1067,52040,18004,2998762,8091,630,8803,122162,50194,461,860,143,3747,2178,110050,2074,5676,-925,-1006,485,203,1338878,2421,17023,2985,17894.0,203475
5.279522419,3295,49894,-3993,-1242,52221,16033,2971275,7989,754,8491,114901,51034,507,941,109,3376,2190,107901,1733,5196,-901,-1159,345,148,1345293,2823,16819,3209,16828.0,192112
5.280473232,3183,51619,-3773,-1189,52278,17763,2850222,8033,397,8128,118399,50783,537,937,164,3528,2210,107462,1787,5962,-1181,-1237,507,271,1350725,2501,16969,3393,17742.0,198997
5.281423092,3186,51589,-4083,-1259,53353,18515,2902832,8178,83,7799,127218,49635,547,977,97,3767,2663,110875,1441,5271,-1140,-1483,423,221,1356672,2665,17937,3574,18784.0,208686
5.282373905,3832,54423,-3838,-983,53429,18646,2943821,8762,94,8225,129322,50311,594,930,97,3967,2246,112171,2187,5855,-1264,-1758,587,240,1353041,1908,16604,3771,19839.0,214985
5.283324718,3529,52842,-3770,-1398,48625,17598,2784542,8390,378,8253,123676,51381,580,2042,140,3805,2648,109250,2094,6007,352,-361,330,269,1349811,2091,16410,3589,18028.0,206035
5.284275532,3395,51095,-3670,-1167,51456,17109,2757687,8492,472,8194,118395,50374,1243,5652,19,3222,1965,105110,2242,5257,622,-54,1353,135,1353480,3034,17018,2992,20241.0,198486
5.285225868,3327,50728,-3703,-1636,48396,17021,2695737,8144,709,8314,119959,50439,539,1826,207,3329,2200,100430,1724,5781,493,-518,451,246,1345816,2917,16637,3964,18191.0,199179
5.286176682,3159,50186,-3410,-1433,49840,17215,2730488,8289,505,8090,123230,51674,461,897,87,3665,2166,102854,2123,5886,-1363,-1842,395,285,1348326,2764,17078,3961,19498.0,202079
5.287127495,3071,48263,-3589,-1360,48840,16446,2623668,7979,1256,7982,118337,52437,446,828,138,3255,2456,98107,1751,5612,-1205,-902,456,249,1352247,2572,15833,3815,21004.0,194096
5.288078308,2848,41268,-2828,-1067,44639,13374,2218669,5868,1243,6609,95020,53765,493,722,74,2925,1988,80788,1178,4276,-1625,-1417,528,315,1338675,1833,16610,3946,16438.0,158378
5.289028645,2837,46837,-3062,-1151,48016,15942,2557997,7334,1057,7752,111225,52786,531,857,134,3185,2268,95845,992,5339,-947,-1689,369,201,1351361,2155,17209,3349,18522.0,184175
5.289979458,3048,48073,-3311,-965,49190,16733,2645018,7106,1195,7859,113860,46899,488,848,59,3499,2311,98708,1430,5334,-1402,-1713,569,205,1353905,2100,16014,3523,19003.0,188820
5.290930271,3004,49063,-3561,-931,51949,17649,2788406,7933,1061,7927,116111,49536,476,887,72,3199,1934,100156,1396,5073,-1454,-1570,409,331,1359429,2564,16985,3220,19332.0,193760
5.291880131,3262,50605,-3819,-1341,51889,16721,2865873,8291,823,8524,122819,50011,517,752,75,3569,2419,105846,1987,5061,-2420,-2580,560,408,1351775,2427,16657,2822,18839.0,201698
5.292830944,3429,49288,-3835,-1195,52801,15845,2957197,7460,414,8784,119774,49568,524,889,172,3448,2454,107707,1848,5439,-1382,-1317,456,262,1355429,2844,17115,3134,18568.0,195796
5.293781757,3245,52291,-3924,-1370,53687,18111,2926710,8955,105,8878,130966,51479,592,877,46,3938,2522,108150,1478,5488,-2076,-1576,399,321,1356924,2465,17087,3520,18160.0,213568
5.294732571,3463,51882,-3965,-1604,53847,17646,3015262,8500,511,9137,130678,52134,464,804,94,3539,2210,110866,1639,5537,-1485,-1914,291,329,1349973,2715,16803,3362,19243.0,212169
5.295682907,3236,51564,-4081,-1460,54029,17118,3053043,7677,214,8830,126137,53073,429,876,117,3420,1972,111459,2001,5713,-1151,-1308,302,192,1358030,3238,16803,3160,19171.0,205732
5.29663372,3329,50800,-3602,-1597,52726,16676,3062609,7638,524,8772,124935,53636,450,726,108,3289,2065,112153,2837,6088,-1331,-1570,633,283,1362876,2173,17608,3379,18618.0,203378
5.297584534,2979,49000,-3553,-1301,54228,16396,3008507,7966,638,9084,119077,51611,492,713,116,3594,2738,109687,1992,5750,-2177,-1764,368,334,1347969,2419,16931,3289,18955.0,195418
5.29853487,2971,49771,-3593,-753,53341,17561,2891839,8011,592,8528,125737,54141,544,837,86,3538,2354,109849,1565,5524,-1896,-1055,352,299,1350246,1917,16105,3458,17376.0,204051
5.299485683,2920,48700,-3631,-1188,52252,15622,2951588,7785,586,8432,123618,52304,451,782,86,3685,2258,110846,1838,5963,-1648,-1830,464,293,1365454,2263,16870,3227,18187.0,198645
5.300436497,3096,50423,-3864,-1066,54135,16877,3027680,9000,654,9025,124956,51107,526,842,67,3402,2300,110550,2021,6373,-1358,-1447,385,360,1356146,2391,16440,3257,19072.0,204352
5.30138731,3177,50204,-3316,-1077,52618,18124,2991176,8518,249,8747,128152,52159,436,859,149,3421,2322,112049,2368,6384,-527,-1293,603,196,1361782,2379,17274,3359,19810.0,208175
5.30233717,3153,50578,-3350,-1259,53107,16255,2997534,7944,493,9472,124766,53337,544,971,125,3542,1955,112224,1793,5957,-761,-744,353,234,1360918,2510,16539,3959,19476.0,202696
5.303287983,3192,49982,-4057,-1194,52024,16377,2949724,8292,-34,9145,124311,51407,557,838,150,3885,2439,113680,1945,5725,-1173,-1678,481,161,1355039,2605,16220,2977,19553.0,202154
5.304238796,3378,52215,-3489,-1183,50973,18108,2924266,8806,52,8283,129444,50956,514,820,166,3610,2391,112052,2147,5928,-1318,-1360,496,262,1351348,2406,16920,3664,20363.0,211951
5.305189133,3154,51492,-3933,-1383,52011,18056,2935830,8386,64,8727,131612,50844,506,964,152,3767,2450,110498,2479,6039,-908,-1184,378,235,1343150,2369,17183,3626,19788.0,212700
5.306139946,3099,51460,-3705,-1041,52743,17548,2940212,8433,254,9081,131284,51568,603,1102,205,3726,2456,111019,1832,6313,-1021,-1583,542,189,1335946,2482,17352,4159,19527.0,211824
5.307090759,3243,52938,-3210,-1078,52764,17993,2853703,8671,-113,8779,138413,51985,642,1164,94,3717,2986,111953,2302,5470,-1080,-817,579,297,1332735,2137,16877,3836,21552.0,221258
5.308041573,3202,50016,-3576,-976,50817,17212,2809368,8388,25,8572,132921,49693,613,959,142,3591,2599,108699,2104,5495,-1251,-1189,420,233,1320801,2121,16924,3491,21392.0,211739
5.308991909,3341,51624,-3734,-1462,51759,17396,2768127,8918,6,8360,132043,48535,617,937,50,3624,2692,106613,1529,5468,-1753,-1444,590,249,1317702,2136,17094,2967,21620.0,213322
5.309942722,3598,52706,-3861,-1201,53311,17959,2858042,8587,747,8549,130646,48563,543,935,125,3788,2387,108033,1911,5941,-1377,-1784,567,305,1311422,2272,16648,3036,19898.0,213496
5.310893536,3731,51487,-3452,-1568,52790,17094,2884472,8378,69,9017,128450,53384,455,867,59,3775,2440,109139,1136,5368,-1279,-997,493,220,1305485,2791,16919,3674,19305.0,209140
5.311844349,3526,50407,-3582,-914,52399,15850,2895109,8616,806,9230,123368,51505,468,779,129,3724,2164,106311,1695,5797,-1991,-1686,548,400,1304462,1895,16689,4003,18654.0,201767
5.312794209,3027,47660,-3660,-929,46901,16588,2622605,7789,616,8218,121094,47793,443,789,106,3448,2129,105498,1912,5246,-1273,-1576,321,293,1303972,2194,17385,3087,20400.0,196158
5.313745022,3520,49167,-3933,-1381,53099,16311,2869173,8784,1037,8303,121232,51428,469,994,39,3546,2342,106444,1842,5681,-1562,-1094,568,239,1305389,2026,16941,3468,19167.0,199014
5.314695835,2975,46493,-3881,-1139,52585,15320,2889495,8339,839,8508,113837,50508,330,726,101,3509,2271,106974,1903,5463,-1502,-1246,518,272,1290984,1831,17086,2758,17109.0,186964
5.315646172,2353,43408,-3832,-1498,49446,13641,2754487,7470,1567,8532,105134,52088,542,840,139,3720,2182,104429,1660,4922,-1747,-1642,505,348,1296066,2112,15878,2634,16289.0,172006
5.316596985,2899,43347,-3635,-1575,49557,14674,2842401,7265,1112,7808,101235,50485,510,758,171,3572,2177,104461,1752,5268,-1817,-1715,342,337,1296703,2064,16426,3122,16362.0,169420
5.317547798,2766,43583,-4285,-1378,52968,14891,2901668,7650,1360,8430,102414,50634,524,835,58,3440,2286,104961,1156,4780,-1669,-1285,358,243,1291218,2501,16318,2707,15909.0,171304
5.318498611,2580,42094,-4172,-1289,49806,14371,2874783,6923,1061,7905,96307,50326,450,804,139,3256,2002,103186,1168,4667,-1275,-1773,319,258,1291888,2092,17054,2990,14271.0,162275
5.319448948,2486,40166,-3403,-1476,45880,13429,2637815,6018,1683,7496,95094,50535,479,818,113,3259,1671,98691,1211,5160,-2042,-1445,428,262,1289588,2522,15809,3232,13638.0,157193
5.320399761,2819,42198,-3894,-1419,48416,13799,2807359,7088,1885,7425,100179,50705,414,812,115,3148,2166,102981,2049,5797,-1998,-2134,481,363,1285077,1934,16486,3391,14192.0,166083
5.321350574,2773,42408,-3735,-1155,47924,13705,2829507,6929,1417,7892,99900,53581,473,859,109,3406,2207,103979,1270,4951,-1439,-1873,280,391,1283881,1741,16279,2426,15128.0,165715
5.322208881,2711,43729,-3464,-1179,47453,14989,2790023,6614,1589,7175,102379,52506,435,814,91,3246,1603,101615,1428,5244,-1891,-1552,373,259,1297234,2171,15923,2772,13666.0,170422
5.322999001,2804,41083,-3648,-1656,44651,12545,2658174,6695,1520,7461,94400,50984,511,845,182,3064,1951,95560,883,4737,-1137,-1349,413,264,1291096,2320,15859,2857,13034.0,157527
5.32378912,2234,37553,-3370,-1077,39885,12044,2453359,6625,1596,6716,88230,49687,460,756,91,2773,2089,90750,1535,5032,-1460,-1763,447,256,1274686,2090,16374,2374,11825.0,146686
5.324578762,2857,44084,-3590,-1349,48760,14881,2804501,7237,1839,8235,102486,52319,411,854,111,3288,2040,101366,1741,4619,-957,-1515,428,290,1295053,2197,16669,2918,13519.0,171545
5.325368404,2796,44465,-3633,-1321,46992,14115,2707903,7294,1258,7010,103591,53689,502,761,53,3463,2304,97539,1341,4818,-1501,-1004,609,246,1299544,2176,16316,2644,14118.0,172261
5.326158047,2874,45067,-3251,-1186,48128,16034,2668364,7613,1408,7394,112787,50405,565,956,131,3269,2492,101255,1742,4728,-1178,-955,486,196,1310699,2185,17293,2925,13684.0,184375
5.326948166,2933,45867,-3728,-1405,47487,16450,2689612,7614,1323,7785,116318,48015,468,933,82,3500,2296,101377,2000,5831,-1147,-1308,389,251,1326227,2818,16684,2525,15552.0,189182
5.327737331,3001,46798,-3430,-1345,45474,16792,2595569,8667,1327,7561,121505,48418,527,922,245,3301,2618,100537,1215,5177,-1084,-1605,459,441,1329078,2071,16606,2869,17677.0,196763
5.328527451,2925,47428,-3391,-1501,47033,17294,2615415,8924,1246,7349,123386,47254,468,950,129,3381,2471,101238,1767,5857,-1119,-1778,317,317,1334781,2729,16228,3546,16443.0,199957
5.329317093,3069,47447,-3314,-1502,48088,16164,2595637,8642,1014,7214,122513,46832,566,856,118,3574,2382,101046,1566,5212,-2365,-1692,560,315,1331952,2361,17664,3752,15552.0,197835
5.330107212,2720,44957,-3259,-1008,46687,15456,2534278,8484,838,6724,113657,48290,553,928,117,3516,2088,97912,1545,4721,-1653,-1663,536,352,1325404,2031,17093,2900,15185.0,185274
5.330896378,3213,46353,-3459,-1053,48397,17006,2573270,8107,1599,7204,115973,47561,551,919,97,3575,2833,103056,1686,5382,-1573,-1509,406,254,1332240,2623,16880,2639,16315.0,190652
5.331686497,3026,51921,-3382,-1025,52003,20480,2587274,9443,1060,7855,139237,46127,564,1052,130,3715,2525,106135,1734,5964,-1023,-1314,446,267,1338123,1873,16090,3025,17198.0,224107
5.332476616,3710,55734,-3191,-1431,51875,20211,2628847,9858,435,7626,151302,48496,501,871,91,3662,2673,106232,2317,6155,-1210,-900,417,186,1343471,2369,17657,3117,20045.0,240815
5.333266258,3935,56416,-3626,-1305,52692,20143,2698177,9704,647,7967,146545,48945,556,1000,72,3811,2655,106549,1769,5778,-1986,-2127,401,267,1344529,2464,17266,3669,19528.0,236743
5.334055901,4342,58598,-3189,-982,51405,21925,2695563,9667,973,8544,150747,49802,511,1006,162,3774,2497,106809,2154,6249,-1552,-1678,502,396,1348715,2484,18039,3560,21586.0,245279
5.334845543,4350,61438,-3470,-1296,52190,23529,2696507,10691,605,8743,165372,48013,634,1176,222,3715,3012,106756,1769,5987,-1424,-1871,427,524,1347593,3212,17691,2939,20843.0,265380
5.335635662,4227,58621,-3207,-1161,54634,22028,2750238,10686,295,8203,154258,49643,571,910,74,3754,3006,107779,2057,6385,-1153,-1628,318,216,1350217,2906,16950,3378,22036.0,249820
5.336424828,3819,59137,-3551,-1209,53423,21403,2714418,10460,824,9121,157183,50238,588,1038,141,3658,2786,105926,2071,6172,-938,-1080,258,197,1340755,2025,16410,3583,21694.0,252002
5.337214947,4159,60001,-3639,-875,51479,23574,2674416,10693,639,8943,166322,47606,578,1077,123,3809,2592,107177,2233,5733,-942,-794,472,220,1340718,2499,16281,4047,21389.0,264749
5.338004589,4146,62098,-3358,-1002,52398,23602,2711669,11007,10,8715,166454,49661,641,1121,214,3958,3071,111104,2403,5936,-885,-1316,447,351,1343568,2806,17262,3941,23804.0,267307
5.338794708,4123,62636,-3262,-1332,53194,24094,2692615,10784,524,8566,164196,51336,525,1104,95,3894,2880,111080,2178,6338,-730,-1670,441,350,1329541,2568,17143,3128,21707.0,265833
5.339583874,3776,58591,-3408,-1518,49909,21704,2558354,9907,596,8561,156289,50970,587,1025,163,4005,2816,107075,1646,5891,-1530,-1187,317,266,1322383,3348,16899,3786,21156.0,250267
5.340373993,3988,59179,-3573,-1313,50930,21686,2617039,9425,437,8104,148988,49990,637,937,191,3496,2448,106710,2517,6329,-1860,-1291,697,210,1315147,2985,17266,3546,20492.0,243266
5.341163635,4159,61674,-3147,-1398,50028,23299,2555018,10621,1235,8581,163261,51459,499,910,124,3416,2966,103291,1800,5548,-1847,-1809,547,345,1304768,2035,16753,3217,20310.0,263014
5.341953278,3928,58868,-3440,-1606,51361,21822,2566895,10415,918,7588,161485,49677,636,1072,33,3831,3030,104909,2214,5815,-1714,-1627,472,285,1295017,2107,16643,3088,18953.0,256518
5.34274292,4117,60733,-3711,-1436,53014,21627,2623699,10848,534,8179,171091,50088,643,1128,208,3687,3015,108667,2820,5833,-1246,-581,341,255,1302400,2164,15991,3296,20225.0,268416
5.343533039,3702,60240,-3984,-1413,53677,22318,2637056,9829,885,8512,171463,49392,621,1171,132,4063,3163,111087,2268,6437,-705,-1224,385,241,1302017,1996,16675,2890,21142.0,267552
5.344323158,3896,60393,-3844,-1372,51718,22210,2591538,10390,764,8005,170213,48299,620,1219,166,4171,2780,110306,2239,6437,-784,-1295,443,259,1297713,2267,17129,3183,20347.0,267102
5.345112324,3870,61245,-3580,-1661,47052,22050,2483291,10736,1269,7689,174143,49956,617,1143,128,3648,2563,106862,2808,6267,-652,-1833,434,264,1293104,2278,16956,3160,19928.0,272044
5.345902443,3960,62183,-3382,-1165,45782,23131,2480033,11273,787,7533,177410,44209,541,1171,163,3549,3094,105113,2530,6515,-578,-1091,525,192,1299640,1949,15614,2566,19455.0,277957
5.346692085,4091,63494,-3276,-970,47555,23794,2539847,11157,1151,8226,175658,45634,575,1086,213,3640,2580,105966,2426,6050,-1824,-2116,540,496,1320979,1821,17843,3740,19409.0,278194
5.347481728,3807,60778,-3934,-1608,51418,22927,2609909,11550,661,8099,167674,46443,621,1192,167,3644,3172,109229,2308,6085,-1217,-1401,440,226,1324996,2295,18514,3116,19341.0,266736
5.34827137,4109,62120,-3981,-1492,49753,23578,2643758,11474,402,8038,169425,51524,677,1141,221,3829,3103,109118,2290,5946,-743,-941,395,235,1338885,2149,17314,2955,20451.0,270706
5.349061489,3638,59512,-3893,-1383,48831,22069,2550942,10445,521,7572,167435,46367,574,1137,192,3775,3328,106788,1842,6037,-835,-1290,344,264,1340491,2846,18183,2998,20704.0,263099
5.349851131,3780,59617,-3627,-1486,46781,22720,2463032,10239,-89,7769,165903,48158,548,1142,170,3788,2920,108296,2187,6322,-196,-986,535,262,1367705,2690,18843,5004,22641.0,262259
5.350640774,3817,58135,-3504,-1387,45957,21738,2455138,10327,-1,7816,166198,48114,622,1021,85,3925,3618,107718,2528,6560,-1061,-946,428,261,1306573,2190,17266,3241,24505.0,260215
5.35379982,4256,65139,-2694,-543,49068,27953,2656007,10796,1054,8426,163326,47909,580,1248,242,4036,3552,111411,2125,6747,-346,-986,500,251,1365237,2939,17692,3498,23403.0,271470
5.354589939,4350,65913,-2963,-711,49626,28579,2671814,10517,29,8632,170600,45847,644,1160,136,4128,2991,113917,2141,6275,-1099,-926,419,257,1359631,2578,18279,3931,23153.0,279959
5.355379581,4443,67556,-2743,-827,50403,30704,2712056,10236,287,9020,168018,52083,576,1204,240,4339,3390,113756,2404,6520,-397,-318,397,186,1356455,2610,17659,3202,21507.0,280957
5.356169224,4540,68672,-2681,-531,51242,31025,2701537,11453,701,9104,166639,48662,696,1186,211,3926,3407,111793,2269,6509,-1735,-1625,613,352,1358220,2675,17692,3926,21955.0,282329
5.356958866,4266,66479,-2734,-657,50172,30269,2648588,9909,341,8870,165843,52010,609,1090,105,4124,3044,113394,2075,6122,-1351,-2104,494,312,1349582,2968,17238,3789,22831.0,276766
5.357748985,4819,69301,-2321,-598,50956,32784,2664963,10169,-61,8358,159677,51084,573,1179,194,4045,3763,110385,2586,6941,-914,-805,565,293,1344514,2346,17011,4088,19904.0,276750
5.358538628,4512,70538,-2554,-733,56507,35264,2636015,10416,336,8608,157756,50028,581,1167,165,4112,3498,109911,2381,6859,-508,-796,559,210,1344438,2877,17178,3951,20790.0,278486
5.35932827,4687,74840,-2467,-711,47669,42658,2450268,10796,710,8646,151523,49297,648,1128,280,4022,4336,106399,2265,6858,-1245,-833,784,346,1357078,3172,17302,3414,21405.0,284504
5.360117912,4251,62548,-3405,-906,49222,27859,2803485,10312,1258,8789,149294,48911,553,1083,120,3977,3298,111395,1677,6060,-579,-1071,440,231,1356568,2715,17870,3748,19761.0,254264
5.360908031,4309,62002,-3596,-1299,52164,27027,2891440,9517,648,8627,151155,51068,599,1026,137,4050,3160,113045,2278,6806,-1589,-1594,439,352,1351743,3222,17312,3670,19135.0,254010
5.361697197,4033,61237,-3118,-800,49908,25009,2899546,10500,220,8569,150829,51172,496,991,122,3656,2795,113741,1916,6129,-1528,-1248,433,344,1355244,2756,17695,4126,18107.0,251608
5.362487316,4086,59710,-2882,-503,50265,23820,2814099,9810,660,8813,148225,51277,474,992,133,4139,3103,110990,1573,6261,-1197,-1653,531,383,1353858,2470,17401,3477,18281.0,245651
5.363277435,4159,58262,-3160,-651,48806,23164,2621275,9478,670,8636,141682,50330,593,1020,91,3890,2633,104053,1777,5916,-1548,-1469,684,310,1349198,2264,17231,3467,18657.0,236745
5.364067078,3534,55016,-3596,-1279,48170,21474,2675933,8824,472,7775,135737,49772,505,946,107,3581,2671,106013,1801,5890,-913,-1487,760,239,1351375,2655,16519,3911,19189.0,224585
5.364856243,3988,58618,-3490,-1298,50699,23424,2973348,8985,73,8766,136717,53066,536,968,51,3965,2456,113712,1968,5993,-1375,-1832,552,301,1358465,2534,17596,3601,18553.0,231732
5.365646362,3728,56122,-3192,-987,51015,22750,2889024,8739,303,8314,138158,52264,608,1122,174,3603,3082,113029,1846,6529,-119,-670,510,226,1358985,2982,17439,3867,19294.0,229497
5.366436481,4007,57085,-3192,-761,49935,22187,2823422,9856,29,7632,132967,50676,577,1073,176,3498,2755,111102,1850,5837,-1031,-649,687,222,1360449,2281,17921,3137,19064.0,226102
5.367225647,3860,57655,-3358,-1098,48666,22450,2865445,8974,247,8099,135925,48764,467,938,289,3678,2730,111807,1697,5586,-421,-1127,511,314,1369193,2760,16714,3981,19552.0,228864
5.368015766,4512,59925,-3016,-1041,51401,22238,2934097,9326,653,7680,142313,49984,545,1092,246,3510,2756,114680,1840,5885,125,-766,500,160,1365946,2311,17436,3371,20092.0,238314
5.368805408,4297,61577,-3239,-1047,50470,22815,2870502,9666,214,8679,142649,53036,526,1010,178,3692,2679,113155,1857,6332,-798,-1418,368,268,1367956,2677,18846,4043,20090.0,241004
5.369595528,4469,64086,-3121,-545,52367,25792,3003000,9695,259,8808,150041,49521,570,1065,146,3632,2856,116458,2332,6446,-79,-805,490,229,1374644,2650,17131,3685,20098.0,254083
5.370384693,4209,64057,-2956,-851,50623,25295,2985124,10626,792,8599,159596,52734,567,1060,164,3861,2863,117419,2002,5903,-1265,-1130,602,334,1371781,2122,17046,3862,20547.0,263783
5.371174812,4216,62209,-2941,-983,49109,23693,2809195,9928,496,8111,147721,51553,618,1031,211,3636,2998,109231,2071,4936,-914,-1326,404,279,1365055,3039,16778,3446,19149.0,247767
5.371964455,4199,64821,-3403,-939,48736,25715,2931956,10466,758,8481,161371,48960,614,1126,104,3971,2835,116304,2175,6667,-1073,-1357,445,241,1366498,2027,17320,3021,20229.0,266572
5.372754574,4136,63528,-3126,-652,48641,24577,2871201,10611,946,8562,151416,52020,513,1014,126,3957,2886,113987,2322,5950,-1229,-1630,327,391,1383599,2012,17040,4459,20926.0,254268
5.373543739,4513,65788,-2960,-685,50311,26118,2942395,11036,346,8652,165310,50829,587,1078,160,3709,2920,116857,2539,6303,-1361,-1453,523,171,1384512,2990,17580,3570,20617.0,272765
5.374333858,4457,65613,-3152,-1119,48203,25971,2891288,10919,381,8537,167704,52486,573,1175,99,3975,2938,114923,1808,5916,-619,-504,418,266,1378861,2363,18365,4236,20316.0,274664
5.375123978,4308,63624,-2915,-526,50454,25535,2815230,10551,475,8241,163005,51832,633,1313,96,3788,3046,114045,1753,5946,-795,-793,611,313,1378728,3064,17587,3236,19201.0,267023
5.375913143,4085,61123,-2566,-212,48789,24032,2646182,9928,587,7853,157342,44769,474,1113,79,3829,3100,108704,2208,6300,-500,-1141,443,416,1383770,3020,17215,3619,19649.0,256510
5.376703262,3985,60990,-2924,-803,47701,23588,2654330,9594,964,7886,152426,50554,619,1083,246,3621,2472,104612,1996,5602,-775,-1272,418,428,1373767,2013,17192,3310,18300.0,250583
5.377492905,4233,61114,-3255,-726,49319,23878,2728548,10239,806,8129,151985,49511,519,1010,88,3702,2289,105560,1637,5943,-779,-1296,403,483,1381585,2753,17043,3016,17412.0,251449
5.378283024,3977,58704,-2879,-760,47173,23662,2685383,9547,454,7891,145974,49109,522,1034,154,3384,2611,105476,2074,5811,-555,-974,385,261,1384896,2495,16890,2533,18109.0,241864
5.379072189,3778,58739,-2673,-1103,48060,22916,2643736,9109,586,7711,144654,48646,587,1063,84,3274,2571,102687,1228,5272,-1073,-1173,555,199,1374107,1977,17321,2447,17067.0,239196
5.379862309,3708,57917,-2761,-770,46387,23153,2634509,9390,463,7970,142042,48075,648,1078,172,3497,2631,101768,2029,5870,-641,-1101,386,314,1362018,2535,17496,3218,17671.0,236210
5.380651951,4297,60544,-3072,-574,46844,23815,2762963,9997,431,8581,152707,51067,525,1117,81,3749,2856,110549,2180,5281,-561,-860,315,225,1370282,2427,16728,3950,17995.0,251360
5.381441593,4165,61219,-3008,-402,48172,24042,2843873,9666,624,8203,144355,48917,602,1133,213,3866,2932,109617,2308,5718,-859,-1425,418,403,1368925,2399,17034,3054,17743.0,243447
5.382231236,3799,57829,-2880,-442,48334,22328,2764361,8722,463,8091,136142,51362,583,1080,93,3305,2482,107376,1637,5948,-336,-834,334,166,1356580,2639,16815,3516,18173.0,228820
5.383021355,3792,59454,-3192,-882,49623,23321,2855503,9518,228,8363,138377,51253,606,971,129,3444,2508,108832,1482,6251,-1359,-1842,390,332,1362758,2906,17202,3265,17075.0,234462
5.383811474,3781,59413,-2877,-1358,46232,23115,2788370,9541,-36,8028,140058,51636,495,963,170,3243,2438,106278,1424,5811,-1045,-1078,330,244,1364587,2301,17728,3769,17318.0,235908
5.384600639,3781,58019,-3177,-1120,47347,22820,2782487,9124,272,8164,139243,51947,514,1042,131,3468,2570,107104,1998,6295,-710,-1606,279,269,1365775,2546,16388,3110,16910.0,232987
5.385390759,3953,61529,-3366,-713,51828,23685,2949366,9888,763,8615,144771,50206,595,1065,212,3921,2521,112344,2560,5826,-650,-804,547,163,1364620,2416,17385,3553,16905.0,243826
5.386180401,3982,61012,-2821,-812,49427,24720,2857933,9580,549,7869,144217,52712,609,1048,221,3703,2793,110169,2048,5492,-1359,-632,611,226,1362856,3063,17806,3129,16789.0,243511
5.386969566,3881,57660,-2979,-1123,47919,21816,2736202,8868,400,7722,130315,50434,492,969,190,3505,2442,104578,1702,6070,-448,-1227,439,284,1369598,2540,16842,3700,16933.0,222540
5.387759686,3822,56750,-3490,-1030,50734,21064,2984668,9203,344,8374,126883,51596,447,1048,100,3664,2461,111297,1921,5707,-1160,-1077,560,234,1359966,2571,16651,3721,18045.0,217722
5.388549805,3548,56383,-3539,-935,48794,21651,2903225,9273,716,7833,122060,49830,527,1086,102,3628,2037,108116,1565,5392,-1313,-1535,798,253,1362852,2096,16142,4484,18272.0,212915
5.389339447,3504,55247,-3196,-1135,51557,20666,2829479,8951,602,8806,128220,47979,567,919,114,3529,2412,107507,2034,5147,-1828,-1413,511,293,1361965,2504,16557,3714,18850.0,216588
5.390129089,3555,52889,-2676,-757,49779,18973,2684869,8991,1227,8345,123161,51049,540,1067,158,3559,2379,102883,1933,4759,-911,-1737,514,308,1360426,2636,16446,3391,18820.0,207569
5.390918732,3600,54163,-2771,-1085,48958,19525,2667207,9390,637,8280,131585,50853,813,994,169,3601,1945,102936,1910,5680,-1478,-1384,582,179,1359753,2331,17288,3440,19115.0,218263
5.391708851,3503,50262,-3043,-1226,46015,18459,2540805,8227,755,7704,121467,51044,505,1044,95,3286,2194,98613,1725,5229,-976,-1975,399,355,1362983,2651,16631,3576,19528.0,201918
5.39249897,3610,52266,-2751,-491,48864,18778,2581960,9050,539,8168,126815,49101,483,1089,78,3697,2034,99611,1751,5600,-578,-471,425,182,1360672,2123,17226,3445,19481.0,210519
5.393288136,3697,54131,-2865,-680,48634,19275,2614837,8988,762,8160,126732,48718,1015,1120,41,3420,2415,102996,2427,5552,-1273,-125,1640,194,1359226,2651,17344,3303,21839.0,212823
5.394077778,3927,60463,-3411,-1267,52256,22618,2753550,10205,248,8637,151845,49984,503,1079,107,4255,3007,110519,1486,5992,-986,-1536,385,274,1361382,2553,16415,3489,22012.0,249058
5.394867897,4207,58223,-3026,-803,51254,21882,2730777,9263,489,8655,144898,50983,538,968,93,4001,2199,107202,1894,5777,-1027,-1441,451,326,1360463,1834,16777,3647,20536.0,238473
5.395657063,3787,54290,-2877,-776,49062,18276,2681219,8871,187,8611,129652,51067,482,968,146,3899,2551,102321,2073,5957,-1009,-996,445,294,1342345,2004,15951,3321,20746.0,214876
5.397237301,3501,51852,-2641,-822,43910,17743,2407185,8367,611,7596,115985,51206,584,1021,211,3272,2145,92048,1773,4809,-968,-1195,588,189,1327303,2493,16384,3828,22714.0,197448
5.398026943,3909,53508,-2617,-563,45521,19160,2455414,8513,813,7517,124006,50553,570,1002,201,3262,2587,94454,1637,5146,-499,-1414,483,247,1324273,2373,15852,3212,22694.0,209096
5.398816586,3683,54313,-2734,-644,46100,20119,2532237,9188,623,7569,129186,50212,613,1019,90,3188,2522,97538,1797,5568,-939,-1144,496,165,1310175,2337,17020,3116,23021.0,216489
5.399606228,4116,57004,-2683,-715,52099,20863,2814622,9650,381,8943,139146,49054,596,1052,226,3493,2410,108553,1845,5788,-765,-1200,388,312,1323242,2358,16661,3230,26597.0,230779
5.400396347,3516,55656,-2860,-858,46697,21409,2524890,9120,1076,8043,132757,50843,456,929,54,3226,2641,96632,1741,5299,-1007,-1654,383,358,1305923,2629,16901,3654,22627.0,222458
5.401185513,3892,57281,-3072,-977,45776,21576,2611767,9431,984,8529,137576,49838,524,966,55,3250,2290,99080,2009,5848,-1804,-1127,413,336,1309678,2060,16331,4144,21514.0,229756
5.401975632,3912,58809,-3289,-1353,49214,21537,2790262,9419,502,9063,140465,49813,586,1062,178,3555,2571,103565,1895,5440,-409,-1113,522,237,1314850,2331,16322,3003,22815.0,234142
5.402765274,4132,63048,-3668,-1446,47627,22821,2881317,9777,123,8432,155848,50528,506,1049,144,3457,2829,108668,1906,6077,-1394,-1560,316,362,1344404,2545,16842,3790,21372.0,255626
5.403555393,4588,63088,-3087,-1167,48184,23523,2906480,9823,630,9742,157341,50384,550,1143,103,3520,2224,108139,2401,5946,-1149,-999,600,371,1348961,2457,16180,2948,21710.0,258363
5.404344559,4171,63835,-3050,-871,46622,23900,2923810,10083,321,9410,160646,49488,587,1182,104,3662,2877,108424,2212,6051,-1429,-1177,474,360,1332278,3095,16395,3490,19889.0,262635
5.405134678,4019,62102,-3321,-813,46620,23599,2873695,9416,268,8259,149719,48710,519,1037,80,3524,2750,108143,2427,6342,-882,-1251,446,245,1321311,2288,17299,3750,20145.0,248855
5.405924797,4360,60307,-3373,-621,47970,22590,2781663,9775,481,8875,147089,47527,581,1081,76,3771,3045,105244,1747,5985,-1603,-1297,681,246,1340632,2364,17420,3333,21194.0,244121
5.406713963,3742,58665,-3020,-1002,43623,22702,2659059,8814,785,8074,147404,46212,502,944,64,3057,2357,103539,2035,5906,-1294,-1391,376,223,1349556,2281,16422,3284,19385.0,241327
5.407504082,4008,59235,-3068,-1238,44231,22387,2731962,9382,123,8681,154215,47678,479,1076,124,3288,2391,104371,2046,5460,-709,-811,334,302,1352132,2396,16700,3213,21140.0,249227
5.408293724,3510,55897,-3420,-817,42076,20214,2614063,9359,95,9039,146890,47112,468,1114,123,3446,2671,102750,1834,6328,-309,-557,412,209,1364020,2586,16469,3755,22134.0,235870
5.409083843,3593,55726,-3117,-1098,38788,20465,2503239,8732,148,8150,145009,45304,454,1001,94,2994,2304,100082,1769,6565,-296,-989,497,177,1351418,2816,16891,2940,21265.0,233525
5.409873009,3433,57066,-3751,-1136,46305,22481,2724746,9554,220,8288,150312,46750,520,1056,112,3226,3059,106476,1970,6141,-540,-1063,422,294,1349975,2934,16024,3951,20591.0,242846
5.410663128,3552,59034,-3259,-988,45986,22551,2631193,9379,599,9311,150137,45830,491,1052,143,3361,2793,105330,2338,6004,-962,-789,475,249,1347084,2682,16408,3321,20810.0,244653
5.41145277,3838,61239,-2576,-975,47123,24146,2668716,10033,624,8761,158383,45870,557,1098,170,3835,2946,106970,1815,6121,-1113,-1391,517,274,1362751,2658,16833,4344,21461.0,257639
5.412242889,3896,63164,-3287,-959,48654,25908,2732963,9769,384,8710,155708,50288,476,1074,128,3498,2928,107539,2125,6408,-677,-1444,423,327,1360280,2539,17022,3595,21082.0,258445
5.413032055,3994,64479,-3046,-1129,51062,27980,2705743,9762,1004,9119,157848,50701,593,1112,285,3671,3282,108829,2240,5924,-1054,-1349,600,222,1360979,2774,16602,3441,21497.0,264063
5.413822174,4373,66814,-3031,-1192,49067,29591,2605480,9874,442,7787,153932,49696,578,1152,204,3799,3444,106256,1875,6099,-796,-1229,635,353,1359696,2360,15975,3376,21816.0,264584
5.414612293,4310,68037,-2539,-958,49739,30212,2499962,10560,389,7685,152930,49607,553,1124,153,3888,3316,106464,1898,6403,-909,-1103,428,289,1359486,2643,16436,4163,21883.0,266049
5.415401459,4189,66825,-3485,-1102,50608,29712,2569406,10099,174,7816,148664,51709,618,1076,178,3742,3027,108003,2774,6836,-1056,-1223,491,230,1357431,2215,16587,3660,22766.0,259489
5.416191101,4404,66189,-3257,-745,51983,28796,2576787,10059,780,7608,146849,49654,581,1098,175,4055,3445,113388,1733,6319,-609,-1045,261,291,1359435,2523,16721,3742,24323.0,256297
5.418056011,2752,49395,-2450,-484,50958,26053,2123824,8623,887,7933,130257,48502,473,1060,141,4247,3904,101015,2116,6031,-230,-495,357,176,1359799,2573,16409,3719,19671.0,217080
5.41884613,3321,51961,-2341,-421,52427,26626,2248065,9187,531,8284,134169,47545,579,1028,104,3956,3304,102503,2220,6374,-1137,-933,430,234,1373124,2870,17340,4026,21701.0,225264
5.41963625,3818,56956,-2032,-203,51007,30554,2181105,9434,878,7951,133551,45032,589,1135,162,4141,4001,103766,2047,6078,-819,-965,323,193,1364461,2609,17023,3349,20898.0,234313
5.420425415,4049,71516,-1849,-241,48997,42687,2115072,9367,116,8112,133546,45575,582,1167,128,4074,4999,103397,2076,7239,-1182,-819,444,281,1365295,2720,17011,4058,22864.0,261165
5.421215534,3180,51827,-2190,-630,46408,26785,2057417,8459,76,7532,120243,46121,557,956,181,3852,3862,99032,1870,5998,-1296,-1094,537,193,1353434,2454,17304,2987,23778.0,210494
5.422005177,3110,48193,-2831,-487,50757,22501,2303457,9075,965,7963,118592,46712,493,924,148,3675,2715,100094,1992,5781,-988,-1847,394,341,1346546,2670,17848,3267,22967.0,201471
5.422794819,3288,51741,-2271,-648,51820,23671,2361136,8995,686,8076,125819,49938,547,1029,199,3556,3058,100875,1808,5365,-974,-922,529,278,1325384,2656,17860,3832,23659.0,213514
5.423584461,3300,50298,-2502,-393,49957,22693,2253701,8622,1142,8042,120747,48942,528,1061,174,3712,2749,97248,1745,5296,-243,-952,296,180,1304341,2000,17594,3337,22877.0,205660
5.42437458,3628,52627,-2002,-421,49761,23057,2308527,8843,581,7891,121078,48420,577,1013,53,3487,2926,98955,1891,5699,-1177,-1474,507,252,1306881,2873,16580,3530,22579.0,209233
5.425164223,3287,49780,-2547,-459,52481,21267,2447274,9527,720,8600,120296,47134,566,1016,186,3913,2980,105528,1891,5964,-945,-1149,557,256,1311812,2258,17344,4439,24394.0,204157
5.425953865,3130,49457,-2646,-682,53529,19643,2527426,8884,574,8153,121949,47511,603,1055,165,3775,2697,105736,2012,5958,-656,-1409,555,410,1312321,2540,16734,3536,24317.0,203063
5.426743507,3316,50982,-3191,-627,53602,19903,2620435,9323,610,8837,132337,50462,527,1009,205,3744,2449,105329,2446,5547,-518,-783,530,194,1312982,2494,16925,3848,24248.0,215861
5.427533627,3589,54169,-2651,-622,53891,22410,2708809,10436,104,8865,141769,50760,573,1024,155,4131,2803,108416,1420,5814,-333,-821,470,281,1324172,2593,16260,3885,23617.0,232373
5.428322792,3962,54807,-2793,-65,52958,21239,2709519,9388,301,8536,139021,51360,506,921,51,3761,2737,108106,1586,5637,-1836,-1187,446,396,1334117,2684,16195,2979,24508.0,228417
5.429112911,3790,56304,-2753,-691,51966,22803,2757179,9692,537,8571,144215,51748,485,1084,93,3990,2525,108387,1401,5445,-1052,-911,572,308,1338811,2534,17016,3892,22792.0,236804
5.42990303,3338,54065,-3056,-983,50846,21236,2704593,9452,684,8522,135775,54763,528,970,157,3455,2172,104648,2127,5973,-1414,-1466,450,361,1339381,2751,17055,3321,22402.0,223866
5.430692673,3878,56633,-2651,-252,54971,22750,2887739,9674,911,9524,141778,51336,553,964,159,3811,2706,110886,2092,5849,-833,-1017,420,257,1352334,2511,17590,3622,24081.0,234713
5.431481838,3872,57826,-3338,-862,53405,22974,2920939,9696,528,9010,141258,52562,544,1063,124,3837,2360,111562,2359,5803,-761,-1241,355,310,1360337,2439,17177,3268,23890.0,235626
5.432271957,3817,58263,-2876,-730,52988,23129,2906370,10188,531,9378,143988,54198,534,1065,146,3719,2927,113404,2107,6192,-236,-971,403,221,1358361,2938,16039,4529,22396.0,239385
5.433062077,3365,55951,-3703,-857,54019,21969,2814104,9326,277,8713,135891,51010,614,1044,147,3672,3043,110023,2056,5821,-1509,-1200,523,338,1362417,2637,16760,3477,22834.0,226502
5.433851719,3181,55901,-3133,-940,53402,22284,2823858,9938,268,8465,133334,53681,601,1027,123,3687,2644,109664,1882,5673,-962,-1177,364,222,1358200,2553,16500,3902,20926.0,224638
5.434641361,3275,51805,-3261,-690,49955,19806,2561114,9447,800,8019,123714,52306,736,1040,34,3477,1936,102151,1816,5709,-1736,-1056,511,165,1354976,1833,16978,3561,21713.0,208047
5.435431004,2903,49232,-2586,-1002,46656,19930,2545389,9240,448,7846,122620,50496,621,918,73,3139,2173,104235,1685,5363,-1674,-596,398,231,1355496,2159,16574,4362,23991.0,203925
5.436221123,3363,54646,-3203,-798,52485,20837,2774562,9490,107,8680,130929,50725,532,972,108,3652,2416,108838,1994,5859,-769,-1235,362,234,1361045,2722,17174,3342,21775.0,219265
5.437010288,3725,54729,-3041,-602,54973,21478,2838896,9344,673,8866,134480,51894,517,992,87,4032,2378,109638,2086,5947,-1503,-1288,536,336,1359009,2905,17118,3494,21309.0,223756
5.437800407,3334,53307,-2946,-409,53976,21999,2726131,9531,-135,8721,134855,53438,558,1001,201,3855,3052,108505,1772,6039,-1154,-758,339,306,1363298,2916,16342,3203,20833.0,223026
5.43859005,3407,53389,-2799,-832,51636,22104,2684029,9646,705,8315,136412,54686,560,1007,48,3242,2523,107205,1801,5944,-813,-1358,285,247,1364179,2456,16636,2722,20899.0,224958
5.439380169,3583,56747,-3005,-457,55825,24139,2774561,9962,83,8648,147843,52985,464,1072,135,3670,2392,113493,2468,6912,-310,-1202,484,351,1369640,2840,16415,3468,22437.0,242274
5.440169334,3202,52838,-2919,-802,52976,21212,2602676,9397,311,8034,134399,52974,456,961,80,3349,2631,107016,1659,6067,-819,-876,348,259,1367644,2687,17155,3621,21752.0,221048
5.440959454,2975,49933,-2946,-889,52502,20844,2570539,8980,766,7868,127030,53791,447,928,59,3291,2574,105489,2040,6120,-957,-981,428,168,1363331,2735,17386,3252,22518.0,209762
5.441749573,3329,53612,-2967,-247,54702,22241,2715723,8846,486,8254,138834,54295,439,1047,137,3961,2756,113526,2332,6194,-893,-1237,393,350,1361850,2542,16938,3487,22517.0,226862
5.442538738,3277,54646,-2957,-584,56473,22379,2790251,9696,521,8528,143193,51834,513,1046,147,3781,2492,116393,1532,6091,-994,-1347,476,267,1374069,2679,16910,3513,23959.0,233191
5.443328857,3261,53274,-2681,-381,56080,22100,2813363,10392,772,8237,139787,53675,496,985,99,3806,2514,116729,2389,6132,-1096,-741,500,281,1374160,2371,17189,3570,22412.0,228814
5.4441185,3720,54439,-2938,-606,57508,23528,2835870,9856,420,8298,142003,51185,521,1041,146,4096,3102,118517,2081,6301,-488,-1258,529,244,1377806,2496,18022,3708,23724.0,233546
5.444918633,3293,51550,-2982,-765,55852,20560,2764208,9698,609,7884,126418,51256,478,1127,71,3841,2471,115092,2056,6259,-812,-925,640,304,1375627,2556,16836,4426,25616.0,211519
5.445718288,3107,50461,-2898,-555,58629,20296,2683825,9435,484,7747,127237,51052,739,2091,81,4180,2217,114272,2433,5826,553,-47,336,221,1371184,3193,17176,3807,24622.0,210536
5.446518898,3178,49413,-2891,-456,60072,19188,2681491,9354,754,7489,122907,48800,612,1944,118,3883,2517,114894,1105,6010,462,-496,417,234,1370101,2492,18171,3722,24371.0,204040
5.447319508,3027,47367,-2847,-578,53850,18970,2456658,8937,686,7256,120255,48725,569,1059,109,3721,2835,109901,1484,5711,-1420,-1368,653,355,1370777,2704,16270,3805,23730.0,198556
5.44811964,3236,51680,-3040,-564,57424,21287,2637136,9858,1129,8718,139880,52318,507,1033,128,4208,2739,116260,1748,5997,-507,-909,379,236,1368201,2840,17784,3703,28623.0,225941
5.44892025,3231,48046,-2694,-588,54558,20199,2489805,9435,611,7727,131886,50669,482,922,110,3874,2776,111160,2217,6237,-1688,-1902,462,311,1369209,3071,15699,3160,26695.0,212797
5.44972086,3138,46337,-2613,-733,47860,18760,2202393,9272,994,6468,122005,50458,436,989,132,3306,2440,97208,1765,5710,-511,-730,393,246,1358562,2184,17218,3474,26162.0,199512
5.450521469,3413,50965,-2455,-755,53341,20948,2436037,9437,242,7546,139125,52035,481,933,167,3914,2723,106067,2283,6161,-978,-753,325,175,1361911,3132,17606,3056,25397.0,223888
5.451321125,3247,53015,-2873,-660,57155,22628,2621597,10163,469,8634,143114,51010,524,950,129,3859,2832,113550,2157,6287,-1200,-1305,531,422,1360539,2430,18307,2510,27058.0,232167
5.452121735,3471,52746,-3072,-751,55361,22256,2615545,10287,620,8262,142433,51655,529,969,191,3867,3099,111988,1850,6110,-563,-892,321,184,1358955,2195,17440,3355,26687.0,231193
5.452922344,3512,53874,-3007,-453,55693,22777,2636626,10359,499,7740,142607,50116,589,1004,96,3761,2876,112047,2127,6260,-944,-1808,359,244,1352697,2577,17406,3896,26808.0,233129
5.453722954,3642,53232,-2936,-523,51727,21518,2511361,9379,950,7623,136391,52409,416,1069,141,3621,2402,105578,2056,5826,-83,-913,443,194,1347833,2714,16433,3517,24424.0,224162
5.454523087,3606,51661,-2321,-418,49536,21706,2467886,9138,812,7605,132723,52248,572,978,205,3443,2515,101902,2078,5260,-917,-1201,470,298,1339682,3026,16904,3266,22327.0,218834
5.455323696,3328,53173,-3072,-491,54483,22570,2623135,9699,601,8102,139130,50995,460,1014,76,3817,2499,108591,1946,6221,-744,-1126,438,243,1336779,2207,18069,3634,22900.0,227900
5.456124306,3192,47509,-2390,-791,49728,19337,2256836,9180,1591,7413,119399,49649,558,881,158,3437,3086,96661,1255,5186,-890,-1201,358,216,1324031,2255,16493,4004,23638.0,198617
5.456923962,3683,51288,-2651,-289,51946,21359,2479603,9513,742,7415,128686,47225,529,1167,76,3697,2665,106207,1852,5537,-1097,-1631,476,326,1320858,2297,17536,2965,22795.0,214529
5.457724571,3441,50672,-3086,-759,55059,20391,2536434,9483,293,7231,116562,51010,555,1031,154,3440,2863,107795,2171,6092,-995,-1056,431,146,1326659,2599,16004,3805,23548.0,200549
5.458525181,3970,58639,-3056,-1069,57603,24165,2805116,10351,333,8144,143496,53824,569,1057,193,4145,2651,114799,1885,6770,-979,-1205,450,260,1318943,2756,18218,3878,22779.0,240621
5.45932579,3515,55415,-2583,-726,58234,24518,2827642,9771,95,8080,145844,52645,457,1020,141,4090,2838,115840,1889,6038,-254,-603,355,278,1322993,2257,17124,2933,21703.0,239063
5.460125923,3393,56388,-2848,-811,57476,23684,2809449,10329,675,8375,147111,54251,559,1027,203,3726,2811,116166,2039,6007,-1210,-1524,451,331,1321556,2618,18069,3200,21274.0,240905
5.460926533,3438,55838,-3149,-950,55292,23338,2758118,10203,231,8391,146646,51893,637,1065,136,3841,2656,114344,1785,5850,-936,-908,348,251,1325034,2837,16522,3148,21931.0,239463
5.461727142,3591,56603,-3036,-973,55051,23905,2846145,10194,852,8818,144212,52211,458,1094,90,4145,2747,114641,1539,6506,-876,-1332,473,444,1326423,2575,16340,4093,22091.0,238505
5.463327408,3372,57668,-3125,-828,52446,23177,2707583,10269,1262,8313,148112,54613,505,1112,189,3799,2667,112808,1865,5617,-804,-1385,418,392,1330207,2348,17174,3542,21888.0,242598
5.464128017,3409,57377,-2899,-891,52229,23341,2697689,10465,392,8252,149584,50843,535,1101,153,3998,2929,111713,1295,5701,-1173,-1322,368,421,1326321,2715,16587,3280,21066.0,244176
5.464928627,3740,56820,-3191,-1169,50828,23704,2531943,10667,419,7714,151977,50648,543,973,139,3463,2851,109081,2335,6249,-740,-963,397,168,1334013,2467,17410,3318,21785.0,246908
5.46572876,3722,53278,-3053,-796,48717,22036,2383219,9985,705,6684,141417,51304,463,964,212,3431,2546,102892,2411,5852,-930,-443,429,249,1334169,2722,17190,3017,21456.0,230438
5.466529369,3966,56706,-2758,-860,49720,22368,2436753,9912,1031,7451,149641,50674,568,1144,143,3557,3053,105792,2141,6820,-409,-1478,335,274,1352609,2198,17182,3084,22941.0,242593
5.467329979,3864,57631,-3136,-742,51991,23683,2558098,10692,991,8130,154365,51566,472,1063,97,3878,2780,108411,2393,6675,-912,-979,488,306,1357690,2835,16589,3531,22360.0,250235
5.468130112,3694,55948,-2431,-742,50596,22260,2509319,10133,1142,7894,152284,49014,527,1387,227,3711,2987,108254,1797,6136,-409,-727,504,258,1354040,2235,16287,3578,21377.0,244319
5.468930721,3865,55534,-2777,-583,49397,22726,2378667,9552,789,6970,146383,49300,474,1108,131,3708,2946,102131,1924,6095,-545,-1217,429,275,1351802,1969,17058,3158,22127.0,238060
5.469731331,3364,48981,-2397,-659,47249,20690,2153285,8594,1107,6638,130216,49936,595,1083,137,3234,2268,93499,1828,5109,-1109,-493,478,241,1338958,1872,16822,3063,19730.0,211845
5.471331596,2970,48328,-2544,-774,45647,19725,2082696,7906,1049,5611,120329,48235,495,945,158,3027,2261,90077,1772,4994,-1417,-1788,372,361,1340043,1589,17844,3075,18684.0,199258
5.472132206,3089,45309,-2233,-430,45704,18945,2049474,7577,1427,5828,114168,47149,591,986,138,2939,2346,88143,1551,5027,-1859,-1635,478,349,1335618,1937,16401,3127,19955.0,189088
5.472932816,3067,44833,-2188,-805,44517,17382,2002415,7274,1358,6296,114700,48274,465,988,160,3096,2366,87057,1769,4992,-811,-1062,426,235,1330693,2200,16019,3010,19605.0,187256
5.473733425,2943,48595,-2826,-794,49191,19338,2356967,8682,992,6971,130368,50081,537,1955,134,3519,2950,101759,2181,6006,538,-164,512,134,1342285,2048,15527,2809,20992.0,209926
5.474533558,3722,55584,-2557,-417,54200,22310,2592347,10678,1001,7969,155185,49723,558,1503,182,3650,2672,109656,2239,6035,177,-760,320,183,1345130,2614,16837,3323,22107.0,247479
5.475334167,3605,53282,-3207,-542,53515,22528,2583969,10562,709,7992,148503,50237,581,1138,101,3354,2834,107289,1945,6153,-770,-1118,599,159,1338215,2333,16799,2921,21069.0,238480
5.476134777,3334,53228,-2913,-751,54804,22845,2608188,10597,1192,7991,149172,49449,652,1165,123,3675,3457,108903,2013,5714,-1641,-1721,540,315,1336843,2197,16669,3026,21611.0,239176
5.476934433,3165,50215,-2941,-755,51225,21571,2454712,9112,949,7818,136682,49891,627,1051,116,3966,2595,102722,1788,5566,-1184,-1527,607,283,1327766,1939,16316,2861,20536.0,220745
5.477735043,3702,55264,-2551,-473,48821,22749,2494241,9427,1117,7168,149001,49173,588,1116,160,3554,2615,105129,1381,5469,-1233,-1352,429,267,1332010,2437,16659,3520,20850.0,240143
5.478535652,3453,52771,-3013,-875,49400,21554,2480268,9864,1825,7708,147575,53073,523,1045,170,3598,2716,103965,1982,5278,-1008,-1269,403,266,1333598,2591,16654,2802,20106.0,235217
5.479336262,3022,45078,-2338,-836,43885,19355,2200640,7790,1448,6530,126481,54986,500,974,165,3371,2283,93585,1349,4798,-1115,-1545,419,201,1326828,1599,15653,2573,18184.0,201726
5.480136395,2673,41908,-2393,-819,45658,18297,2247515,8304,1522,6687,128131,55204,681,1031,179,3474,2299,98493,1536,4847,-1645,-1507,432,276,1329353,1927,15299,2509,19016.0,199313
5.480937004,2891,45869,-2591,-702,45404,20563,2348637,8789,1741,7558,136750,56920,545,1024,109,3310,2841,99478,1624,4990,-1540,-985,655,258,1331720,1827,16644,3110,18620.0,214862
5.481737614,2439,43032,-2584,-1083,42520,18951,2175647,7752,1192,6040,121554,55775,481,865,119,3178,2428,91060,1654,4305,-1431,-1663,332,232,1325362,1907,15665,2952,17616.0,193728
5.48253727,2784,47054,-2536,-1122,44896,19468,2309776,8321,1083,6745,126278,58262,363,897,135,3429,2467,94689,1416,5525,-1240,-1844,449,383,1329967,2178,16237,3092,18364.0,203905
5.483337879,3248,51231,-2677,-1160,50597,21458,2517836,9254,1567,7780,137889,55916,544,1004,188,3222,2655,102497,1419,5606,-1012,-1345,363,199,1332658,2478,16311,3108,19146.0,223080
5.484138489,3096,52496,-2895,-549,51229,21415,2550593,9909,934,7841,137880,53569,512,1065,143,3383,2717,104844,1907,5737,-795,-1655,402,240,1335278,2346,16190,3281,20179.0,224796
5.484939098,2956,50571,-3311,-865,49654,21463,2592490,8630,1163,7504,130384,50824,538,1045,194,3590,2421,102326,1404,5638,-486,-1015,358,234,1334274,1997,16130,3156,18063.0,214004
5.485739231,3214,53671,-2534,-746,52116,21834,2740546,9304,1150,8158,136630,51678,569,980,108,3472,2796,104568,1568,5383,-1424,-1467,419,290,1336018,1961,15932,3368,18614.0,224653
5.486539841,3152,52084,-3246,-698,51948,20432,2795857,9286,783,8357,129182,51971,495,982,178,3624,2520,107137,1718,5714,-1052,-1654,337,393,1334781,2394,16737,2082,18829.0,214136
5.48734045,2920,47555,-2938,-767,52383,18883,2684155,8389,702,7443,118577,49961,795,1128,211,3563,2499,103769,1923,4999,-1482,-1279,302,348,1329837,2064,15996,2995,17751.0,196324
5.488140106,2947,47195,-3238,-720,52653,18756,2690711,8806,1253,8100,118424,48701,537,958,99,3629,2033,103367,1666,5495,-1701,-1439,504,323,1322202,1826,16067,3298,17601.0,196128
5.488940716,2805,45776,-2759,-796,52035,18646,2598308,7901,1036,8063,113563,50318,598,915,85,3627,2109,101170,1536,4702,-1401,-764,418,266,1317668,1896,15169,2999,18199.0,188691
5.489741325,2652,40961,-2755,-759,47372,15184,2443571,7267,1382,6935,100615,49597,419,845,40,3427,2416,96800,1307,5062,-1246,-1768,631,324,1313070,1896,15522,2925,18333.0,166679
5.490541935,2568,41159,-2869,-667,47190,16765,2411980,8220,773,7645,100525,49999,584,819,118,3262,2244,95131,1622,4476,-771,-895,853,136,1310382,2210,15148,2505,18112.0,169237
5.491342068,2577,44265,-2964,-827,47056,17921,2454764,7738,705,7524,112529,48366,579,976,173,3539,2545,100116,1891,4939,-1881,-1424,526,363,1305608,2127,16059,3368,19352.0,185030
5.492142677,3103,47256,-3365,-705,52882,18799,2615145,8255,1559,8258,120532,50310,466,857,78,3605,2327,102968,2190,5910,-1697,-1792,482,207,1306613,2359,16429,3305,18759.0,197945
5.492943287,3168,50692,-3234,-811,56149,20184,2737125,9483,1139,8983,131219,51524,496,898,95,3784,2856,107378,2087,6049,-1870,-2196,283,327,1310591,2601,16664,3760,19499.0,214746
5.493743896,3067,49119,-2928,-729,55643,18768,2775989,8501,760,8658,125076,49669,579,963,143,3883,2441,108159,1843,6126,-849,-1041,259,143,1310208,2305,15644,2850,21254.0,204531
5.494544029,3149,48835,-3233,-960,52850,18968,2735069,8700,457,9279,126899,44638,616,939,136,3949,2455,110522,1824,5607,-1766,-1623,608,303,1324075,2845,16325,3626,21112.0,206551
5.495344162,3181,50077,-3212,-749,53492,19320,2696292,8847,-143,8887,129457,49117,549,968,209,3797,2267,108923,1485,6039,-1449,-1931,457,323,1339351,2657,16279,3389,21986.0,210882
5.496144772,2842,43375,-2486,-822,44374,17233,2229553,8355,717,7809,115714,47965,670,919,152,3463,2069,98502,2334,5477,-1406,-1101,377,195,1333938,2412,16618,3859,19314.0,187519
5.496944904,3613,56056,-3187,-1332,52875,20466,2821896,9709,480,9095,138768,55125,574,1033,45,3785,2976,110647,1838,6247,-1111,-924,468,213,1336896,2965,17435,3191,20118.0,228612
5.497745514,3688,55332,-3426,-897,52799,19563,2818466,9212,768,8716,130533,53438,554,983,185,3830,2490,108361,1743,5142,-1287,-1517,359,300,1336447,2347,17592,2894,19539.0,218328
5.498546124,3595,55012,-2992,-929,50044,19407,2656760,9076,749,7935,130007,52948,565,849,103,3629,2256,104012,1314,4955,-1411,-1146,422,262,1331697,2059,16253,2464,19266.0,217097
5.499346733,3253,53103,-2875,-1020,49822,19443,2631554,8970,686,8116,127388,51499,499,919,110,3381,2410,103651,1659,5567,-1341,-1091,473,247,1331926,1952,15608,3015,18687.0,212157
5.500146866,3305,48317,-2747,-934,48482,18258,2534052,7986,557,7541,119732,49577,554,922,181,3704,1950,99035,1522,5627,-1122,-868,453,201,1332528,1800,15984,3321,18232.0,197598
5.500947475,2597,47473,-3181,-938,45634,18399,2422344,8277,643,8180,113868,48819,533,851,110,3442,2223,96502,1991,5401,-1726,-1258,297,320,1332348,2132,16684,2780,18236.0,190614
5.501748085,3095,48353,-2970,-625,47490,18679,2537222,8098,792,8386,119568,48201,478,902,127,3295,2408,100654,1768,5546,-1179,-1029,313,268,1340125,2187,15909,2834,19055.0,197793
5.502547741,3058,52498,-3356,-1162,50931,19218,2778088,9127,512,8773,126288,49023,580,1356,162,3854,2984,108434,1652,5867,-1065,-1180,569,316,1343920,2275,15981,3468,19813.0,210189
5.503348351,3201,50066,-3072,-997,52097,18634,2725936,8518,856,8581,116174,49989,1060,1751,152,3451,2639,105847,1683,5190,-1151,-1120,1142,133,1347490,2502,16157,3053,22624.0,196593
5.50414896,3634,53390,-3328,-932,51163,20474,2672865,8869,866,7968,124630,47948,588,1139,247,3542,2177,102663,1697,5880,-621,-1716,289,265,1334108,2054,17049,3449,17914.0,210997
5.50494957,3408,55836,-3637,-1102,50377,20800,2723601,9393,1139,8659,129669,47557,551,989,125,3468,2542,104749,1942,5441,-1979,-2135,556,468,1336494,2335,15851,3240,18909.0,219106
5.505749702,3365,57576,-3789,-1065,52460,21707,2835307,10081,637,8508,144499,50519,516,944,160,3958,2696,111131,1623,6216,-1067,-1443,388,286,1345768,2038,17381,2749,19899.0,237228
5.506550312,3790,59195,-3980,-1186,54695,21821,2936650,10260,564,9082,140527,52370,531,943,105,3786,2697,112944,2050,5573,-2269,-2437,595,520,1348219,2505,17189,3813,18619.0,235593
5.507350922,3956,59313,-3818,-1347,54428,21607,2937317,9554,-16,9130,143943,50740,627,1197,124,3888,2532,113132,1963,6015,-805,-789,413,266,1350647,2480,17162,2853,19628.0,238373
5.508150578,3513,57325,-3418,-1312,52781,21812,2836424,9568,445,8500,142540,50285,700,1082,143,3526,2286,110784,2184,5473,-1417,-1288,328,310,1344382,2598,17205,3006,19909.0,234758
5.508951187,3651,58114,-3117,-1054,51647,21731,2745150,9789,885,8770,143430,49359,410,989,69,3521,2163,108749,2318,5710,-887,-1252,339,287,1347889,2019,18110,3524,19390.0,236715
5.509751797,3786,55878,-2844,-1073,50804,20189,2611307,9422,908,8104,137849,48122,511,1010,133,3577,2273,105295,1942,5697,-1328,-1769,370,367,1347645,2563,16763,3009,19857.0,227124
5.510552406,3477,54498,-2840,-1122,47949,20285,2535097,9121,1103,8057,135109,47911,440,950,82,3403,1970,103802,2216,6050,-924,-1422,402,247,1343210,1788,16459,4223,20782.0,222490
5.511352539,3527,56905,-3619,-1315,51519,21129,2691628,9908,779,8106,143200,49923,494,1053,104,3613,2195,108018,1424,5529,-979,-1269,443,175,1352226,2474,17607,3150,21932.0,234669
5.512153149,3550,56890,-3620,-1060,55253,20647,2791378,9744,208,8775,147438,51045,567,1123,139,3896,2900,114605,1866,6313,-898,-1357,435,160,1361722,2641,17551,3870,22685.0,238269
5.512953758,3647,57704,-3779,-829,55971,21596,2773830,10376,818,8354,152137,46202,497,1205,90,3826,2223,112697,1903,6275,-488,-1227,485,212,1358773,1903,16717,2801,22598.0,245460
5.513754368,3584,55257,-3187,-1006,54013,21068,2662531,9228,672,8607,144502,48121,541,1230,135,3794,2337,110665,2066,5996,-360,-1039,261,288,1357872,2636,17715,3213,21336.0,233639
5.514554024,3474,54241,-3516,-1257,52671,20949,2643500,9079,466,8332,141698,49214,516,1144,64,4030,2657,112944,2472,5988,-952,-1353,404,276,1354890,3381,17758,2848,21428.0,229441
5.515354633,3927,57010,-3277,-1133,55565,20200,2835381,9801,295,8911,140213,50639,496,1026,129,3869,2812,114438,2186,6081,-1312,-1636,518,233,1360818,2289,18188,2835,23346.0,231151
5.516155243,3388,55807,-3925,-1297,56539,20965,2885294,9657,55,9189,141974,51079,609,1004,171,4176,2775,117176,2023,6188,-1252,-1399,414,171,1364964,2416,17201,4378,23891.0,231791
5.516955376,3845,52402,-3335,-1304,55384,18129,2783261,8471,376,8153,123355,50297,456,1035,64,3722,2843,111872,1774,5915,-1154,-1337,505,193,1360294,2602,17506,4202,23630.0,206202
5.517755985,2961,48416,-3602,-1420,51467,16984,2632010,8744,342,8229,119499,51213,536,1034,194,3648,2761,108835,2316,6320,-651,-1382,528,273,1356017,1963,17297,3297,23975.0,196604
5.518556595,3509,54495,-3438,-1158,57114,18306,2885834,8651,303,9052,132222,49481,558,1094,169,4011,2356,113103,2129,5535,-1349,-1790,395,370,1364519,2423,17237,3420,24857.0,217183
5.519357204,3972,54091,-3242,-622,57669,19598,2896698,9257,-86,9350,135485,50663,492,1027,210,4034,2467,113323,2095,5898,-401,-738,300,222,1363602,2604,16477,3401,25855.0,222403
5.52015686,3638,53970,-3887,-1258,57309,19126,2931561,9658,112,9505,136230,49591,600,1115,143,3948,2705,115780,2361,5407,-1309,-1351,442,297,1368161,2905,17311,3345,27819.0,222622
5.52095747,3543,54064,-3557,-1150,55078,18382,2903520,8767,507,9301,133435,53431,500,951,142,3824,2998,111884,1631,5844,-1657,-2078,498,485,1362881,2936,16817,3388,25938.0,218191
5.52175808,3407,51832,-3547,-1261,55087,17248,2804771,9092,318,8822,129920,50900,631,952,143,3613,2554,108205,1658,6044,-1140,-1043,354,237,1355095,2067,16949,3192,25834.0,211499
5.522558212,3343,52993,-3631,-1259,57336,17202,2891193,9392,284,9282,134706,50914,489,987,178,4325,2663,112471,1893,6077,-1020,-1531,390,265,1355694,2647,17254,3628,25379.0,217636
5.523358822,3164,52913,-3922,-1355,57201,18504,2891707,8605,355,9120,131360,51733,493,885,124,4336,2434,110922,1564,5530,-1457,-1861,448,284,1349862,2892,16634,3761,24930.0,214546
5.524159431,3300,51711,-3922,-1482,57293,18384,2896870,8764,346,9008,130732,52439,554,995,40,3989,2575,112117,1731,5812,-1765,-1154,371,301,1331846,2317,16159,4167,23676.0,212891
5.524960041,3597,51927,-3610,-1331,57014,17698,2885415,9199,357,8631,125109,51186,565,895,161,3693,2542,109993,2129,5752,-1154,-936,379,210,1321462,2407,16163,3638,23738.0,207530
5.525760174,2940,51113,-3627,-1418,55532,17204,2841633,8507,124,9133,124589,52126,356,881,47,3971,2296,108235,1665,5720,-1248,-1219,457,307,1317473,2241,16120,4458,23327.0,204353
5.526560307,2760,46289,-3538,-1108,52542,15715,2588939,7898,740,8360,117910,48394,514,1002,99,3838,2715,106319,1512,5378,-949,-1372,494,356,1312392,2138,16516,3589,22917.0,190572
5.527360916,2173,37610,-2760,-1066,43382,13312,2264701,7129,769,7523,106560,46870,381,965,129,3588,2530,105663,2064,6009,-524,-1237,427,276,1295081,2550,15417,3323,21024.0,166784
5.528161049,3141,50877,-3635,-1642,55008,16689,2831442,8436,38,9615,123662,52760,491,1038,205,3954,2054,109130,2163,5507,-613,-1191,385,247,1307588,2815,16293,3497,21866.0,202805
5.528961658,3317,48285,-3488,-1324,52722,16440,2744597,8071,-25,8521,110602,52010,408,911,134,3782,2516,102777,2143,5817,-976,-1674,585,375,1313392,2183,16314,3640,21595.0,186715
5.529762268,2466,41467,-3486,-1351,46274,13973,2407493,6905,903,7421,95631,49523,461,809,35,3163,2044,92354,1241,4698,-1312,-1422,431,340,1310182,2056,16145,2394,19726.0,160442
5.530562878,2456,43706,-3392,-1377,50237,15665,2717192,7805,439,8490,109561,50129,483,831,102,3750,2146,107757,2413,6043,-1223,-1194,240,348,1334389,2574,16997,3793,22229.0,179193
5.53136301,2451,41042,-3394,-1629,42848,13120,2402699,6551,795,7680,99446,49175,512,851,118,3463,1803,99206,1699,5713,-1410,-1829,579,388,1342253,2314,16855,2999,19380.0,162610
5.53216362,2520,41220,-3791,-1701,42568,13053,2427590,7004,626,7598,98242,47237,445,846,170,3150,1762,99833,1252,5569,-1364,-1014,375,350,1338017,2040,15644,3837,19117.0,162039
5.53296423,2573,43737,-3426,-1436,43175,12820,2457490,7370,1202,8186,94172,50417,857,774,87,3275,1995,99449,1995,5476,-1453,-956,1189,292,1343831,2444,15628,2797,19702.0,160672
5.533764839,2455,46245,-3387,-1277,48394,15520,2753629,7873,166,8417,113406,50953,944,964,102,3033,2169,108047,1900,6048,-1184,-1023,1247,231,1364277,2735,17244,3104,21682.0,185499
5.536965847,3044,50194,-2815,-544,47064,19245,2778788,9010,1049,8704,120228,49091,411,1037,144,3503,2200,106134,1589,5078,-210,-781,470,236,1339747,2246,17108,3143,18241.0,201721
5.537766457,3045,52143,-2954,-722,50130,21026,2872377,9080,748,8784,125437,48035,485,889,134,3809,2297,109954,2136,6015,-529,-826,362,234,1339643,2103,16294,3315,20060.0,210731
5.538567066,3586,56580,-2921,-349,53586,22883,2996987,9749,236,8709,135120,51776,491,975,110,3653,2543,115961,2013,6262,-1205,-1285,600,323,1344612,2279,16907,3418,21275.0,227918
5.539367676,3640,54164,-2933,-413,50978,21863,2893541,9352,126,8971,132346,51224,474,973,128,3583,2486,114964,1835,5892,-1236,-1666,473,243,1327007,2668,16645,3439,22460.0,221365
5.540167332,3589,55200,-3275,-444,52816,22368,2927070,9476,744,9566,138849,53221,523,1018,68,4069,2087,116467,2257,5838,-1383,-1335,269,481,1328187,2935,16187,3250,21993.0,229482
5.540967941,3569,56340,-2866,-757,53305,23510,2892411,9905,423,9549,142343,53906,540,972,129,3826,2378,115886,2027,5662,-1068,-1393,355,311,1336913,2982,16733,3764,23869.0,235667
5.541768551,3467,52538,-2780,-614,51055,21158,2759207,9563,455,8445,130862,53166,607,917,200,3754,2459,114545,2076,6243,-1048,-787,349,185,1327291,2574,15871,3455,23489.0,217588
5.542568684,3314,51147,-2683,-216,50381,21354,2603272,9762,526,8412,126083,49747,511,923,96,3690,2941,109626,2223,5747,-1213,-956,489,224,1330149,2424,16525,3274,26266.0,211660
5.543369293,3398,48784,-2302,-308,48203,20217,2503949,8533,787,7526,123374,48358,537,969,147,3463,2760,110511,1947,5766,-949,-1010,434,200,1330533,2678,15510,2692,24515.0,204306
5.544169903,3385,48987,-2650,-408,48650,20490,2432965,9082,1098,7987,125635,48767,615,876,61,3440,2297,107626,2072,6032,-1452,-1460,433,181,1324753,2289,16263,3071,24873.0,207579
5.544970512,3196,49464,-2563,-416,48594,20612,2379456,9395,1341,8201,129294,49092,613,918,116,3608,2639,105370,2227,6303,-1346,-1086,307,228,1332655,2584,16057,3373,25890.0,211961
5.545770168,3081,48526,-2198,-517,47439,20334,2330396,9328,1208,8451,129721,47287,620,1119,94,3687,2510,104905,2137,5136,-951,-1286,428,298,1328644,2565,16747,2971,27326.0,210990
5.546570778,3286,50225,-2553,-283,49639,22282,2327537,9310,996,8280,133679,47339,525,995,137,3709,2913,103058,1693,5407,-1069,-1239,520,325,1321365,1883,16240,2962,28436.0,218782
5.547371387,3144,46118,-2102,-403,45258,19366,2097845,8540,1170,7432,122143,46657,464,1069,278,3231,2260,96922,1641,5321,46,-623,315,181,1328513,2076,15939,3544,26270.0,199311
5.54817152,3325,50475,-2133,-228,48036,20571,2263522,9515,1309,7739,131677,46791,497,1058,94,3531,2581,100833,1932,5825,-747,-1224,502,354,1339554,2319,15530,3854,26760.0,215563
5.54897213,3107,47057,-2378,-418,40917,20044,2066046,8171,663,6943,125984,45913,497,943,45,2917,2762,97363,1880,5347,-904,-779,235,199,1336277,2014,15853,3233,26809.0,204363
5.549772739,3670,51896,-2765,-489,46641,21814,2314122,9547,877,7443,137768,48325,506,915,138,3301,2673,101573,1508,5906,-653,-960,339,320,1349686,1979,16497,2735,27114.0,224695
5.550573349,3706,56175,-2728,68,50801,23768,2576435,10278,72,8456,144059,48788,437,1098,116,3536,2567,113638,2310,6434,-313,-969,384,262,1370995,2901,16273,3565,31901.0,237986
5.551373005,3902,59094,-3215,-854,49979,25769,2615247,11028,241,8510,158464,49266,552,1068,71,3931,2879,116719,2155,6784,-1349,-1058,430,520,1379964,2744,17028,3268,29061.0,258257
5.552173615,3393,57176,-2801,-387,51495,26361,2596146,10856,670,8374,160062,50581,557,1047,150,3629,2904,115961,2443,7080,-584,-1138,481,221,1376845,2665,16597,3381,28035.0,257848
5.552974224,3545,55557,-2785,-527,54073,26015,2611938,11326,683,8879,162102,50316,546,1085,181,4109,2986,118411,2595,6373,-822,-1341,464,160,1377855,2201,16785,3980,30527.0,258545
5.553774834,3546,56313,-2573,-434,50023,24418,2430996,10633,891,7500,149189,49395,528,1016,112,3259,2566,107454,2077,5853,-1273,-1470,552,311,1367809,2147,17322,3143,24369.0,244099
5.554574966,3558,57270,-2861,-326,53034,27215,2578984,11869,594,8829,161590,52053,596,1093,174,3417,2750,112283,2136,6026,-1251,-1344,484,285,1379321,2644,16149,4070,25312.0,261502
5.555375576,3496,58964,-2799,-629,52613,26827,2676662,11157,216,8589,161585,50899,553,987,150,3798,2905,118352,1928,6726,-845,-1743,404,340,1392688,3164,17792,3725,25718.0,262029
5.556176186,3572,58690,-2732,51,56805,28051,2685353,11673,185,8701,163244,48977,873,1089,107,4207,2657,119828,1852,7557,-2448,-1646,622,383,1393478,3158,17446,3520,27835.0,265230
5.556976318,4018,63049,-3234,-227,53297,28068,2743987,12058,704,8070,166301,50879,632,1100,102,3830,3493,123249,2170,6343,-982,-901,331,174,1398914,2323,15765,3701,28617.0,273494
5.557776928,4485,65444,-2787,-312,51762,28447,2777654,11773,398,8756,168694,51522,688,1128,114,3698,2856,124971,2003,6734,-928,-1034,368,263,1396460,3150,17505,3229,29804.0,278843
5.558577061,4168,61653,-2286,-305,52053,26153,2738390,11059,132,7335,154088,49826,1237,1204,119,3693,2686,122219,2502,6553,-1594,-1061,535,204,1402160,2734,16054,5040,31286.0,257121
5.55937767,3403,54321,-2817,-452,52682,23180,2728569,9959,572,8859,144688,51718,759,1063,121,3673,2891,126023,1779,6232,-1958,-1048,487,334,1394859,3423,16232,3513,26654.0,235551
5.560177803,3836,58761,-3105,-665,51343,24359,2703312,10140,221,8296,144979,52355,716,943,151,3657,2671,125091,1667,6360,-877,-1241,374,210,1398589,3129,16909,3832,23949.0,242075
5.560978413,3156,52553,-2845,-357,48861,21498,2779863,9668,888,8577,135302,54584,705,1000,145,3685,2566,122566,2327,7076,-1650,-1677,466,340,1400470,2918,16892,3925,28220.0,222177
5.561779022,2889,46754,-2830,-260,53873,20242,2824707,8490,171,8905,121313,52820,778,968,133,3855,2660,126817,2329,6323,-1158,-670,370,240,1397168,3410,16747,3839,26102.0,199688
5.562579155,2645,46193,-2949,-511,54963,19292,2871609,8080,252,9130,115409,51284,860,1026,63,3953,2134,125458,2280,6260,-2014,-1099,419,282,1398761,2821,16282,3221,25579.0,191619
5.563379765,3378,48631,-3118,-963,50479,17480,2885064,8444,288,8361,111634,53301,625,800,32,3776,2387,121410,2021,5987,-1357,-1022,335,178,1385269,2611,16817,3894,24954.0,189567
5.564180374,2919,45274,-2918,-1127,51993,16863,2710074,8022,447,8790,108515,52304,816,878,74,3652,2248,117894,1566,5572,-1450,-831,417,167,1377453,2792,16075,3368,24495.0,181593
5.565006256,2848,42531,-2424,-498,49105,16517,2581107,7972,630,8126,99960,52582,945,970,64,3085,2117,109852,2522,6168,-2036,-1347,584,227,1379574,2970,17341,3024,23636.0,169828
5.565839767,3050,42603,-2375,-699,48011,15457,2548916,7268,817,8284,96833,51804,910,983,90,3341,1784,107400,1717,5569,-1630,-1314,380,213,1372013,2619,16477,3516,24236.0,165211
5.566673756,2836,46531,-2592,-825,49943,17858,2694750,8534,574,8923,111604,52643,851,970,139,3920,2383,116908,1756,5666,-1767,-1106,581,238,1373408,2669,16451,3598,24095.0,187363
5.567507744,2902,45362,-2269,-664,49860,16377,2728523,8038,345,8376,103888,53140,765,892,33,3475,2547,115529,1955,5473,-787,-77,2227,314,1365156,2613,16008,3864,23425.0,176567
5.568341255,2778,43724,-2783,-421,52266,17430,2738842,8117,489,9085,103325,51842,692,814,41,3766,1993,118517,2376,5533,-2256,-1431,305,323,1370345,2860,16814,3090,23143.0,175374
5.569175243,2259,38997,-2701,-218,50770,16267,2647713,7410,164,8756,98499,50625,680,853,100,3551,2530,116828,2012,5770,-1329,-1047,289,259,1368596,2259,16154,2387,23449.0,163432
5.570009232,2405,38372,-3153,-725,49630,14741,2706010,6586,908,8771,90932,51791,561,815,60,3650,2167,113860,1888,5438,-1450,-1029,463,223,1363235,2425,16187,2849,20378.0,153036
5.57084322,2232,37292,-3056,-539,51496,14626,2729440,6816,954,8919,88395,53419,632,760,79,3654,1878,113468,2225,4786,-2384,-1719,532,353,1361271,2562,16125,4106,19258.0,149361
5.571676731,2521,39525,-3301,-342,55640,15775,2900923,7295,-15,8893,93918,50331,545,683,176,3563,2129,119193,1482,5424,-1591,-1062,540,228,1372421,2764,16128,3487,20765.0,159034
5.572510719,2552,40641,-3105,-185,56814,16408,2906108,7379,344,9288,97230,49474,634,869,116,3914,2255,122639,1802,5874,-1731,-1284,300,272,1369946,2437,16291,3297,20644.0,164210
5.573344707,2919,45684,-3807,-480,56867,17503,2916708,8220,3,8564,105107,52669,626,915,170,3803,2510,127152,1546,6074,-1034,-685,493,206,1368556,2945,15836,3858,21126.0,179433
5.574178696,2781,43258,-3118,-387,56466,16061,2990104,6950,290,8458,97537,51333,490,810,125,3837,2138,126523,1784,5939,-1479,-1393,484,265,1365106,2485,17217,3191,22236.0,166587
5.575012207,2360,40943,-3213,-528,51502,14030,2941566,6414,225,8916,88780,51821,653,846,126,3511,1970,119540,2334,5374,-2231,-1850,475,214,1356407,2570,16884,3200,18159.0,152527
5.575846195,2468,41577,-3168,-747,55252,15540,3109267,7269,925,9651,93208,55237,636,942,87,3488,1773,122225,1918,6048,-1256,-397,672,157,1363050,2924,16787,2960,18833.0,160062
5.576680183,2624,43719,-3539,-652,54810,15326,3142444,6547,308,9570,96401,52831,466,763,40,3385,1869,125075,1795,5877,-1442,-1646,423,222,1363484,2128,16121,3500,19391.0,164617
5.577513695,2732,42471,-3806,-940,55917,14972,3080397,6739,120,9444,93909,53049,420,797,135,3378,2091,123386,2049,5622,-958,-854,293,159,1356902,2267,15870,3382,18036.0,160823
5.578347683,2747,42724,-3891,-1067,55215,14713,3089239,7102,496,9622,95108,54196,452,820,156,3675,2088,124211,1863,5172,-1522,-1795,262,290,1348095,2944,16082,3652,18771.0,162394
5.579181671,2388,40756,-3542,-812,57568,14639,3008448,6664,450,9347,92224,52590,491,851,126,3429,2177,120721,1885,5940,-1203,-1188,382,285,1334493,2784,16799,3448,18885.0,156671
5.580015659,2302,40614,-3535,-620,56546,14057,2948957,6834,97,8724,91990,52959,496,694,118,3748,1859,119996,1707,5417,-2045,-1650,354,269,1329087,2248,15802,3372,19760.0,155797
5.580849171,2153,37407,-3089,-560,57886,14603,2875434,6821,57,8844,94558,51202,485,827,91,3887,2344,121279,2010,5457,-1926,-1307,476,258,1333510,3354,15836,3542,19557.0,155542
5.581683159,2320,40385,-3562,-1168,52014,13424,2811217,6396,434,7738,88390,51199,470,779,79,3274,1895,114681,2172,5359,-1279,-1316,406,248,1311982,2625,15975,3048,19216.0,150915
5.582517147,2391,36896,-3141,-973,46714,12159,2484916,5903,1167,7758,77108,50077,435,741,117,3239,2059,101729,1215,4621,-1425,-1392,437,450,1315428,1985,15458,2986,18687.0,134457
5.583350658,2489,37561,-2766,-1045,44662,13093,2551583,6004,299,7290,79637,50690,456,710,136,3472,1473,104244,1536,5148,-1668,-1745,362,407,1311795,2092,15664,2678,19823.0,138784
5.584184647,2619,40334,-3107,-1053,49903,13916,2655718,6255,695,8276,86583,50277,400,712,131,3293,1569,107369,1935,5559,-1334,-1526,408,285,1311186,1402,15608,2844,19102.0,149707
5.585018635,2382,39265,-3157,-556,55577,15874,2855916,7256,288,8978,95369,51436,478,820,159,3461,1860,117006,1996,5875,-1437,-1577,264,216,1325328,2457,15863,4102,21956.0,160146
5.585852623,2559,42747,-3495,-811,56176,15299,2961983,7260,494,8654,97892,51042,462,701,23,3565,1970,121355,1967,5521,-1609,-1292,593,351,1326491,1859,15626,3622,21793.0,165757
5.586686134,2859,44127,-3593,-829,55803,15347,2970144,7072,143,8736,95198,51042,555,750,99,3454,2392,121815,1957,5850,-1794,-1901,387,307,1321338,2700,15572,3525,20851.0,164603
5.587520123,2983,46504,-3206,-1014,55547,15255,3010314,7226,348,8929,98941,53247,439,821,115,3506,1885,122906,2383,5876,-1570,-1577,456,310,1329052,2509,16039,2991,22179.0,170909
5.588354111,2705,43611,-3012,-928,51548,15904,2762924,7048,797,8310,96855,51021,436,841,137,3404,2203,111413,1714,5524,-875,-1535,490,393,1324463,2918,15533,3324,21781.0,166123
5.589187622,2549,41571,-2828,-625,48747,15001,2686554,7209,492,8699,96035,49886,539,850,155,3299,2482,116288,1432,5573,-878,-1553,305,226,1325676,2752,15768,3057,21650.0,162365
5.59002161,2788,42811,-3623,-757,58526,17541,2914086,8306,640,9162,107462,50857,467,814,104,3668,2563,125793,2005,6178,-1303,-1396,371,208,1348018,2729,16796,3733,23481.0,178908
5.590855598,2581,44946,-3354,-582,58216,18313,2918152,8053,335,8944,109723,52764,491,860,104,3971,2412,125888,1844,6379,-857,-1170,382,271,1359379,2727,17035,2733,22487.0,183616
5.591689587,2951,46388,-2955,-559,55264,18210,2869132,8159,830,9143,115769,51685,636,971,53,4031,2414,120918,1772,5892,-1881,-1130,393,429,1349792,2758,16404,3430,22596.0,191477
5.592523098,3035,49448,-3100,-786,52690,18925,2845661,8080,644,8460,114988,54152,475,831,167,3583,2462,116836,1787,6289,-1297,-1838,373,302,1360639,2226,16737,3047,23410.0,194476
5.593357086,3344,50620,-3327,-966,52403,19749,2861583,8609,547,8654,121227,53531,425,900,195,3821,2510,120741,2232,6395,-1061,-1575,453,389,1362387,2049,16226,3019,22752.0,203549
5.594191074,3068,51225,-2919,-1183,50667,18579,2780601,8240,386,8104,118412,55081,545,1006,152,3092,2512,114685,1787,5735,-1142,-1384,523,265,1354484,1999,16793,3300,22973.0,199524
5.595025063,3322,52639,-3127,-844,52550,19825,2879636,8462,280,8116,124523,54081,410,879,139,3402,2298,120607,1375,5792,-370,-1092,283,171,1364437,2665,15853,3737,24124.0,208771
5.595858574,3359,52344,-3470,-1048,51860,19102,2906738,8334,203,8982,124327,51418,469,877,153,3428,2467,120760,1959,5824,-657,-614,286,212,1358522,2771,16546,3347,23604.0,207466
5.596692562,3505,52820,-3057,-1069,52355,20012,2892963,8901,313,8810,126138,49988,516,871,61,3575,2490,120485,1751,6864,-1203,-1694,277,311,1354922,2829,15723,3630,23589.0,211376
5.59752655,3165,53797,-3344,-1117,51971,20290,2900615,8378,805,8596,128727,49718,513,854,159,3434,2427,119169,1724,6154,-1518,-1732,456,336,1357125,2626,17021,3618,23420.0,214357
5.598360062,3304,53020,-3088,-1001,53481,20748,2902386,8765,486,8478,127663,52451,519,901,47,3774,2718,120207,2535,6924,-1529,-1543,331,270,1357473,2759,15872,3708,23608.0,213500
5.59919405,3459,53454,-3383,-1120,52733,20740,2918906,9414,640,9109,125293,53548,750,871,144,3520,2306,120874,1910,5607,-1704,-826,545,252,1354278,2826,16176,3016,22500.0,212360
5.600028038,3438,51894,-3312,-949,52786,19633,2887045,8095,139,8358,123361,52769,548,998,80,3673,2254,121884,2133,6241,-1263,-1376,400,211,1356824,2695,17573,3605,21526.0,206421
5.600862026,3120,51160,-3666,-1194,52890,19314,2936052,8012,501,8738,121285,53632,747,871,125,3856,2612,122325,2431,5964,-2194,-1359,515,236,1361360,2802,15659,3141,21635.0,202891
5.601695538,3484,50748,-3365,-1163,55047,18086,2912897,8471,999,9334,117409,52988,561,844,86,3984,2259,122700,1870,5228,-2117,-1243,438,236,1363569,2899,17650,3137,20426.0,198198
5.602529526,2878,47418,-3024,-753,53398,19493,2867106,8532,482,9137,118747,52560,513,968,242,3637,2510,119283,2081,6559,-1132,-1268,230,350,1359694,2467,17177,3926,21366.0,197068
5.603363514,3097,47789,-3568,-863,53807,16718,2935686,7447,170,8912,109077,51747,412,790,168,3759,2437,117618,1666,6122,-1200,-1599,383,307,1354750,2733,16304,3425,20605.0,184128
5.604197025,2848,45474,-3547,-1016,53669,15464,2880166,7123,-92,8710,105907,51323,592,807,117,3723,1991,116167,2102,5447,-1820,-1134,293,180,1356254,1984,16476,3468,21253.0,176816
5.605031013,2840,45411,-3363,-1388,52806,15677,2822829,6949,236,9233,101584,51814,600,849,93,3445,2074,113582,1571,5483,-1451,-1521,391,264,1354738,2903,16213,2989,20477.0,172461
5.605865002,2502,44459,-3697,-977,52961,14945,2891240,7001,370,9031,101424,52218,624,837,72,3829,1928,115702,1555,5579,-2148,-1661,621,344,1359031,2176,16531,3272,20602.0,170331
5.60669899,2691,45830,-3809,-1102,52299,16000,2904062,7811,135,8645,108057,49866,531,870,177,3517,2303,118467,1642,5601,-1093,-1041,432,210,1355970,2493,16132,3929,21191.0,180389
5.607532501,2780,44878,-3260,-1042,53374,15140,2920876,6514,-29,9364,102277,50767,505,863,210,3720,2378,117611,2231,6071,-1062,-1435,489,226,1352197,2317,16527,3064,21178.0,171589
5.608366489,2959,44156,-3595,-969,53404,15268,2960258,7560,426,9172,96511,52104,488,788,114,3652,2325,115672,1978,5788,-1387,-1154,279,228,1347845,2392,16610,3813,22085.0,166454
5.609200478,2788,44635,-3455,-1334,53360,15361,2898723,6913,98,8623,98094,51859,512,810,105,3608,1980,114360,1940,5620,-2067,-1955,365,395,1342177,2095,15964,3588,20777.0,167791
5.610033989,2480,42736,-3212,-924,52281,14653,2859304,7442,304,8598,98169,53160,562,790,55,3439,1962,116268,1355,5776,-1436,-996,394,164,1336968,2579,15965,2875,21367.0,165480
5.610867977,2200,40030,-3177,-1165,46445,14182,2593749,7479,542,8333,91121,48331,462,888,173,3599,2072,108667,1677,5667,-1130,-1084,368,269,1324300,2488,15939,2812,19983.0,155012
5.611701965,3118,45805,-3201,-1313,47444,16122,2878580,7469,378,9180,101094,54469,479,873,131,3549,1919,114167,2415,5918,-813,-851,315,238,1318746,2476,15483,3624,19694.0,173608
5.612535954,3335,49773,-3974,-1318,51495,16939,3006679,7884,314,9572,108073,52113,539,854,179,3735,2249,117235,1686,5954,-1303,-1017,392,160,1319314,2447,16626,4108,20997.0,186004
5.613369465,3037,48018,-3531,-1133,49357,16316,2964346,7633,415,8965,105285,53875,543,911,199,3532,2591,115406,1908,5966,-917,-1086,319,295,1305116,2037,16081,3147,21168.0,180289
5.614203453,3205,48327,-3554,-684,50701,17120,2946580,7439,299,8989,109856,53023,523,816,94,3579,2539,115354,1835,5934,-1336,-1328,424,207,1307395,2077,16205,2903,20953.0,185947
5.615037441,2823,45513,-3048,-1252,49058,16055,2700692,7816,473,8852,105172,52032,556,843,110,3299,2292,108279,1861,5724,-1101,-1294,566,197,1305915,1963,16089,3375,21245.0,177379
5.615871429,2734,44237,-2998,-1084,50128,16257,2772765,8216,358,9007,107748,52222,547,888,92,3434,2168,110513,2688,6327,-1552,-1204,453,249,1305994,2078,15895,3367,23049.0,179192
5.616704941,1794,39263,-3048,-1084,52174,16867,2755263,8135,52,9206,112670,55478,604,854,159,3834,2408,114175,2105,6041,-1180,-1416,411,305,1316050,2961,15926,3250,22756.0,178729
5.617538929,2008,36934,-3550,-1140,49698,15892,2690575,7860,660,8863,108632,55257,610,818,87,3499,2498,112697,1537,4960,-2209,-1434,506,263,1315388,2316,16795,3991,23139.0,171326
5.618372917,2018,36900,-2966,-1279,50251,15337,2664094,7559,242,9068,108334,54746,572,732,121,3712,2143,111047,1799,5326,-1483,-1269,475,274,1327059,2469,15500,3754,22861.0,170148
5.619206429,2176,38326,-3162,-1247,50224,14595,2694576,6997,368,9487,106131,57742,599,852,85,3613,2319,110043,1698,5142,-1831,-1477,747,429,1336844,2692,15822,3524,22953.0,168225
5.620040417,2371,40465,-3617,-1374,49339,15333,2704333,7775,372,9397,105332,53399,667,907,102,3782,1910,110581,2548,5689,-862,-1196,340,196,1341792,2775,16702,3784,22093.0,171276
5.620874405,2351,38936,-3228,-1131,49324,15757,2819423,8135,603,10335,112235,54166,630,936,218,3685,1671,114119,1937,5238,-1007,-896,300,291,1348961,2209,16382,3092,23360.0,177414
5.621708393,2132,39212,-3408,-1305,49089,15901,2782042,7677,292,10050,109557,59017,602,909,144,3636,2419,111304,1597,5173,-1673,-1310,525,316,1352507,2273,16841,4002,23977.0,174479
5.622541904,2999,47594,-3807,-1603,48733,15555,2853613,8198,326,10408,109083,52891,686,876,86,3502,2796,113407,1447,5809,-2328,-1560,673,398,1349653,2531,16381,3815,22039.0,183429
5.623375893,3340,47687,-3277,-1223,45287,15444,2798274,7894,145,9769,106330,50868,699,859,170,3620,2640,114087,1646,5237,-1323,-1229,798,274,1353081,2387,16360,4601,23176.0,180695
5.624209881,3427,49269,-3352,-1079,48200,16729,2937225,8362,568,10216,112508,53122,537,926,141,3349,2390,116751,1698,5603,-1070,-882,446,212,1359494,3209,16711,3045,22301.0,190295
5.625043392,3113,47815,-3418,-1161,51521,16323,2912076,8181,-26,10181,113917,49650,531,879,75,3676,2259,117581,2096,5930,-2279,-2121,535,420,1357553,2196,16492,3850,21761.0,189349
5.62587738,2826,46217,-3358,-1323,50513,16582,2850225,7862,250,9807,112731,47410,590,903,132,3763,2057,115581,1978,6100,-1679,-755,455,262,1358348,1761,16396,2988,22342.0,186218
5.626711369,3216,48733,-3819,-1549,50865,15832,2831430,7551,383,10362,111305,51921,593,856,126,3567,2265,112302,2026,5653,-1864,-1414,447,304,1344590,2225,16596,3736,19850.0,186637
5.627545357,3197,48745,-4364,-1346,51112,15818,2934076,7287,131,10202,112997,51665,558,894,170,3685,2319,114951,1536,5719,-458,-1397,405,229,1356115,2909,16694,3828,19460.0,188044
5.628378868,3036,47425,-3602,-1239,51291,14712,2930284,6953,153,10015,109679,47617,477,827,124,3562,2346,116491,1577,5823,-808,-1545,508,209,1354083,2621,16831,2592,20590.0,181805
5.629212856,3130,50595,-4278,-1103,50739,16873,3051782,7806,121,10049,114978,48848,567,908,149,3610,2452,120441,2363,6059,-1481,-1448,843,333,1356336,2195,15691,3882,21074.0,193382
5.630046844,3400,50554,-3850,-1404,51247,16522,3068315,7506,431,10595,113743,53702,597,786,101,4004,2549,121052,1996,5872,-1920,-1551,436,303,1363500,2701,16722,3159,21000.0,191725
5.630880356,3118,50642,-3951,-1562,52512,17220,3076385,7968,517,10082,115859,47454,627,841,99,3539,2313,123722,2042,6517,-1942,-2186,563,304,1356344,2523,16641,4021,20171.0,194807
5.631714344,3069,48629,-3241,-1074,50163,16931,2850039,7323,235,9355,108892,51892,397,784,211,3500,2460,116066,2000,6392,-742,-1460,367,278,1358037,2901,16208,2697,20823.0,184844
5.632548332,3418,54079,-3639,-1152,49931,18920,2963816,8406,548,9442,120175,51772,634,876,92,3643,2098,121291,2003,6120,-2175,-1747,560,287,1355252,2591,17747,2949,19282.0,204998
5.63338232,3610,56702,-3726,-1121,49731,21347,2921778,8658,127,9082,133052,50383,525,900,111,3489,2726,122042,1789,6619,-992,-1488,416,223,1362786,2607,16048,3522,19975.0,223369
5.634215832,3610,54721,-3358,-835,49104,20551,2915297,9135,293,9325,131504,50013,540,958,86,3637,2365,120620,2073,7044,-1333,-1830,346,266,1355213,2100,16559,3214,19561.0,219521
5.63504982,3383,53110,-3822,-1214,50549,18516,2920749,8414,150,8903,124895,47877,416,872,52,3351,2090,122394,2391,6590,-1456,-1701,430,175,1354344,2380,17358,4014,19855.0,208318
5.635883808,3606,54426,-3693,-1371,49054,19213,2863638,8186,312,8690,128409,52671,521,904,100,3506,2469,121424,1730,6302,-1602,-1637,388,268,1350381,2828,15781,2219,19855.0,213840
5.636717796,3308,51258,-3509,-1209,51264,17847,2903170,8169,535,8669,120913,51188,522,932,61,3461,2088,123912,1626,5874,-1300,-1357,553,211,1351399,2612,16975,3027,20687.0,201495
5.637551308,3414,53521,-3531,-1174,48837,19253,2912519,8175,147,8230,126330,49949,411,908,151,3377,2260,123800,1615,6453,-496,-1220,332,252,1358811,2304,16852,3350,20430.0,210693
5.638385296,3550,53997,-3707,-1450,48478,19577,2877545,8912,295,8103,127136,52830,414,793,129,3715,2523,123679,1464,6027,-959,-1711,488,164,1356260,2549,15880,3256,20920.0,213172
5.639219284,3439,53366,-3725,-1024,50529,19308,2815853,8734,581,8589,129905,51117,564,843,86,3407,2637,123221,1969,6302,-2376,-2146,283,375,1349127,2451,16038,3580,20927.0,214752
5.640052795,3456,53675,-3699,-1134,52202,19561,2832563,8418,896,7777,131900,48788,438,859,103,3757,2728,123592,1780,6654,-1100,-1741,420,258,1348850,2823,17015,3016,21266.0,217010
5.640886784,3550,54287,-3858,-1440,52394,19763,2820583,8525,695,8698,131152,49622,582,1048,182,3741,2389,124276,2295,6555,-1368,-1943,368,292,1355046,1989,16389,3399,20216.0,217277
5.641720772,3293,54952,-3608,-1392,52888,20390,2863924,9690,604,8440,136197,50494,561,853,142,3727,2765,125606,2117,5766,-1498,-1906,496,279,1351635,2306,17032,3106,21226.0,224522
5.64255476,3591,54107,-3591,-1200,53036,20106,2883696,9120,163,9080,134662,49163,510,1042,152,3699,2570,125022,2076,6286,-1607,-1572,416,257,1352015,2913,16689,3406,21074.0,221586
5.643388271,3819,55222,-3795,-1499,52210,19164,2934609,8403,183,9432,132350,47959,514,981,176,4023,2649,124312,2200,6577,-487,-991,485,258,1353916,2312,18112,3698,21700.0,218958
5.64422226,3444,55855,-4012,-1250,53142,20250,2976522,8986,78,9283,134313,51248,434,904,155,4056,2328,125938,2120,6091,-861,-1001,603,194,1351438,2455,17423,3107,22609.0,222848
5.645056248,3368,52862,-3651,-1152,52435,20022,2926515,9074,445,9545,137747,50602,497,954,124,3785,2540,126680,3039,6743,-1360,-1803,313,213,1351830,2474,17302,3828,21891.0,223073
5.645889759,3450,54436,-3813,-1156,50371,17927,2949946,8801,131,9733,127120,48526,446,911,148,4016,2602,123208,1814,6125,-488,-1407,323,233,1339674,2700,16348,4091,22507.0,211734
5.646723747,3492,51425,-3718,-1457,51030,17386,2765777,7909,101,9070,114580,49924,465,842,137,3423,2754,115099,1364,5295,-1290,-1677,460,161,1323020,2375,16679,3275,21481.0,194792
5.647557735,3085,44819,-2617,-1207,43898,15381,2378720,6931,923,7628,101492,47085,418,782,106,3408,2375,105679,1517,5215,-1977,-2351,506,451,1301861,1785,16191,3345,20262.0,171708
5.648391724,3615,54942,-3242,-1311,51654,18324,2967388,8024,217,9096,120320,50352,508,995,89,3654,2193,124077,2357,6439,-1320,-1184,470,248,1306540,2560,15998,3447,21568.0,205225
5.649225235,3161,52690,-4124,-1555,53519,18664,2940683,8692,829,9028,117779,52102,603,959,55,3687,2122,123383,1996,6205,-2326,-1692,380,288,1301698,2836,15601,2739,21368.0,200986
5.650059223,3429,51955,-3041,-1143,50156,19104,2848589,8262,417,8753,121330,50743,591,910,132,3611,2838,121926,1819,5662,-1761,-1779,387,369,1301928,2579,16294,3059,20205.0,204080
5.650893211,2889,50141,-4055,-1348,51627,17706,2761203,8407,238,8435,120760,48617,890,864,72,4044,2198,118039,1865,5244,-2714,-1385,622,227,1286152,1807,15677,2811,19375.0,199903
5.651726723,2872,48921,-3438,-1228,48880,17255,2682211,8049,1071,8298,122849,48691,1871,910,86,3772,2164,115221,2068,5139,-1554,-259,1152,303,1282321,2129,16072,2632,17540.0,199946
5.652560711,2791,47277,-3287,-1238,46147,17813,2673739,9066,1329,8333,126196,49973,523,868,185,3786,2340,115724,1566,5456,-705,-1745,335,126,1284884,2037,15985,3358,17982.0,203143
5.653394699,2571,46147,-3015,-1022,44645,17694,2604192,8392,1087,7904,127074,50774,509,908,144,3544,2197,113720,1749,5502,-2208,-2451,471,374,1291786,2694,15594,2794,17625.0,201878
5.654228687,2646,47029,-3065,-1426,44887,16304,2633091,8378,702,7682,121790,56526,590,917,169,3447,2704,112184,1465,5038,-1970,-2047,479,298,1298519,2444,16138,2928,16744.0,196147
5.655062199,2553,44491,-3239,-1670,43337,14887,2516873,8620,1305,7221,118272,56142,604,859,135,3424,2664,109171,1951,5031,-1806,-2042,483,216,1308362,1470,16728,2484,15795.0,188823
5.655896187,2348,44185,-3267,-1289,43542,16553,2508481,8079,1057,6856,118492,56214,516,834,82,3222,1521,107843,1982,5279,-1494,-1968,406,249,1311503,1903,16117,2964,16514.0,189657
5.656730175,2194,40353,-2764,-1076,42226,16279,2344989,7891,1274,6661,118580,55012,537,939,61,3604,1932,104358,1892,5495,-1292,-1668,513,181,1318089,1722,16025,2777,15149.0,185297
5.657564163,2367,45316,-2998,-1395,43390,16761,2441023,8103,1492,7504,127006,55940,572,952,140,3558,2052,106225,1794,4936,-1674,-1683,619,364,1304059,1998,16215,2848,15775.0,199553
5.658397675,2427,46815,-2903,-976,45892,17283,2536079,8656,1007,7435,130942,52789,615,1057,103,3377,2632,111999,2169,5770,-2120,-1861,576,289,1305836,1990,16452,2485,17084.0,206123
5.66173315,2315,45502,-2870,-222,56125,24594,2673374,9247,994,9954,143923,47168,537,1055,168,4042,2722,123706,1885,6311,-1136,-1597,561,332,1357637,2291,16853,4380,24609.0,225581
5.662567139,3327,54818,-3273,-299,58168,25342,2856791,10044,290,9302,152049,50347,584,1083,136,3880,3115,125720,2302,6853,-277,-522,404,213,1347067,3136,17779,2729,22648.0,245580
5.663401127,3395,56342,-3194,-766,55372,24538,2878837,9403,586,9699,143693,53373,553,1006,152,3986,2383,123876,2578,6397,-1245,-1419,452,253,1334182,3155,16586,3794,22620.0,237371
5.664234638,3711,58459,-2738,22,51655,27873,2760453,9720,446,9248,145380,45780,626,1021,39,4077,3053,123239,2201,6514,-1573,-1634,443,243,1337406,2771,16705,3282,21701.0,245143
5.665068626,3157,52148,-2722,-358,52386,25875,2701946,9373,603,9572,139986,49126,503,1008,122,3823,3230,120457,2417,6823,-1093,-1100,379,277,1325844,2800,17217,2879,22267.0,230539
5.665902615,3777,57567,-2657,-270,47943,25965,2634446,9139,277,9353,135888,49140,855,1098,209,3942,2981,118681,2007,6456,-940,-1263,582,254,1320929,2392,17063,3225,23136.0,232336
5.666736126,3530,56758,-2910,-740,50449,25318,2726048,9759,186,9623,139223,50474,614,984,175,3935,3125,122508,2288,6854,-520,-1004,478,220,1326180,2749,16135,3279,25412.0,234588
5.667570114,3699,57668,-2920,-741,53906,26892,2838947,10445,-32,9591,145644,51413,625,1328,271,4206,2949,123378,3041,7236,30,-1065,566,183,1337616,2543,17141,3532,24068.0,244348
5.668404102,3538,55962,-2924,-157,53419,27531,2757373,9569,743,10125,147545,49972,733,1501,136,3719,3353,123446,2065,6559,-370,-1115,488,154,1344328,2822,16343,4019,24476.0,244145
5.669238091,2903,50270,-2580,18,53723,25738,2642382,9328,226,9637,141269,49621,705,1212,186,3872,3008,116699,1803,6090,-771,-816,538,225,1334889,2281,17023,3651,23974.0,229508
5.670071602,3086,52271,-2604,-426,51871,24823,2616447,9560,212,9785,135684,49882,662,902,120,3872,3105,116352,2090,5908,-1502,-1620,392,348,1342355,2551,16860,3249,23961.0,225424
5.67090559,3675,59780,-3352,-641,51512,26556,2780017,9652,521,9459,141216,47993,604,1008,136,3941,3015,120755,2169,6445,-1937,-1348,459,258,1349284,2457,16284,3569,23691.0,240879
5.671739578,3617,61438,-3368,-635,55205,28816,2876186,9893,531,9991,145743,52065,595,1035,228,3823,3102,123936,1903,6664,-1251,-1071,478,322,1357302,3025,18228,3378,23165.0,249507
5.67257309,3777,61965,-2923,-520,56266,29867,2794977,9479,745,9661,149060,49900,618,992,163,3825,3118,121455,1946,7429,-1027,-1364,419,186,1364125,2788,17055,3686,23779.0,254148
5.673407078,3629,57630,-2860,-603,50535,26377,2479386,9532,501,8712,133392,50420,452,865,150,3513,2792,109850,2275,6222,-1734,-1969,557,276,1354510,1969,16431,3355,23785.0,230560
5.674241066,3387,57647,-2745,-673,49316,27294,2529245,9503,818,8614,135210,50018,464,903,86,3700,3267,111809,1916,6250,-1320,-1812,620,285,1349929,2715,16904,3224,22962.0,233041
5.675075054,3795,58856,-2738,-365,52486,29821,2559997,9224,359,9121,139033,48458,546,984,149,3960,2936,116746,2433,6592,-1459,-1463,520,314,1355727,2220,16808,3269,22821.0,240729
5.675908566,3368,55421,-2167,-366,54918,31828,2499145,9816,781,9356,143802,49287,525,982,98,4107,3292,115809,1613,6729,-449,-1079,358,131,1362307,2254,16259,2704,22481.0,244235
5.676742554,3752,59863,-2723,-781,49973,28922,2559143,9419,488,9126,130743,51092,626,899,109,3528,2988,112280,1809,6534,-1624,-1685,476,210,1365130,2062,18100,3612,22232.0,232699
5.677576542,3981,61785,-2680,-648,51125,32735,2502362,9781,542,9173,136763,50416,717,995,167,3703,3673,110562,2362,6650,-1963,-1461,496,272,1366088,2445,16459,3138,24299.0,245045
5.67841053,4180,70642,-2885,-283,50522,37624,2459327,9846,566,9669,138155,47404,761,1264,120,3459,4394,110459,2452,6968,-982,-810,596,129,1381294,2781,17439,3617,26356.0,260447
5.679244041,4214,69667,-2453,-343,48903,36507,2574169,10164,1067,9518,139906,48304,736,1240,165,3541,4645,110536,2281,7216,-882,-782,612,190,1388585,2744,17044,3448,26384.0,260458
5.68007803,4458,69652,-2166,-263,42727,37263,2183151,9919,551,8615,134479,48847,629,1121,169,3320,4436,101791,2171,7015,-977,-1130,501,157,1378293,2382,17193,2783,24685.0,255771
5.680912018,4432,73738,-2831,-333,50437,39608,2467544,10544,194,9609,147839,49502,596,1026,146,3759,4715,109774,1734,5997,-1287,-1167,698,300,1382480,2664,18272,4092,25503.0,276161
5.681745529,4399,72551,-2368,-470,51232,38544,2597267,10280,1032,10323,153077,50909,537,1011,222,3580,4934,113518,1606,7157,-744,-1452,606,258,1384185,2682,17035,4690,25755.0,278851
5.682579517,4581,74093,-2711,-598,51821,39276,2614528,10190,649,9617,153846,51725,725,1046,200,3936,4648,116055,2044,6672,-1821,-1239,567,300,1387951,2918,17120,4872,26358.0,281986
5.683413506,4907,77639,-2367,-623,50688,41548,2523611,10402,254,9381,147299,52659,800,1114,141,3980,4710,113556,1966,6875,-1861,-1309,564,258,1385490,2836,17639,3323,25781.0,281795
5.684247494,4180,74368,-2991,-714,47273,39494,2370868,9915,473,9248,143404,47625,756,1085,227,3597,4583,107717,2144,6208,-1003,-1038,644,180,1387082,2973,17052,3459,26500.0,271361
5.685081005,4419,74828,-2316,-279,52084,40639,2508440,10525,841,9749,149047,49317,1341,1165,212,4005,4487,110868,2745,6944,-1743,-682,719,175,1388388,3675,18264,3298,26132.0,279458
5.685914993,4668,74016,-2865,-823,52130,38702,2620023,10003,537,10242,152414,50996,1240,1116,137,4026,4318,115812,1881,6567,-1348,-626,487,195,1393923,3467,17545,4332,26546.0,279803
5.686748981,4577,78512,-2190,-564,49932,43243,2420387,10540,543,9672,144263,48358,1331,1323,163,4050,4831,111207,2326,6234,-1934,-477,523,457,1392044,3103,18070,3494,25130.0,281135
5.687582493,4788,86095,-2121,-251,49268,52158,2310854,10204,638,9659,147688,51152,1511,1575,207,3622,6473,107071,2114,7108,-2148,-1505,982,253,1389470,2471,18145,3902,25930.0,300933
5.688416481,4385,83699,-1868,-135,47079,55593,2067402,10083,600,9603,140407,48803,1290,1449,103,3540,5630,101559,2016,6243,-1383,-679,517,227,1376919,2578,18287,3222,24027.0,294167
5.689250469,5687,110714,-1688,-290,40202,75707,1653128,10510,1051,8932,148913,44761,1104,1447,206,3248,7378,92242,2283,6927,-955,-571,743,346,1375338,2142,16599,3347,23222.0,351531
5.690084457,6525,118750,-1592,-350,38604,81254,1656975,10319,671,9365,151357,44865,1254,1484,198,3505,9285,91357,2213,7820,-1403,-488,832,176,1387907,2752,18371,3739,24190.0,368205
5.690917969,6489,122289,-1336,-266,35780,80764,1549003,10568,1006,9237,144215,43255,3076,1308,124,3788,8102,97774,2063,7397,-911,180,947,182,1389507,2744,17999,3701,24827.0,364325
5.691751957,8415,165507,-556,762,25620,114476,754310,11212,387,8491,171012,35417,22919,1509,110,3847,12962,77992,2513,9093,1075,1127,2806,256,1396567,2781,18162,4175,24951.0,470622
5.692585945,7304,142482,-514,244,20236,103809,562071,9960,-365,7565,156741,32450,31491,1661,65,3286,16211,58964,2757,9562,1362,674,5203,263,1390753,2717,17814,3668,20232.0,420296
5.693419456,5728,111294,-1580,17,38255,78636,1636370,10594,1078,8669,142877,38612,3797,1296,127,3565,9468,95312,2453,8264,-196,343,1295,250,1388877,2516,17252,3931,23339.0,349129
5.694253445,4148,72639,-2934,-497,50370,35729,2788066,11140,502,8959,131710,49955,1271,1312,140,3726,4002,127373,2493,6801,-1237,-585,519,333,1381325,2833,17759,4470,24102.0,255366
5.695087433,4748,76144,-2507,-941,47177,35973,2697121,10264,711,9265,130250,51422,1072,1243,142,3784,3105,120968,2076,6396,-1888,-1487,519,384,1374205,2684,17686,2901,22341.0,257379
5.697588921,4354,72690,-2431,-675,46421,35200,2518528,10063,1145,9449,125200,49326,851,969,171,3490,3809,115018,2328,6153,-1836,-1080,776,305,1370650,2212,16937,3324,22966.0,247507
5.698422909,3962,62332,-3381,-456,49167,24317,2850385,10032,615,9242,132559,51670,581,958,188,3659,2800,123181,2313,6240,-1015,-1221,350,269,1376761,2234,16926,3450,22431.0,233202
5.699256897,4740,70374,-2913,-1012,48082,29441,2766712,9780,438,9191,135414,51601,527,963,175,3735,2984,122886,2078,6838,-877,-1340,527,327,1370721,2989,17081,3720,22395.0,249749
5.700090408,4282,65601,-2738,-878,48624,27704,2719877,9395,285,9271,133362,49847,583,957,99,3589,3183,119666,2238,5774,-1273,-1400,645,201,1362549,2669,17612,3925,23701.0,240344
5.700924397,3685,59392,-2859,-711,51826,21874,2844630,9835,1312,9563,132111,49005,594,929,111,3870,2477,120856,1980,6408,-1683,-1338,426,226,1356330,3049,16470,2914,21272.0,226897
5.701758385,3409,53668,-2847,-688,53236,23052,2740362,9241,252,8793,130093,52041,584,913,82,4131,2462,119735,1827,6361,-2266,-1506,431,435,1354679,3053,16728,2931,20822.0,219463
5.702591896,3675,54687,-2463,-306,54092,22892,2774659,9192,603,9334,128135,50260,578,983,97,4180,2629,120542,1927,6257,-1466,-1236,483,336,1352987,2539,16468,3086,21301.0,218581
5.703425884,3828,57302,-2639,-634,54728,24027,2712920,9803,540,9730,131251,50917,544,906,103,3862,2699,118772,2042,6498,-1111,-1374,520,186,1351117,2465,17406,3497,22402.0,226211
5.704259872,3849,55483,-2754,-868,52944,20748,2687301,9370,606,8564,124671,50844,556,887,64,3967,2414,114775,2232,6446,-1785,-1607,541,212,1343392,2677,16931,3578,20647.0,214121
5.705093861,3538,54986,-3504,-686,54448,21081,2644977,9255,1175,8621,121782,49021,946,1045,150,3953,2458,115916,2301,6397,-1816,-1223,419,257,1329907,2478,16594,4048,21362.0,210642
5.705927372,3672,58777,-3075,-1054,54127,24286,2650834,9607,996,7515,130884,50183,541,1028,173,3842,2479,120588,1788,6143,-569,-703,254,179,1330607,2092,16588,2832,22762.0,227226
5.70676136,3898,60990,-2606,-601,52899,27888,2539619,9255,777,6858,131682,50125,542,991,135,3944,3617,116277,1461,6328,-981,-1113,507,248,1320555,2582,16332,3428,23792.0,233713
5.707595348,3789,59546,-3012,-755,54280,24284,2729322,9749,434,7650,129454,52736,559,1068,173,4055,2199,122460,2483,6868,-700,-1189,450,277,1326061,2700,17179,2755,24027.0,226822
5.70842886,4343,66336,-2547,-922,53538,30357,2437736,9893,1010,7934,133624,50265,644,1073,192,3898,4383,112893,2214,6611,-1193,-1453,750,348,1320280,2910,16430,3755,25351.0,244553
5.709262848,3207,52859,-2865,-457,57160,21989,2644349,9253,641,8117,128995,49138,688,902,46,3977,2821,119963,2166,5910,-2035,-1906,470,283,1323766,2341,16086,2955,24831.0,216303
5.710096836,3145,49561,-3054,-522,56646,22371,2668413,9278,520,8460,126996,43734,893,983,174,3898,2753,122550,2153,6207,-1543,-1547,604,190,1324234,2253,16601,4218,25769.0,211351
5.710930824,3226,47453,-2806,-421,57252,22123,2622527,9334,486,8920,129310,47059,736,1066,109,4010,2968,118981,2211,6382,-1411,-930,395,254,1327673,2727,16766,3849,25255.0,211446
5.711764336,2984,48266,-2966,-739,48381,19342,2502358,8807,321,7384,122286,47302,686,964,56,4012,2641,118945,1513,6004,-1634,-1288,448,255,1326895,2608,16677,3469,24445.0,201685
5.712598324,3898,58115,-3475,-549,54464,22666,2781341,10658,438,9157,140796,50749,712,941,175,4241,3007,122941,2253,6060,-1671,-971,483,280,1338097,3096,16827,3431,26495.0,236133
5.713432312,3927,60915,-3249,-1198,52412,25457,2720155,10537,962,9750,150563,52663,561,943,147,4104,3367,118682,2092,7004,-792,-1750,432,254,1338528,3125,16180,3359,27360.0,251399
5.714265823,3842,59701,-3430,-981,54179,24754,2768998,10515,486,9692,145681,54234,610,1051,145,3682,2685,118096,1727,6481,-1318,-959,465,302,1348078,2471,17208,3311,26885.0,244493
5.715099812,3951,60030,-3070,-653,51625,24491,2635579,10135,129,8862,143864,51695,576,1049,129,3747,2850,114683,2186,6227,-750,-1006,425,230,1354408,3134,16055,3938,24588.0,242471
5.7159338,4256,65288,-3328,-828,51664,27737,2663000,11101,707,9961,158376,49089,601,1099,133,4060,2887,116960,2366,6703,-1135,-1199,446,293,1364699,3117,16759,3617,26105.0,266758
5.716767788,4026,63813,-2900,-900,51684,26550,2611088,10577,543,9862,154699,49816,554,1024,120,4025,3277,115370,1577,6006,-1575,-1783,535,346,1370891,2513,16473,3054,25424.0,259665
5.717601299,3756,56265,-2522,-821,44755,24532,2203158,10692,667,8637,150775,47234,655,1160,43,3969,3391,110552,2336,6580,-589,-1047,445,176,1359843,2401,16541,3347,26158.0,246020
5.718435287,4237,64010,-2779,-341,51098,27186,2502697,11175,900,9542,161138,48964,545,1181,324,4026,3088,114569,2418,6709,-475,-1035,505,265,1368194,3425,17425,3901,28104.0,267746
5.719269276,4506,66293,-2694,-895,49363,27906,2449084,11261,475,8527,164616,48949,584,1148,212,3741,2981,114005,3295,7622,546,-857,377,222,1369077,2634,16301,3358,27436.0,274582
5.720103264,4416,63945,-2244,-862,45695,27884,2217799,10785,249,8734,156767,48423,499,1146,143,3337,3144,101753,1951,7177,-265,-736,575,180,1355662,2219,16652,3372,27402.0,263797
5.720936775,3789,55493,-2565,-688,46425,22635,2173252,9251,814,7613,130442,47478,397,873,194,3329,3112,96495,1441,5079,-319,-963,528,348,1356112,2161,16027,3308,24859.0,221610
5.721770763,4060,60549,-2311,-450,45721,24965,2205259,9755,465,7660,139413,48087,500,1051,180,3319,3000,102177,1735,6293,-124,-713,371,139,1360988,2882,15831,2932,26277.0,238742
5.722604752,4376,65881,-2622,-802,47877,29956,2260685,10184,522,7948,161591,49393,535,1293,246,3537,3611,104193,2346,6463,-292,-1104,748,291,1362574,2388,16840,3579,28426.0,271988
5.723438263,4434,65081,-2456,-683,50427,30139,2320038,11156,613,7092,162853,48532,566,1174,241,3664,3827,109088,1730,6207,-588,-1042,524,309,1364504,2742,16921,3876,28975.0,273663
5.724272251,4065,62067,-2419,-455,50310,28055,2187567,10636,544,7119,145361,48065,514,977,159,3393,3613,101653,1693,6230,-930,-1028,587,240,1352421,2103,16825,3448,26024.0,250184
5.725106239,4256,63780,-2415,-940,49588,30598,2275113,10046,360,8515,151509,49120,530,988,182,4212,3736,107797,2398,7057,-1197,-1612,375,246,1365809,2717,17407,3587,27306.0,260189
5.725940228,4301,71442,-2407,-607,49344,36949,2197021,10456,896,8909,144202,49962,511,1049,215,3553,4677,103958,2467,6962,-720,-1067,621,283,1364731,2736,16309,3648,27411.0,267350
5.726773739,4012,66874,-2849,-659,53942,36204,2301042,10683,795,9795,149600,47660,511,972,124,3969,4565,107990,2512,6854,-1090,-1269,513,434,1367348,2363,16902,4154,28266.0,267373
5.727607727,3795,64544,-2398,-448,54454,36873,2379785,11057,601,9905,146563,48373,643,991,82,4001,4377,109950,2462,7863,-2013,-1457,590,300,1366816,3431,16468,3938,28260.0,262832
5.728441715,3664,59592,-2280,70,55801,31011,2494278,10328,404,9479,150230,50691,618,1086,169,4283,3910,112452,1807,6753,-684,-858,398,233,1371473,2131,16949,3887,28379.0,254825
5.72927475,4140,61696,-2465,-504,54762,29222,2491270,11445,476,9871,149462,51055,677,1060,85,4094,3513,114253,2865,6591,-1222,-1381,489,302,1367519,2231,16013,2941,28082.0,255965
5.730109215,4083,62656,-3124,-957,54084,26961,2622730,10927,122,9034,158714,52028,551,1068,249,3608,3447,119095,2267,7038,-619,-1610,483,270,1371396,2993,16831,3882,30364.0,263341
5.730943203,3774,55769,-2895,-884,54080,22697,2650819,9883,-72,9540,143370,49814,571,919,151,3806,2912,116033,2101,6424,-905,-1197,310,280,1365451,2501,16488,4227,29262.0,235493
5.731777191,3212,47749,-2897,-976,45343,20298,2235028,8926,544,8441,131886,45249,499,979,122,3745,3059,109275,1773,5544,-1329,-1187,502,277,1346984,2046,16108,3394,24022.0,212071
5.732610703,3513,55944,-3248,-965,52311,20738,2618428,9617,725,9553,139008,50385,540,885,107,3736,2424,113269,1805,5825,-1981,-2076,564,406,1346478,2460,16517,3635,26804.0,228820
5.733444691,3432,53789,-2674,-693,52016,20387,2449098,8934,377,8462,129343,50808,656,912,124,3441,2528,106695,1629,5650,-1339,-1657,475,243,1344543,2731,16568,3648,24848.0,215885
5.734278679,3677,53448,-2856,-908,50140,20936,2490308,9182,717,8508,128809,50465,622,934,117,3653,2675,107653,1491,5785,-1243,-1380,715,338,1340134,1657,16223,3527,25321.0,216052
5.735111713,3721,55522,-3341,-979,52062,20643,2566758,9399,681,8684,127369,50213,803,1136,113,3951,2685,111456,1977,5438,-2053,-1515,943,440,1344317,3005,16699,3039,25065.0,216654
5.735946178,4051,58328,-2953,-764,53478,23570,2620478,9965,63,8310,136710,49833,493,981,129,3960,2904,114798,2220,6406,-1069,-1101,359,231,1347162,2376,16797,3483,25496.0,232624
5.736780167,3922,56934,-2693,-688,53389,21712,2706164,9630,475,9349,133596,51432,715,1013,113,3718,2549,116612,2134,6546,-1432,-1150,855,211,1338266,2379,15632,3632,26361.0,225794
5.737614155,3897,57044,-2981,-950,53204,22109,2713440,9683,526,10041,136116,49830,589,1006,206,3892,2923,117570,1787,6126,-1032,-1394,507,294,1337069,2790,16764,3729,24758.0,228849
5.738447189,4046,54617,-2664,-733,47976,20916,2586249,9946,641,8944,130280,45975,770,940,142,3535,2658,113873,2104,6299,-1501,-590,629,123,1324164,2339,16417,3930,24978.0,219805
5.739281654,3518,56404,-3070,-1448,51004,22195,2712902,9963,568,10000,141773,55135,550,936,107,3790,2539,117571,2158,6835,-621,-1345,476,284,1323060,3082,16923,3405,25924.0,233853
5.740115643,3729,56552,-3053,-1115,50595,21834,2601123,9597,415,9530,140193,51045,637,902,76,3735,2452,111381,1982,6296,-2058,-1329,434,248,1323877,2259,16293,4074,25153.0,231905
5.740949631,3591,53673,-3342,-878,51831,20944,2588091,9348,158,8575,128041,51690,980,986,59,3405,2526,109810,2686,6382,-238,-549,1873,212,1319637,2381,15945,3586,22819.0,215597
5.741782665,3242,52973,-3036,-616,52538,21529,2626309,9824,219,9402,136904,52179,728,961,132,3755,3362,111971,2451,6015,-1831,-1439,540,171,1326180,2756,16887,3790,22825.0,224472
5.74261713,3697,55980,-2911,-862,51084,21982,2594691,9213,135,8276,138971,51531,590,946,48,3780,2474,110441,2034,6419,-1455,-1336,510,283,1329960,2206,16632,3840,24261.0,229843
5.743451118,3551,53032,-2943,-928,48571,19254,2475866,9318,1029,9057,130567,49299,546,1000,193,3387,2684,103354,2247,5587,-1321,-1653,353,315,1335002,2610,16877,3473,24363.0,215722
5.744284153,3657,53833,-3032,-881,50302,19953,2505038,9117,729,9510,128969,49159,560,960,96,3677,2433,104478,1528,5762,-941,-577,273,239,1342686,2055,15858,3467,24002.0,215529
5.745118618,3182,54583,-3104,-778,52226,22059,2597237,9673,1226,9653,136474,49861,562,969,84,3632,3143,109947,1921,6425,-1463,-1230,417,221,1343635,2302,16015,3264,25500.0,225971
5.745952606,3699,54112,-3165,-1487,52949,20124,2662777,9330,375,10008,134790,51339,569,916,128,3814,2687,112137,1517,6152,-1849,-1193,404,371,1358288,2735,16429,2937,25385.0,222055
5.746786594,3790,56857,-3284,-991,55060,21443,2749352,9944,854,10826,139822,53126,577,938,153,3747,2862,116937,2279,6433,-1341,-1652,651,213,1365188,2819,17354,3843,27498.0,231856
5.747619629,3835,57616,-3182,-1007,55472,21091,2763503,9410,352,10015,139055,52183,582,912,89,4045,3213,116454,2314,6777,-1551,-1348,484,259,1366421,2784,16527,3042,26675.0,231007
5.748454094,3560,56562,-3130,-1255,52588,22018,2630807,9013,630,10257,139626,52492,535,965,62,3843,2988,113746,1902,5761,-1244,-678,443,228,1358511,2792,16120,3992,25247.0,230779
5.749288082,2968,49308,-2854,-1197,47674,17367,2388720,7957,395,8143,114091,50279,512,825,87,3767,2503,100432,1533,5015,-2045,-1884,516,244,1357655,2484,15669,3339,23916.0,191691
5.750121117,3513,55834,-3337,-889,53659,21464,2727792,9821,236,8910,133861,49779,593,884,260,4054,2554,117193,2440,6701,-1310,-1522,509,328,1372778,2658,16626,3170,27425.0,224493
5.750955105,3950,58130,-3443,-978,54208,22082,2801047,9215,651,9867,140450,52721,642,995,126,3998,3270,117859,1933,6335,-939,-1420,318,171,1375677,2625,16151,2994,26578.0,233827
5.75178957,3860,58237,-3509,-1392,55264,22458,2796679,9341,507,10060,141287,52112,527,1058,198,3992,3447,117886,2162,6792,-861,-1263,476,218,1372045,2719,16816,3735,29344.0,235183
5.752623558,3569,56076,-3202,-1133,55377,20719,2744808,9086,119,10436,137179,49916,515,984,75,4002,2649,115784,2009,6560,-1283,-1104,382,185,1375246,2485,16731,3668,26075.0,226629
5.753456593,3403,54383,-2878,-873,52244,20875,2562935,9279,1079,9774,129916,48692,568,958,99,3679,3386,107715,1894,5879,-1509,-1543,652,333,1369477,2423,16069,3422,26069.0,217856
5.754291058,3662,55656,-3394,-1288,52305,21716,2583032,9404,652,9424,133662,46632,506,950,139,3702,2605,108508,1640,5770,-1350,-1388,506,326,1367545,2912,16789,3705,24792.0,224100
5.755125046,3497,55690,-3021,-623,52115,22189,2582583,9188,187,9173,129684,50844,502,918,151,3816,2348,107210,2157,5576,-1504,-1534,468,308,1372918,2987,16946,3082,25082.0,220248
5.75595808,3143,53109,-2765,-675,49772,20653,2373292,8769,870,8637,123341,50329,480,899,138,3580,2806,99794,2170,5800,-965,-1002,456,200,1359416,2234,16353,4014,23321.0,209015
5.756792068,3546,52840,-3158,-802,49068,20371,2363128,8575,867,9052,122892,50030,505,930,143,3399,2782,100139,1910,5538,-1103,-1374,470,227,1357333,2243,16834,3948,24259.0,208224
5.757626534,3087,49452,-2629,-698,48151,19747,2279912,8162,541,8187,117034,48497,502,880,148,3511,2732,96867,1950,5581,-1431,-1396,379,305,1359792,2060,16105,3246,23830.0,197482
5.758460522,3044,50767,-3099,-871,47377,20340,2276783,7996,915,8202,118937,46794,576,829,144,3414,2392,98940,1772,5284,-1288,-1043,1483,290,1364785,2337,16255,3755,24031.0,201084
5.759293556,3519,54927,-3125,-881,48566,23075,2515068,8640,201,8334,122330,47535,681,989,137,3796,3331,106968,2622,6457,-743,-1208,1113,295,1382145,2390,16437,3405,25373.0,212491
5.760127544,3108,53679,-2956,-1057,45346,23546,2513093,8967,391,9158,123861,43102,666,948,101,3516,3096,109955,2618,6605,-1801,-1511,659,405,1380251,2482,16319,3495,25219.0,213161
5.760962009,3769,57905,-2472,-944,42362,25249,2472093,8961,593,8718,123699,49426,756,1073,202,3557,3514,105320,1967,6106,-1645,-349,553,288,1373320,2494,15892,3896,24479.0,219583
5.761795998,3933,65305,-3479,-1082,48581,32674,2577725,10326,758,9086,143314,47395,591,1057,246,3798,4412,110700,2247,7597,-1241,-1296,680,350,1379937,2688,18084,4393,26754.0,255552
5.762629032,4602,76077,-3167,-698,48761,38936,2515894,11648,446,9923,163756,47362,616,1260,226,3920,4557,111937,2140,7091,-1063,-983,768,322,1375925,2475,16501,4262,27849.0,295019
5.76346302,4521,76655,-3022,-795,51836,38009,2540069,11502,539,9557,163545,46464,532,1156,168,3941,4785,113238,2415,7517,-639,-1321,806,166,1380710,2608,16897,3388,27091.0,294232
5.764297485,4514,75008,-2836,-825,50105,35672,2447048,11537,847,8825,166709,47055,639,1642,170,3721,4134,111172,1817,7476,-282,-1237,815,410,1376939,2706,16075,3544,29257.0,293440
5.76513052,4479,73227,-2672,-670,45096,36020,2288311,11510,1135,8978,159280,44228,604,1508,156,3229,4532,103603,1959,7025,-662,-1385,763,334,1367884,2420,17278,3474,28940.0,284516
5.765964508,4418,68500,-3570,-1157,46648,27224,2577332,10771,237,9497,166345,50640,619,1585,13,3874,3033,116119,2162,6879,-72,-872,677,239,1364686,2738,17392,3370,28279.0,277258
5.766798973,4575,68511,-2960,-852,48134,30180,2456961,10252,732,9464,154407,48422,614,2234,262,3528,3819,107823,2174,5976,473,-375,649,258,1360553,2978,17628,3919,27873.0,267925
5.767632961,4295,62898,-3366,-797,49123,25078,2742223,10732,370,9587,158141,52210,544,1108,107,3519,2536,115960,2126,6677,243,-1005,413,182,1366490,2780,17446,3600,28528.0,261144
5.768465996,4044,59073,-2880,-862,50298,22882,2652847,10086,1016,10053,141725,49075,618,1075,160,3302,2508,113026,2373,6468,-805,-1211,402,286,1361647,2475,16094,3183,26340.0,237810
5.769064903,4123,59997,-3519,-1245,49613,22404,2770312,10712,542,10608,148368,49858,532,1015,212,3880,2964,117442,1857,6740,-1178,-1328,576,270,1363131,1844,16383,3119,25718.0,245604
5.769064903,3570,60545,-3254,-967,53488,24976,2426421,11348,923,7925,157585,48875,591,1407,102,3709,3055,106216,2051,6773,-246,-1443,629,338,1350292,2577,16711,3038,25758.0,258024
5.769898891,3555,57449,-3355,-1266,54013,23256,2483799,10407,1008,8860,153260,46267,663,1338,168,3985,2947,109716,3070,6497,-503,-1321,955,243,1353676,2502,16519,3588,26079.0,247927
5.770732403,3394,53209,-3247,-1099,52411,19725,2628513,9406,959,9895,134829,52554,533,1017,90,3813,2511,113162,2541,5593,-1787,-1770,559,234,1353687,2509,16856,3986,24808.0,220563
5.771566391,3282,55588,-2695,-789,50439,25147,2215586,8525,1064,7076,127808,49062,538,1028,149,3253,3231,99253,1939,5694,-1366,-1535,486,241,1353620,2209,17225,3015,23468.0,220350
5.772400379,3708,52643,-3380,-729,52647,18871,2760132,8973,395,9905,129507,51026,411,871,137,3962,2804,114471,2144,6355,-1133,-1622,521,322,1360508,2701,17480,4240,24568.0,213702
5.773234367,3178,49151,-3611,-1014,51176,17354,2714856,8315,544,9712,122947,52366,519,856,155,3747,2352,109880,2030,6041,-1419,-1616,579,135,1355716,1571,15682,2958,24029.0,200945
5.774067879,2679,45004,-3567,-1382,50526,14894,2660707,8052,725,9908,114711,48789,413,881,140,3713,2165,109401,1542,5726,-677,-983,408,282,1356802,2212,16406,3921,23309.0,185340
5.774901867,3139,49424,-3353,-1146,50454,17004,2805143,7793,-48,10136,118990,54361,525,937,227,3731,2457,112511,1808,5720,-1292,-1489,538,274,1363785,2813,17212,4690,23485.0,196350
5.775735855,2535,43959,-3583,-1089,50035,16018,2730410,7918,707,9939,113313,52527,513,958,104,3776,2295,109076,1556,5981,-1087,-1451,387,218,1355691,2620,16029,2813,22666.0,183743
5.778079033,2451,39206,-2916,-726,49192,14114,2410225,6995,1020,8604,96685,52717,514,878,58,3186,1432,97368,1695,5514,-1070,-925,964,198,1330055,2090,16672,3369,20023.0,159451
5.778795719,2735,48439,-3285,-934,55844,18674,3002860,8360,489,11379,114573,54279,593,819,123,3507,1936,116255,2065,5823,-987,-748,1344,275,1339143,2864,17836,3964,23727.0,192781
5.779512405,2508,45563,-3579,-792,56046,17675,2936906,7984,140,9851,110174,52544,577,982,83,3705,1903,114791,1933,5910,-1063,-754,1148,388,1336026,2652,17070,3069,21322.0,183904
5.780229092,2903,46386,-3539,-1137,54419,18785,2979255,7748,795,10215,110416,52333,585,920,122,3713,1853,116846,1902,5012,-850,-1048,352,205,1316489,2097,16790,3676,21385.0,186238
5.780946255,2878,47931,-3310,-926,54160,18269,2989644,8174,237,10374,112917,50993,510,858,88,3805,1782,116455,1909,5947,-1323,-1225,478,284,1309296,2856,17166,2824,20535.0,190169
5.781662464,3076,47165,-3350,-1125,55436,18355,2933673,8469,547,10471,114480,53894,484,869,59,3832,2330,115491,2100,5974,-1455,-1404,488,392,1303556,2023,17223,3649,21516.0,191545
5.78237915,3045,49209,-3010,-742,56510,19305,2922301,9210,1016,10892,123687,50804,514,889,176,4054,2589,115588,1616,6646,-741,-1067,430,284,1299188,3106,16605,3236,20653.0,204456
5.783096313,2456,45976,-3598,-959,54309,17551,2937490,8768,42,10222,116570,52410,526,817,113,3984,2072,112774,2357,5803,-908,-1393,558,255,1297009,2739,16793,3529,20383.0,191321
5.783813,2643,44574,-3474,-657,55161,17276,2879537,7970,522,10729,108736,52999,496,765,159,3380,1884,109876,1756,5705,-1335,-1382,533,302,1296084,2583,16153,3109,20291.0,181199
5.784529209,2619,43963,-3578,-581,54307,17506,2836135,8157,168,10249,109976,52114,474,737,146,3814,2202,108954,2036,5814,-1068,-1205,308,257,1309218,2636,16839,3187,20551.0,182221
5.785246372,2776,45079,-3195,-461,54329,18116,2772431,8483,742,10036,114375,49343,499,852,104,3437,2526,108083,1928,5686,-675,-988,488,167,1302596,2514,16610,3240,21086.0,188829
5.785963058,2527,44124,-3154,-531,54047,17605,2687690,8657,998,9752,113384,50233,462,815,109,3683,2146,108895,1656,5431,-1318,-1151,411,160,1302924,2139,17233,3490,23191.0,186297
5.786680222,2476,42766,-2867,-759,52708,16285,2650271,8997,361,9534,105265,50537,474,761,204,3628,1821,111454,1834,5518,-919,-826,375,278,1332551,2408,17304,3719,22496.0,175789
5.787396431,2468,45503,-3362,-820,53514,16209,2788872,8466,271,9805,113491,50246,573,737,80,3443,2026,111640,1612,5905,-1580,-1522,278,324,1325951,2278,17112,3390,24301.0,186137
5.788113594,2359,43353,-2965,-972,49093,16250,2704968,7974,964,10009,108891,51755,474,739,61,3494,2121,110709,1791,6419,-1909,-1214,610,256,1322861,3044,17205,3567,24705.0,178827
5.78883028,2655,42799,-3491,-681,50464,16183,2690104,8332,140,9993,108460,49069,494,841,173,3483,1978,109497,1547,5576,-399,-996,516,264,1340442,2082,17536,4181,23176.0,178429
5.78954649,2525,44567,-3288,-804,52656,15987,2714962,8056,157,9983,111277,51197,535,794,146,3709,1815,109206,1836,5372,-1141,-1430,339,238,1333459,2450,17994,3108,23375.0,182412
5.790263653,2595,44642,-2915,-831,53283,17461,2720030,8469,322,10886,110299,52496,432,886,198,3631,1995,111811,1845,5944,-295,-1255,230,297,1345529,2601,17400,4107,22541.0,183466
5.790980339,2857,44517,-3196,-733,52609,15777,2820073,8312,138,10393,107255,51382,457,819,159,3595,1979,111302,1557,6093,-1035,-1187,385,347,1357830,2544,17730,3410,25682.0,178718
5.791697502,3180,46302,-3266,-782,54379,15963,2799926,8450,267,10953,114517,51664,464,802,138,3804,2064,112332,1777,5584,-1211,-1402,419,266,1353183,2334,17874,2935,26192.0,188412
5.792413712,2812,47780,-3512,-862,55160,16363,2886886,8810,13,10081,115813,50048,394,924,173,3780,2610,114777,1854,6820,-169,-1543,421,325,1363317,2534,16567,3878,25401.0,191578
5.793130398,2747,44542,-2961,-888,52662,15523,2793344,8592,-221,10080,108166,51447,521,933,123,3599,2083,110569,1717,5127,-1064,-643,317,225,1354348,2432,17472,3620,27495.0,179570
5.793847561,2080,35953,-2539,-812,48150,12283,2363369,7451,-54,8555,92842,46537,476,754,144,3615,2000,105924,1825,5076,-1255,-958,445,254,1351020,2387,17482,3578,26233.0,150609
5.79456377,2193,38442,-2795,-650,47634,14105,2499020,7603,-98,9542,97679,47603,509,829,124,3668,2330,108534,2538,5696,-1490,-1644,285,309,1359770,2195,16903,3154,27950.0,160022
5.795280457,2862,43636,-2937,-855,52766,15440,2750952,8756,-10,9766,108015,49715,425,750,91,3916,2176,112216,1668,6005,-1019,-1573,439,291,1376233,2673,17788,3277,28685.0,178709
5.79599762,2625,45545,-3364,-922,53827,15457,2805666,9051,639,10680,111701,50318,491,835,212,3467,2445,113377,1928,6327,-1503,-1770,476,331,1378434,2539,18100,3653,28225.0,184379
5.796714306,2671,46375,-3514,-807,53654,15577,2858284,8501,303,10595,111045,49790,637,840,68,3467,2163,112191,1976,5565,-1560,-764,573,171,1377133,2854,17524,3613,29553.0,184169
5.797430992,2755,41913,-2793,-443,51403,14266,2719388,8119,32,9902,99402,49862,364,777,112,3523,2207,108613,2199,6078,-940,-1063,554,393,1368183,2479,16984,2930,28994.0,166455
5.798147678,2390,43583,-3580,-949,54179,15941,2749394,7683,184,9078,106236,51227,598,861,83,3935,2165,114190,1637,6020,-1973,-561,584,308,1373193,2731,16948,3106,30756.0,175833
5.798864365,2912,46897,-3576,-543,53353,16366,2820749,8436,-107,8874,107291,50895,491,885,112,3971,2186,114837,1836,5585,-749,-835,535,215,1382517,2571,16593,4238,30299.0,181902
5.799581051,3100,46547,-3296,-526,52708,16850,2784682,8052,571,9375,110025,51596,464,823,140,3475,1765,112434,1940,5600,-911,-1380,344,292,1374186,2756,16286,3877,26023.0,184574
5.800297737,3124,47801,-3047,-769,53039,17120,2851679,8177,830,10238,113174,53728,628,862,89,3598,1911,115448,1742,5694,-1152,-1086,318,206,1371718,2974,17378,3412,25459.0,189396
5.8010149,2881,47726,-3784,-1178,51732,17001,2824936,7987,440,9376,114911,53895,502,840,111,3698,2143,113944,1851,6212,-1523,-1474,346,348,1373776,3046,17094,2893,24531.0,190506
5.801731586,2738,47270,-3212,-680,55224,17329,2855890,7896,347,9571,116309,51426,485,818,168,3593,2388,115869,2349,6328,-1447,-1297,344,320,1377449,2772,17896,3542,24788.0,191542
5.802447796,2294,43086,-3151,-1067,52934,16887,2712956,7508,830,8736,111002,54209,573,948,153,3863,2501,116881,1944,5688,-974,-961,404,247,1373400,2262,15751,3368,24666.0,180777
5.803164959,2299,41360,-2881,-899,43658,16143,2469765,7446,697,8670,103443,47198,640,921,84,3759,2195,110585,1720,4939,-950,-958,323,199,1348837,2809,18135,3873,19258.0,170691
5.803881645,3160,48959,-3463,-1020,53183,18351,2870156,8481,933,9437,107859,50693,664,889,208,3374,1981,115381,1908,5697,-1187,-1250,644,226,1362614,2316,17479,3593,23767.0,186810
5.804598808,2916,49160,-3363,-811,50888,18721,2968080,8028,280,9134,108774,50228,582,931,157,3369,2367,116828,1772,5948,-1068,-937,532,223,1367430,2035,17274,3676,20837.0,187599
5.805315018,2899,53309,-3337,-764,48791,20548,3007090,8389,686,9424,124209,50196,578,921,161,3988,2129,120267,2082,5790,-1583,-1638,355,439,1376769,2802,16257,3749,24028.0,209354
5.806031704,3089,51824,-3254,-762,50190,20893,2869571,8802,356,8737,127377,48991,570,837,155,3533,2381,117360,1806,6177,-1048,-1301,360,233,1374853,2801,16791,3508,23101.0,211985
5.806748867,2823,49935,-3213,-948,49017,19742,2654502,8184,277,7894,122353,49054,554,866,94,3515,2204,113020,1460,5893,-1843,-1559,493,252,1373837,2696,16204,3463,22857.0,203037
5.807465076,2644,47447,-2853,-535,49249,18961,2610603,8269,277,8087,122511,49394,479,802,32,3612,2030,115981,1639,6177,-1911,-1651,541,285,1375211,2718,16426,3501,22105.0,199832
5.808181763,3252,53964,-3314,-668,52479,20646,2872361,8962,203,8528,136694,48545,547,975,90,4279,2722,125777,2118,6790,-531,-940,507,135,1378116,2394,16448,3246,22943.0,223518
5.808898926,2981,51881,-3160,-768,51970,20950,2773803,9203,32,8435,124305,48092,635,1108,121,3742,2352,124077,1221,5977,-1086,-1576,434,281,1375568,2595,17184,4128,23372.0,209320
5.809615612,3273,55067,-2903,-423,52505,22889,2815055,9991,231,8622,148373,50219,12522,936,28,3719,2207,125937,2449,6825,1031,469,1892,319,1375119,2695,17604,4009,24195.0,239593
5.810332298,3505,54321,-3215,-882,52093,21880,2840658,9111,268,8145,136064,48331,684,1110,198,3765,2542,127200,2196,6404,-1253,-785,774,150,1376710,2287,17360,4328,24373.0,224881
5.811048985,3171,53980,-3534,-866,51012,21132,2792516,9502,311,7670,134217,49739,631,1002,84,3471,2859,126540,1852,6471,-1454,-970,620,270,1376447,2731,18016,4087,25346.0,222002
5.811765671,3460,54289,-2888,-504,50132,22487,2553522,10024,405,7824,150741,47601,652,1082,60,3664,2455,121356,2223,6555,-1425,-1508,551,281,1365816,2621,16339,3570,26010.0,241001
5.812482357,2871,48363,-3020,-697,50825,19656,2731184,8953,-61,7783,119641,49209,706,1136,161,3702,2644,126589,2167,6821,-1338,-1258,444,346,1361782,2851,17709,3506,24953.0,199484
5.813199043,3120,48436,-3314,-792,54612,18852,2899225,9519,557,8631,115701,51288,844,1512,95,3816,1969,130776,2108,7090,-453,-523,512,181,1360120,2064,17944,4218,28856.0,195628
5.813916206,3633,58467,-2924,-350,54569,24655,2708559,10784,106,6829,163065,48393,744,1418,193,4150,2806,130769,2084,6462,-870,-1046,461,198,1353268,2656,16438,3648,27768.0,260604
5.814632893,3130,47087,-2768,-557,48608,20416,2193371,9315,1152,5275,130544,46036,630,1096,120,3895,2562,110131,1859,6199,-845,-602,442,214,1330344,2902,16739,3715,23354.0,210492
5.816782951,3468,53368,-2652,-698,47242,21531,2403509,9879,932,4937,134504,47911,582,1079,89,3731,2419,117745,2208,6203,-1580,-1407,584,363,1311670,2725,16749,3474,26904.0,222750
5.817499161,3787,58263,-2865,-227,53302,24099,2660191,11008,1024,5207,154145,48987,678,1279,33,4122,3069,128782,2381,6696,-934,-586,888,157,1318024,2286,17834,3956,29149.0,251302
5.818216324,3526,57561,-3074,-700,53263,23153,2701857,10860,568,5934,154680,52231,773,1277,112,4017,2615,128354,1955,7289,-1343,-1132,636,246,1317684,3025,16758,3611,29422.0,249780
5.81893301,4126,56659,-3480,-1012,52362,22409,2695843,10321,328,6232,147163,51826,680,1043,149,4169,2764,124306,2784,6759,-596,-334,626,154,1315318,2152,17565,3819,30697.0,240678
5.819650173,3293,52464,-2847,-663,53340,21649,2511736,9461,875,5846,142392,51249,628,1103,193,3954,2443,120506,2217,6741,-933,-781,700,193,1314886,2672,16651,3956,29791.0,229259
5.820366383,3286,53676,-2913,-552,54319,20906,2603459,9935,333,5954,146950,50472,706,1100,152,4174,2835,122247,2498,6612,-1877,-1763,763,473,1310941,2642,16914,2812,29733.0,234753
5.821083069,3360,53352,-3084,-470,56184,20565,2532484,9699,629,6206,141865,49599,679,1070,144,3902,2352,117501,2064,5642,-1761,-1340,666,300,1325037,2629,17079,3580,30885.0,228841
5.821800232,3084,51784,-2532,-543,55364,20713,2517833,10085,427,6010,145389,51341,823,979,156,4068,2861,117497,1383,6322,-1927,-1730,674,325,1328773,2690,17170,3328,30605.0,231055
5.822516918,3323,50408,-3219,-542,54034,18827,2482317,9612,492,6151,140587,50235,806,989,162,4079,2592,117266,2160,6118,-927,-1177,522,195,1330002,2662,17254,3526,29574.0,222757
5.823233604,3283,51605,-2993,-358,54568,20376,2487800,9759,1076,6118,133788,49826,715,917,62,3712,2509,114401,2349,5911,-1827,-1503,699,199,1329443,2191,17097,3475,28293.0,218811
5.823950291,3380,51465,-2929,-669,54457,20110,2512302,9841,1250,6237,133572,51451,721,1065,96,3537,2530,114528,1963,6034,-1827,-1950,579,208,1340182,2818,17455,3411,28480.0,218368
5.824666977,3226,50293,-3126,-874,56336,20161,2609591,9300,1072,6841,134747,51688,826,1044,287,4109,2531,119973,2143,6027,-1567,-1114,720,318,1341745,2652,17976,3558,26463.0,217727
5.825383663,3287,49815,-3203,-565,54765,20017,2547323,8971,667,6720,129954,50583,768,966,75,3980,2827,116834,2052,6198,-1845,-1593,645,263,1346213,2408,16694,3394,25002.0,212044
5.826100349,2831,46280,-3081,-822,52745,18601,2530701,8723,1600,7311,118030,50800,689,958,112,3757,2478,114803,2082,6035,-2339,-2011,545,344,1339022,2137,18085,3947,24468.0,194465
5.826817513,2788,46909,-2986,-261,52710,18298,2603133,8711,756,7310,116760,50397,825,952,150,3583,2177,114341,1796,5525,-1397,-813,652,225,1343330,2411,17124,3532,22493.0,193466
5.827534199,2901,47598,-3587,-605,52019,18545,2654660,8091,1127,7641,118542,51181,703,896,150,3239,2302,117683,2068,5685,-1353,-1359,608,246,1341146,2140,17652,2844,21883.0,195677
5.828250408,2613,48080,-3097,-864,53141,18591,2676248,8945,970,7740,120569,50006,678,908,71,3545,2441,119307,1364,5084,-1928,-955,604,216,1337911,2549,17599,2717,21430.0,198798
5.828967571,2973,49759,-2988,-675,51547,19608,2676856,8674,912,7571,121086,50476,772,841,90,3703,2311,117198,2409,5712,-2211,-1198,587,248,1347457,2324,16879,2958,22316.0,202100
5.829684258,3071,50620,-3141,-579,53455,20715,2715182,9380,1363,7806,127571,49731,745,887,128,3498,2417,120728,2098,6520,-2917,-2082,510,300,1347149,2355,16622,3350,21642.0,211357
5.830400944,3089,50748,-3291,-679,52251,20641,2696670,8783,1584,8378,124019,50130,724,868,93,3634,2299,119157,1563,5960,-2694,-1863,505,231,1339355,2464,17382,2755,19657.0,207280
5.83111763,3172,51111,-2715,-411,50732,20689,2591524,8565,1250,6736,127776,50329,835,913,65,3446,1896,118497,1874,5795,-2961,-1509,584,308,1337800,2104,16538,2707,20349.0,211313
5.831834316,2997,51015,-3245,-718,49124,21102,2619693,8947,1320,7322,132967,50971,647,946,153,3765,2298,118796,1612,6014,-2372,-1452,657,283,1331750,2113,17412,2237,18928.0,217028
5.832551479,2775,47765,-2987,-534,48934,19210,2538135,9106,1323,6213,124929,48796,788,981,193,3353,2519,115016,1901,6022,-1991,-1038,660,269,1333406,2036,16178,2490,19158.0,203785
5.833267689,3258,51568,-3136,-311,50558,21496,2560255,8994,1042,5770,138237,50088,787,1051,120,3815,2337,120185,2405,6352,-1932,-1908,535,346,1329145,2251,16708,3492,20134.0,223553
5.833984852,2899,50246,-2779,-517,49985,21504,2533103,9465,1790,6626,134748,49464,819,969,136,3612,2630,116979,2216,6247,-1807,-1806,592,199,1325769,2112,17363,2546,20255.0,218862
5.834701538,3245,50025,-2639,-479,47889,20006,2445334,9502,1730,5615,132349,50084,767,887,68,3755,2716,113641,1799,5526,-2746,-1814,535,291,1330325,2100,17212,2529,21045.0,215127
5.835417747,3621,52739,-2900,-615,48976,20985,2501634,10066,1450,5498,139965,49216,806,1041,49,3772,2784,115691,1775,6056,-2228,-1471,744,188,1324294,2295,17132,3749,21099.0,227376
5.836134911,3665,53876,-2824,-445,52622,22186,2537894,9408,1052,6297,144751,48609,816,1014,62,3869,2706,117839,2460,5729,-3272,-2293,586,283,1332982,1672,18094,3700,21317.0,233886
5.836851597,3289,53934,-3064,-579,50307,22073,2579476,10419,1002,5065,143166,49185,903,1068,167,4010,2732,118157,1730,5293,-2205,-1486,699,227,1333163,2475,17044,2489,21117.0,232881
5.83756876,3384,50521,-2607,-494,49888,20669,2460407,9077,1340,5075,132754,48931,824,1040,96,3722,2525,114412,1892,5701,-2860,-1774,549,378,1326470,1763,17543,2891,20499.0,216405
5.838284969,2761,45980,-2718,-370,46942,18798,2271242,7724,1544,5105,116650,49380,811,1318,58,3430,2473,104936,2318,5678,-1255,-1014,636,152,1320836,2223,17583,3099,22051.0,191913
5.839001656,3159,52261,-3231,-493,54259,20278,2599932,9565,771,6827,134054,47221,778,1441,90,3828,2671,116707,1922,6029,-1636,-1456,864,414,1331540,1894,17726,3080,24396.0,219317
5.839718819,3158,52232,-2969,-659,51975,20137,2577201,9808,1671,6174,136860,49236,782,1228,107,3728,2403,118233,2443,5286,-1595,-1189,588,227,1336185,2059,16680,3741,22639.0,222195
5.840435505,3769,55038,-3168,-779,52384,20910,2710937,9673,942,5591,134521,51556,2229,1488,86,4349,2483,122464,1691,6062,-1675,-538,887,254,1343859,1751,17406,3246,25687.0,223911
5.841151714,3983,57688,-3236,-753,52161,20775,2729227,10510,1059,6799,136300,50174,966,1251,138,3838,2794,122872,2450,6919,-1774,-1570,622,244,1356740,2380,17014,3429,26249.0,229256
5.841868877,3925,58694,-3090,-783,52110,22482,2771047,10516,634,6697,140115,50350,877,1003,166,3837,3021,125894,2346,6537,-1556,-771,546,97,1353343,2823,17602,3231,26229.0,235732
5.842585564,3329,54734,-2851,-995,49787,20056,2579083,9470,374,6013,130546,50189,771,919,92,4011,2272,118551,2059,6043,-2368,-1322,564,334,1366251,2508,18094,3433,27980.0,218135
5.84330225,3428,52556,-3538,-898,47274,18343,2572503,9570,696,6889,128787,48214,847,943,166,3833,2538,118112,2671,6258,-1914,-807,570,225,1366187,2532,17832,4238,29338.0,212684
5.847602844,2986,50550,-2562,-479,52550,19987,2608236,9110,601,7393,135951,48257,802,901,94,3953,3035,122192,1822,6387,-2542,-1770,456,369,1349666,2327,17945,3561,25242.0,218584
5.848319054,3539,55898,-3213,-787,51444,21076,2779841,9895,783,7594,136223,53831,860,981,94,3844,2674,126927,2645,6060,-2373,-1142,548,226,1349119,2556,16719,4048,25344.0,226631
5.849036217,3952,59216,-2964,-601,52391,24123,2833399,10484,504,7617,146156,51082,783,964,160,3833,2529,128882,1920,7067,-1761,-1806,405,374,1344506,2646,16627,3715,25359.0,243931
5.849752903,3778,55483,-2780,-717,52131,23290,2829662,10098,564,7686,139123,50696,959,988,283,3545,2572,126899,2123,6725,-694,-1044,515,261,1333655,2688,16529,3605,24010.0,231772
5.850470066,3707,56073,-3544,-880,54423,22218,2839354,10450,572,8155,138820,52292,931,926,144,3676,2572,125321,1872,5965,-1800,-1333,557,257,1325182,2507,16996,3431,24847.0,231268
5.851186275,3434,57254,-3076,-903,51609,24053,2800914,9852,691,7453,140612,52047,1077,1093,80,3821,2620,125200,2108,5872,-1796,-508,527,253,1311162,2591,17270,3338,25957.0,235205
5.851902962,3440,56809,-3580,-504,52100,22893,2789501,10426,1107,7983,143914,50591,1215,1152,68,3659,2694,123312,1693,6268,-1912,-1205,507,268,1303590,2322,17042,3177,25743.0,237482
5.852620125,3373,56424,-3227,-743,52535,24231,2719838,10272,967,7268,141384,52548,1420,1178,67,3639,2669,123578,2238,6700,-1444,-803,517,194,1294952,2111,17524,3139,25555.0,235684
5.853336334,3586,56778,-2819,-395,55196,23880,2687914,10344,1246,7203,147138,51233,1399,1187,97,3955,2867,123395,1986,7041,-1312,-928,600,227,1300132,2169,16992,3161,27550.0,241726
5.85405302,3334,52413,-2541,-110,52662,21067,2618473,9338,899,7828,133754,52414,1549,1134,111,3806,2217,122604,1985,5746,-2135,-333,568,366,1298225,2239,16944,3100,24197.0,219906
5.854770184,3324,50989,-2781,-521,50055,20665,2549951,9226,1113,7530,131391,51188,1403,1121,116,3748,2914,121756,2317,5656,-1991,-1247,466,239,1291232,2146,17387,3527,23528.0,215595
5.85548687,3678,57532,-2880,-405,53736,22949,2642869,10850,778,6206,144599,50270,1547,1238,73,3844,3119,125590,2443,5884,-2009,-784,519,273,1294658,1937,16806,3242,27493.0,239608
5.856203556,3561,56923,-2892,-283,52863,23893,2714614,10919,943,6007,144382,50940,1550,1316,188,3846,2670,128733,2226,6555,-1220,-918,460,238,1303252,2610,17561,3188,27491.0,239678
5.856920242,3602,53496,-3318,-678,54027,21550,2794191,9475,217,7282,138086,50707,1331,1062,115,3823,3071,128855,2089,6065,-1961,157,557,207,1297669,2292,17626,3237,25381.0,226209
5.857636929,3183,54044,-3055,-544,52361,22033,2766092,10683,206,7004,139609,49274,1235,922,42,3627,3126,128458,1988,6637,-2002,-1318,590,308,1304659,2729,16649,3065,25041.0,229552
5.858354092,3514,53345,-3232,-430,54383,20803,2844222,10119,601,7539,133283,48962,1283,1010,55,3716,3065,128831,1829,6325,-2939,-1453,611,345,1321007,2713,16862,4234,25082.0,221064
5.859070301,3226,53993,-3378,-613,54695,20741,2880018,10674,418,7634,130948,50090,1396,1064,47,3987,2774,129609,2564,6283,-2246,-1251,428,352,1325516,2091,17519,3453,25801.0,219582
5.859787464,3407,53349,-3509,-392,56452,20181,2888844,10009,455,7845,131873,50289,1399,1109,139,3865,2656,129004,2460,6119,-1709,-849,595,228,1334611,2395,17916,3648,25166.0,218819
5.86050415,3381,52011,-3623,-823,55779,19147,2893318,9425,567,7273,127443,51498,1600,1141,61,4146,2967,127602,2263,6861,-1421,-557,714,192,1338637,2273,18173,3703,26443.0,211407
5.86122036,3513,50692,-3722,-803,54617,18730,2861686,9121,612,7438,124306,51876,1463,1110,51,3791,2339,126406,1915,6259,-1391,-100,519,181,1344703,2977,17431,3037,27168.0,206362
5.861937523,3307,51069,-3302,-893,53228,19704,2859317,9450,-59,7022,121070,53530,1766,995,55,3798,2733,127497,2181,5637,-1680,-705,803,230,1347208,2394,18288,3685,29060.0,204600
5.862654209,3141,48960,-3443,-494,53404,17490,2873628,8714,111,8034,114040,51436,2360,1070,82,3822,2148,124160,2105,5901,-835,49,756,196,1345841,2463,16829,2774,27458.0,192345
5.863371372,3016,49710,-3481,-873,54459,17736,2914246,8659,390,7813,114347,52091,2528,1167,145,3748,2660,125600,1878,6166,-659,-252,582,183,1354873,2433,17095,3467,28233.0,193468
5.864087582,3027,48299,-3221,-942,52344,18459,2826626,8975,595,7493,112816,52471,2851,970,145,3610,2179,124614,2082,6352,-467,-297,660,186,1347311,2465,16919,4005,26219.0,191576
5.864804268,3017,47313,-3493,-1040,52596,17048,2809225,8171,605,7850,108109,52749,6721,1024,86,3795,2130,120700,2041,5457,349,211,1485,306,1351350,3259,17417,3680,27179.0,183658
5.865521431,3198,49357,-3605,-886,52489,17072,2964562,8557,-164,8363,110095,53751,2991,962,99,3734,2088,126127,2173,5894,282,116,636,120,1354915,2920,17127,3117,26214.0,188279
5.86623764,3049,51089,-3483,-810,53405,17955,2905287,8717,238,6885,112544,51992,1460,1059,94,4165,2526,129365,1959,5705,-2112,-970,427,342,1352958,2926,17850,3022,27976.0,193354
5.866954803,2821,47926,-3942,-776,51352,16573,2870348,7585,561,7591,106956,54397,3443,1014,59,3782,1935,119854,2462,5765,-405,469,874,267,1351537,1895,16161,3430,24432.0,181861
5.86767149,3032,48355,-3993,-813,54121,17080,2963686,8788,205,8067,107875,52208,2402,972,66,3782,2275,125770,1853,5202,-1036,11,614,380,1352904,2328,17578,3318,25069.0,185130
5.868388176,3062,49343,-3641,-929,55060,17023,2949983,8588,464,7475,106682,52113,1697,1021,146,3954,1990,126368,2179,5532,-2099,-645,575,305,1353185,2183,16938,3136,24196.0,184698
5.869104862,2607,46862,-3564,-572,54645,16498,2943595,8046,788,8071,104956,49204,1313,903,124,3576,1936,125398,2370,6031,-1781,-488,444,233,1351075,2655,17754,3660,22603.0,178969
5.869821548,2932,47438,-4063,-1132,52973,16694,2973668,7491,899,8658,102524,51800,1047,892,65,3708,2179,126290,2183,5993,-2444,-529,366,201,1352006,2412,16472,3258,22296.0,177079
5.870538712,3047,48737,-3648,-748,54743,16890,2984043,7274,238,9186,105409,50465,983,872,82,3808,2474,126873,1804,6029,-1952,-827,578,183,1347171,2119,15991,3632,22031.0,181357
5.871254921,2837,48152,-3833,-965,54172,17193,3008835,7834,1229,9381,106032,51372,1992,840,65,3594,2219,127049,2164,5404,-1089,-61,686,260,1350343,2597,16199,2814,20992.0,182048
5.871971607,2648,45349,-3924,-904,52636,16215,2960737,7456,1262,8890,97930,49307,1351,865,153,3553,2382,125933,2048,5246,-1701,-745,766,249,1351160,2720,17039,3175,20783.0,169598
5.87268877,3042,45999,-3703,-615,54091,16539,3023198,7026,768,8965,98607,52625,918,889,203,3881,1878,125456,1780,5629,-2074,-1494,574,378,1346151,2774,17998,3236,20287.0,171213
5.873405457,2704,44654,-3548,-991,52901,15861,2851345,7860,468,8155,99098,51644,1259,1082,87,3723,2213,125951,1846,5949,-2088,-1171,465,274,1348337,2307,17532,2315,21873.0,170177
5.874121666,2847,46220,-3864,-689,55295,17233,2955516,8628,939,8582,99406,52691,1139,1058,98,3596,1907,125254,1742,6101,-2343,-1629,577,394,1350190,2397,17370,2862,21608.0,174334
5.874838829,3042,47214,-3516,-777,52368,17495,2889824,7599,980,7841,96854,49254,1018,1086,119,3492,2630,123907,1287,5583,-1829,-1080,497,322,1342163,1987,18070,2863,20751.0,172204
5.875555515,3067,49135,-3732,-798,53470,18243,2989870,8136,696,8329,103897,51868,803,970,135,3677,2397,123423,1558,4685,-2421,-1460,579,302,1346540,2648,18111,3309,21051.0,182478
5.876272678,3268,51395,-3396,-1001,53035,18178,3022298,8719,1135,7866,109720,51703,849,1138,178,3599,2175,125171,1778,5261,-1548,-1164,419,256,1342053,2633,17476,2842,21102.0,191280
5.876988888,3126,50968,-3232,-789,51579,17085,2972885,7974,118,7957,112743,51093,986,1198,93,3618,2149,124911,2137,5699,-1593,-1099,592,138,1346672,2207,17444,3155,20747.0,191896
5.877705574,3283,51603,-3682,-1005,52802,19132,2926546,8185,573,7701,123524,49184,955,1173,32,3747,1821,123692,1514,5687,-1895,-1432,778,207,1340175,2789,17510,3037,22814.0,205727
5.878422737,2825,50966,-4064,-1136,52778,18067,2979293,8462,473,7522,119249,51048,944,1000,78,3849,2307,125724,1444,5926,-2044,-1084,465,273,1343756,2641,17482,3084,21141.0,199569
5.879138947,3059,51991,-3370,-810,52747,18368,2917678,8830,362,7835,123420,50014,791,852,54,3952,2236,124822,1929,6070,-2526,-686,635,220,1341005,2441,17924,2866,23430.0,205668
5.87985611,3316,52726,-3408,-1051,52618,20777,2897209,9505,1129,8117,131700,50513,843,842,130,4070,2134,123003,1973,6133,-2278,-1501,493,243,1334587,2967,17015,3139,22623.0,218024
5.880572796,3152,52494,-3779,-889,54268,19948,2886086,8447,419,8476,133508,49783,803,903,87,3937,2600,122447,1791,6068,-1738,-1218,368,237,1324076,2234,18379,3862,22488.0,217549
5.881289482,3597,54296,-3165,-805,53313,20724,2919062,8849,312,8578,130723,52590,805,892,120,3765,2359,123399,2480,6112,-1904,-1123,427,241,1323867,2349,16921,3391,21999.0,218189
5.882006168,3519,53204,-3126,-564,55247,20424,2909447,8932,321,7896,131798,52145,813,953,119,3685,2828,124248,1573,5690,-2309,-1432,524,440,1320432,2364,17129,3344,22287.0,217877
5.882722855,3311,53801,-3311,-915,55482,20157,2899795,8716,452,8461,132549,50184,753,859,65,3865,3109,125024,2342,6639,-2247,-2006,404,215,1305803,2092,17692,4140,22292.0,218534
5.883440018,3278,52861,-3843,-1205,56502,18444,2913426,8280,858,8022,125589,50285,877,935,150,3786,2513,124122,2051,6097,-1993,-1512,557,380,1305729,3154,17440,3411,24540.0,208452
5.884156227,3504,52895,-3144,-826,53718,18737,2782184,8833,429,8316,130157,52012,761,924,119,3998,2058,121611,1915,6130,-2278,-1578,451,323,1299092,2807,17613,3881,23080.0,214126
5.884872913,3210,51942,-3622,-1058,53315,19028,2799037,9053,274,9003,132037,48971,766,848,174,3923,2200,122761,1948,6152,-1719,-830,471,238,1299719,2764,18368,4278,25466.0,215270
5.886306763,3470,53090,-3580,-864,51842,18570,2850178,8749,593,8606,125274,49382,714,865,114,3814,2421,122689,1860,5859,-2128,-1502,568,284,1295964,2545,18286,3622,23474.0,209153
5.887022972,3602,54084,-3211,-615,52144,19894,2842357,8899,280,8271,126519,49806,734,833,214,3503,2000,121739,2108,5878,-1014,-1422,441,257,1299845,2726,17002,3775,23517.0,212998
5.887740135,3331,52530,-3561,-782,54337,19031,2768748,8958,951,7932,124889,50336,678,773,67,3556,2609,122437,1701,5476,-1944,-1554,315,233,1308696,2431,17342,3535,22959.0,208739
5.888456821,3187,52132,-3497,-1397,52351,19190,2799043,8571,635,9748,119795,51314,746,891,21,3585,2334,117597,1490,5674,-3136,-1431,461,322,1314269,2462,17197,2995,25399.0,202875
5.889173508,3303,52327,-2996,-914,51831,19920,2784653,8286,612,9262,120780,50863,718,786,114,3687,2412,116358,2386,5955,-2282,-1950,468,211,1318064,2320,17940,2846,22931.0,204616
5.889890194,3231,52807,-3627,-1078,50381,19382,2813345,8209,627,9796,122022,51488,723,843,47,3534,2324,118390,1788,5056,-2512,-1345,485,144,1320387,2878,18146,3246,23974.0,205651
5.89060688,3374,51274,-2963,-849,49403,19325,2624219,7389,643,9012,115576,51978,1007,1263,84,3378,2143,112205,1707,4847,-1300,-950,295,191,1320497,2361,17605,3281,22351.0,196938
5.891324043,3670,51064,-2923,-1022,50043,18409,2691779,8581,760,9307,112731,50030,1468,1750,102,3280,2857,113262,1436,5163,-1590,-685,478,251,1333201,1958,17199,3366,22130.0,194455
5.892040253,3173,51137,-3730,-904,49124,18361,2812034,8927,39,9822,123549,45056,1041,1500,32,3840,2499,124915,1957,6098,-1316,-811,427,208,1343425,2434,18515,3699,23727.0,205147
5.892757416,2832,50108,-3321,-935,44413,18496,2703179,8548,270,10247,120563,43117,812,1049,127,3681,2533,121239,1499,5825,-2375,-1234,463,312,1339182,1889,17738,3761,22412.0,200547
5.893474102,3309,53046,-3664,-1212,47625,18368,2853283,8364,564,10244,119042,51785,769,877,117,3481,2364,121467,1631,5291,-1532,-833,497,163,1342231,2573,17380,3109,21557.0,202129
5.894190788,3271,54948,-3576,-806,48723,20034,2936629,9098,694,9781,125086,51209,766,1001,111,3454,2121,126125,1919,5958,-1981,-1241,390,402,1350299,3252,17243,3723,20630.0,212437
5.894907475,3522,57490,-3581,-1043,51120,21842,2909802,8543,449,8904,130079,52595,833,921,139,3503,2644,124574,1495,6456,-2370,-1072,420,278,1342457,2216,17297,2948,20616.0,221476
5.895624161,3263,55964,-3973,-956,50821,20478,2908553,8926,419,8420,130543,51390,794,967,254,3885,2207,125495,1898,6421,-1720,-1151,629,272,1348904,2977,16973,3129,22350.0,219174
5.896341324,3325,60169,-3236,-1567,51411,24385,2855223,9419,490,8291,140630,50250,866,1088,161,3458,2727,124657,1774,6292,-1573,-1262,628,260,1356389,2481,17311,3305,22436.0,237928
5.897057533,3563,58025,-3481,-991,52841,22029,2935092,8654,275,9185,130873,50240,872,960,165,3857,2499,125435,1754,5868,-2449,-1456,578,450,1350829,2334,17026,2760,21284.0,223144
5.89777422,3815,58792,-3880,-1429,50884,22435,2871121,8907,1097,8820,136192,51721,995,968,43,3828,2664,127099,1918,5914,-2598,-1519,752,295,1350102,2739,18377,3466,20905.0,230141
5.898491383,3483,58618,-3643,-1100,53036,20621,2886467,10099,122,6814,133651,51368,1040,1063,106,4199,2613,131374,2183,6641,-1775,-1083,437,221,1354493,2660,17435,3382,25119.0,226472
5.899208069,3728,60248,-3440,-865,49554,23183,2822356,9093,343,7200,135333,50457,905,981,189,3630,2533,125841,2012,5403,-1942,-1432,529,222,1356086,1825,17355,3515,23909.0,231585
5.899924278,3788,61534,-3439,-1048,50024,26111,2678942,9370,517,7923,132176,49791,975,1037,146,3701,2595,120638,1937,6743,-1532,-979,548,241,1364704,2585,16932,3659,24581.0,232979
5.900641441,2437,48972,-2704,-1061,39561,19113,2254460,7778,335,6244,113029,47754,888,918,176,3664,2677,111298,1433,5605,-1841,-1335,528,170,1338632,2030,17731,3164,19278.0,191329
5.901358128,3325,59299,-3617,-1055,53049,22911,2848278,8484,17,6904,137334,49615,1109,958,122,3813,2976,129628,2038,6294,-2461,-948,522,240,1353661,2574,17728,3635,22254.0,231353
5.902074814,3606,61709,-3907,-900,54560,25213,2797676,9498,196,6483,141846,47592,977,923,46,4112,3252,127439,2280,7091,-2823,-1700,549,323,1352082,2582,17643,3975,22733.0,241872
5.9027915,3604,63417,-3969,-1073,52256,27821,2699223,9642,325,7219,136358,49164,1023,902,29,4056,3353,124144,2008,6985,-2492,-1306,651,247,1352487,1962,17809,2876,23185.0,240842
5.903508186,3652,65788,-3473,-835,53126,29278,2696016,9358,165,7536,133195,49514,1021,1032,55,3670,3324,121834,2150,6153,-2076,-1300,636,184,1356613,2711,17485,2615,22419.0,241271
5.904225349,4011,66656,-3302,-679,53675,32511,2624835,8661,629,8027,120088,48760,1094,991,38,4137,3679,117911,1883,6297,-2556,-1282,617,144,1356807,2264,17654,4052,25346.0,231927
5.904941559,3883,66449,-3295,-1338,52805,28661,2714041,10321,1243,7210,131283,51174,1338,1053,193,3948,3473,124950,1897,6631,-1328,-970,440,133,1353433,2237,17338,3738,24035.0,240597
5.905658722,3787,64808,-3150,-1104,49609,28800,2520616,9135,1126,6231,129309,50076,948,1046,134,3881,3546,116210,1578,6442,-2725,-2345,540,364,1350634,2314,18086,3714,22176.0,235839
5.906375408,3931,68391,-2838,-888,50086,31471,2545670,9099,318,6422,125379,49311,1166,987,117,4115,3629,115838,2138,6629,-2164,-1022,578,292,1356146,2467,17370,2983,22661.0,238271
5.907091618,4171,78005,-2758,-1201,47931,42020,2356379,8420,674,8350,122859,49580,894,900,97,4033,4887,111563,1662,5990,-2740,-1391,531,348,1357381,2835,17743,2801,26460.0,255475
5.907808781,3819,73613,-3103,-915,51670,36372,2467691,8603,266,8360,119733,47730,985,907,90,3923,4025,115352,2099,6751,-2273,-1360,663,187,1358516,2312,18207,3211,25226.0,242140
5.908525467,4059,77293,-2463,-1089,47907,42724,2251635,7929,564,8387,116996,45884,879,1137,249,3908,5083,108429,1947,6435,-1934,-1446,781,262,1359788,2236,18178,2838,28002.0,249001
5.90924263,3920,77239,-3018,-1128,48224,41531,2252500,8865,246,9124,115935,45709,931,1099,162,3837,4840,105889,2104,7542,-2271,-1126,500,301,1364738,2484,18619,3284,30050.0,247490
5.909958839,3654,70488,-3466,-1361,49896,33239,2399973,8286,392,8548,114244,50287,1218,1025,126,3830,3796,109837,1783,6191,-1894,-1063,622,168,1360333,2578,16939,3127,28039.0,229911
5.910675526,4754,81631,-2473,-975,45115,42008,2276995,8621,1142,9723,112140,50561,2594,1021,75,3904,4838,105100,1795,6230,-829,179,670,339,1362638,2459,17830,3927,29833.0,249154
5.911392689,3678,61361,-3348,-936,50553,24507,2591326,8747,776,9220,108118,49820,922,925,57,3415,2913,111478,1843,5379,-2574,-1293,386,274,1361446,1932,17564,3792,28303.0,206411
5.912109375,3238,63735,-3092,-816,48555,25657,2363498,8361,254,8267,103225,46560,954,936,66,3684,3544,113540,2148,5237,-2481,-1570,527,266,1350572,2930,17342,3173,29288.0,204216
5.912826061,3374,61520,-2896,-961,47060,26204,2401600,8003,536,7750,103283,49380,934,1008,145,3969,3308,113746,2302,6068,-2020,-1571,475,360,1353680,2032,17313,3258,29849.0,202384
5.913542747,3362,54453,-3693,-810,54474,17885,2845041,8322,-4,9078,108272,49077,917,961,150,3745,2130,119952,2508,5707,-2230,-1643,415,300,1349674,2730,17702,3112,30321.0,192294
5.914259434,3379,57210,-3727,-1278,52729,19764,2856761,8430,316,9028,111697,51458,1194,1106,112,3823,2747,121233,1699,5778,-2138,-1120,565,272,1340367,2688,17257,3537,28358.0,200480
5.91497612,3113,57123,-3619,-960,52311,19527,2870637,9297,286,9455,114338,48682,2321,1149,206,4135,2374,121676,2088,5327,-1101,-201,732,223,1340148,2184,17040,2734,29427.0,203398
5.915692806,3174,55691,-3856,-1538,54783,18634,2901999,8086,-88,9472,114470,51580,958,949,17,4248,2276,123354,2671,5977,-2872,-1844,548,256,1319365,2308,17674,2737,27506.0,200055
5.916409969,3082,52513,-4130,-1231,56072,15814,2927884,8684,810,9049,113382,50797,1067,1016,97,4081,2026,125779,2293,6239,-2604,-1401,542,328,1327574,2683,17967,3922,28849.0,193475
5.917126656,2994,50262,-4093,-1346,54985,14526,3008009,7946,42,9573,108261,50493,849,857,51,3583,1909,124004,2360,5672,-2091,-1269,313,193,1319194,2296,17287,3813,27613.0,183989
5.917842865,2730,47383,-4049,-1869,55337,13507,2912561,7147,107,9837,106837,49300,865,863,50,3946,2201,122159,2208,5733,-2088,-1485,525,261,1304271,2526,17098,3486,27386.0,177604
5.918560028,2833,47629,-3881,-1219,51609,12742,2857583,7966,258,9123,104701,48121,1000,919,175,3626,2348,122026,1863,5989,-1998,-1249,396,304,1302342,2102,17539,3349,25614.0,175871
5.919276714,2860,49673,-3921,-1157,52415,14395,2883942,8110,399,9477,105388,51032,986,852,96,4053,1868,121446,2035,5139,-2397,-1116,480,248,1295267,1970,16814,4264,27618.0,180426
5.919992924,2803,48352,-4188,-1410,56453,14190,2840774,8006,259,8990,101495,48078,1093,924,65,4121,2122,121874,1822,4572,-2182,-1132,433,231,1300409,2361,16795,3954,26732.0,174846
5.920710087,2885,51424,-4046,-1144,54978,14993,2932027,8407,130,8947,104929,50847,1151,1168,74,4189,2168,125491,1905,5389,-2300,-871,477,313,1295189,2540,17746,3363,25498.0,182638
5.921426773,2772,49166,-4277,-1343,52706,15952,3100370,8594,-32,9708,103947,52752,925,1059,79,3752,2014,129573,1948,5940,-2055,-785,381,281,1298236,2957,18243,3227,25153.0,180431
5.922143936,3030,50138,-4081,-1384,53131,15697,3090935,8193,-17,7935,110105,51468,790,888,120,3270,2637,133135,2040,6393,-2728,-2434,455,460,1298147,2631,17909,2845,24959.0,187163
5.922860146,2822,49926,-4547,-1898,51906,15586,3029140,7715,529,7723,109500,50906,750,939,100,3263,1925,131182,1731,5964,-1432,-1182,348,239,1297762,2378,18357,3158,23417.0,185549
5.923576832,2753,51423,-4275,-1316,52265,15882,3024112,8482,218,7252,114537,54922,698,877,93,3596,2632,133507,2257,6219,-2601,-1549,329,286,1296236,2314,17310,2818,24178.0,193077
5.924293995,2928,52163,-4255,-2008,50999,16706,2959181,8721,565,6564,118138,54102,1019,971,101,3833,2329,133177,1489,5432,-2374,-1553,475,225,1303200,2447,18015,2830,24807.0,198656
5.925010204,3360,55548,-3996,-1978,51910,18078,2850450,8802,167,6152,127640,53425,1017,1028,60,3792,2244,131290,2183,6396,-1668,-890,415,188,1301557,2229,17129,3312,25107.0,213428
5.925727367,3597,56445,-4159,-1583,53250,18295,2861791,9400,403,6139,126461,52389,4008,1082,71,3891,2154,131224,2162,6457,-63,589,690,252,1300451,2277,16886,3070,25540.0,214198
5.926444054,3775,58254,-3566,-1425,53111,19689,2789434,10334,289,5768,136367,53026,2055,1146,186,4083,2637,131148,1982,6438,-1587,-818,518,239,1315078,2515,17829,3124,26980.0,228419
5.92716074,3441,58585,-3918,-1318,53806,20805,2785368,10470,371,5507,141762,51814,810,1096,75,3783,2897,129907,2034,7520,-1509,-1380,380,268,1322077,2163,17942,4163,27292.0,235063
5.927877426,3739,58974,-3848,-1317,53218,20214,2752552,10336,526,5034,144847,50943,703,1092,97,3905,2784,130553,2071,6555,-1497,-1484,482,244,1327165,2461,17441,3716,27952.0,238110
5.928594112,3657,59516,-3989,-1481,53731,20154,2739443,10504,273,5087,141091,48341,1276,1125,109,3951,2854,132172,2329,6345,-2084,-963,343,289,1340989,2449,18391,3243,27489.0,234922
5.929311275,3649,55542,-3681,-1237,50083,18205,2879941,9409,291,4638,113774,51908,1273,1161,272,3931,2295,135605,2161,6116,-2097,-1454,436,318,1347766,2340,16785,3579,28397.0,200579
5.930027962,3336,55437,-4133,-1085,50512,18765,2817202,9943,424,4704,126690,49914,12576,1106,-39,3716,2484,134910,1957,6355,1102,925,1210,325,1343908,2517,17100,3526,27542.0,214171
5.930744171,3834,61910,-3478,-778,54356,21904,2696596,10678,588,4234,152077,47389,2615,1269,97,4370,2752,131648,1901,6019,-1283,-13,514,259,1353783,2454,18198,3538,27550.0,250403
5.931461334,3587,57373,-3948,-1547,53114,17744,2797787,9087,625,5019,135640,50320,1573,1058,108,4291,2675,132389,2685,6308,-1727,-801,479,183,1350123,2428,18345,3406,27672.0,223431
5.93217802,3617,58433,-3703,-1524,52721,18062,2737079,9936,652,4915,134065,50739,1042,1234,128,4022,2772,131251,1748,6022,-1697,-941,396,227,1350529,2563,18646,2918,27323.0,224113
5.93289423,3611,56379,-4038,-1639,53280,16165,2703052,9386,-7,4168,129533,50283,1754,1309,120,4045,2563,129279,1985,6633,-1678,-814,386,175,1361809,2457,18380,2849,29975.0,215074
5.933611393,3352,56558,-3790,-1684,54391,16741,2736095,9120,347,5301,132752,51127,2615,1305,78,3955,2391,129835,1787,6166,-929,11,483,215,1364655,3159,18269,2965,29444.0,218523
5.934328079,3589,57482,-3876,-1354,50123,18404,2664999,10004,739,4957,138971,48429,2748,1353,35,4009,2169,128625,2428,6307,-1229,-104,660,262,1370020,2705,17228,3452,26465.0,228450
5.935045242,3217,51627,-3791,-1299,52578,15256,2662572,9173,745,6408,121292,52352,1650,1337,125,3804,2464,124837,1735,6227,-1896,-333,545,253,1362619,2512,17775,3177,30154.0,200565
5.935761452,3092,50855,-3500,-1456,52984,15415,2658787,8508,443,5846,116796,52714,1472,1066,126,3836,2629,126642,2485,6283,-2318,-1405,631,325,1363046,2364,17586,3832,29950.0,194666
5.936478138,2990,47412,-3909,-1701,50277,13854,2540543,8229,905,6032,115600,49060,591,880,82,3838,2631,126355,1848,6295,-2347,-1485,688,279,1362124,2457,16997,3906,30213.0,188085
5.937195301,2654,46129,-3956,-1636,48744,14023,2571304,8002,327,6716,111868,49418,532,863,81,3911,2314,127324,1905,6155,-2363,-1844,553,381,1358699,2438,18246,3231,27954.0,182676
5.93791151,2658,46921,-4076,-1273,49247,13564,2570652,8482,778,6696,113033,45648,593,979,138,4073,2552,126711,1926,5930,-1765,-2070,528,316,1351450,2255,18121,3781,28313.0,184658
5.938628674,2943,46478,-3890,-1161,51951,13913,2786825,7490,305,7328,104763,50578,558,843,163,3592,2178,121962,1208,5725,-1205,-1402,506,194,1350870,2623,17830,3020,24990.0,175587
5.93934536,2311,43152,-3634,-1403,48231,13459,2609779,6967,1014,7577,99880,48656,537,705,90,3567,2197,118625,2010,6319,-1973,-1289,344,229,1346170,2288,17031,3664,23124.0,165769
5.940062046,2476,42816,-3840,-1647,47599,12363,2673727,7268,538,8064,98824,48308,620,841,78,3231,1717,119936,1500,5714,-1851,-1759,440,256,1344185,1754,17728,3118,21758.0,163747
5.940778732,2685,44424,-3913,-1517,46886,12225,2728077,7053,810,7978,98378,49191,507,711,140,3834,1905,119863,1296,5827,-2358,-2349,335,425,1340058,2098,17244,3392,22647.0,164765
5.941495419,2651,45831,-4156,-1976,46659,11971,2747106,7828,949,7793,99603,50428,639,788,220,3622,2486,118986,1371,5645,-1810,-1582,527,282,1332793,2447,16938,3083,21411.0,167884
5.942212582,2626,47123,-4314,-1721,48359,12670,2865765,7281,698,8135,102962,48843,603,752,35,3494,1879,123343,1973,5466,-2195,-755,366,204,1325732,2196,17341,3517,20286.0,172662
5.942928791,3000,47429,-4829,-1957,51622,11961,2965117,7445,185,8126,98605,48051,576,754,90,3558,1890,124530,1927,6120,-2451,-1506,552,206,1322290,2344,17706,3879,19476.0,168440
5.943645477,3040,48585,-4863,-1817,50808,12833,2883248,7693,570,7659,105964,49444,672,777,113,3525,2278,124243,1827,5919,-2212,-1665,464,189,1310286,2773,17438,3396,19666.0,178115
5.94436264,2547,45704,-3960,-1150,51398,15665,2738594,7878,1211,8109,109405,49745,588,769,67,3188,2202,120120,2016,6188,-2184,-1079,531,277,1304099,3058,17569,3508,18557.0,181199
5.945079327,2682,46574,-4043,-1916,48125,11805,2687821,6817,697,7423,104052,52120,522,764,161,3238,1924,115735,1368,5414,-1356,-1275,285,203,1304417,2532,17069,2799,17788.0,171930
5.945795536,2852,46743,-4006,-2075,49027,12990,2723139,7074,1209,8004,100551,53319,587,807,88,3229,1948,114317,1723,5407,-2465,-1808,423,311,1302162,2603,17286,3290,17161.0,170210
5.946512699,2835,46617,-3969,-1736,47589,12313,2651637,7129,604,7268,97173,50508,544,878,146,3411,2005,113466,2003,5063,-1657,-1897,276,277,1301331,2271,16178,3631,17589.0,166067
5.947229385,2542,44109,-3716,-1610,47391,12174,2656690,7134,760,6128,95921,53037,761,1371,91,3310,1992,115270,1306,5449,-811,-1210,451,167,1299759,2024,16531,3455,19338.0,161880
5.947946548,2898,47337,-3678,-1892,46987,13243,2760231,7369,1142,7511,101046,53922,2737,2477,0,3228,1785,117804,1580,5476,-1039,73,558,316,1308525,2122,17743,3404,20616.0,171893
5.948662758,2692,44880,-3577,-1585,53561,14265,2786946,7608,377,6821,103117,51228,1473,1627,49,3525,2561,123892,1451,5551,-1064,-714,448,230,1314444,2237,16314,3748,20917.0,172562
5.949379921,2476,45335,-4193,-1730,53186,14059,2835446,7719,747,7215,105497,48123,598,928,126,3383,2450,127895,1820,6233,-1781,-2108,711,221,1316885,2192,16875,2837,21583.0,175086
5.950096607,2947,45975,-4528,-1647,52860,13879,2751873,7284,890,6529,108165,49137,524,772,139,3592,2010,125470,2678,6617,-1913,-1582,323,231,1335352,1702,16442,3215,19097.0,178250
5.950812817,2519,44711,-3955,-1110,49889,13606,2733479,7528,241,6394,105753,45826,501,759,142,3747,1646,124519,1930,6249,-1540,-1730,431,221,1356761,2005,17410,2900,23047.0,174117
5.95152998,2664,44347,-4313,-1096,48143,12833,2771141,7594,652,6375,105126,46854,568,819,87,3426,2414,125529,2004,6122,-2261,-1823,371,384,1344885,2440,16544,2921,20921.0,172564
5.952246666,2544,42841,-4109,-1648,44228,10842,2725361,7346,-6,6565,103032,47035,2459,1037,28,3622,1812,124053,1605,5909,-1319,466,614,264,1347386,2600,17358,3693,24547.0,166605
5.952963829,2294,38192,-3742,-1638,40976,10510,2333348,7737,325,5607,98113,40902,797,1149,125,3289,2523,119213,1690,6713,-1426,-1376,367,215,1343619,2350,16230,3322,22293.0,156846
5.955113888,2045,38602,-3000,-640,43539,12613,2498032,7563,627,6387,92769,42631,841,1298,92,3390,2156,121132,1489,5544,-903,-509,442,217,1353599,2665,17131,3298,25868.0,153592
5.955830097,2794,42915,-3534,-763,51434,13551,2663727,7032,476,7008,93728,52329,586,990,81,3526,1829,120542,2028,5801,-1249,-1068,306,270,1338682,2392,17626,2755,24931.0,160020
5.956546783,2371,36186,-3102,-840,45660,11886,2323808,6648,1271,6467,88693,47477,548,875,139,3621,2229,117070,1357,5295,-1863,-1102,596,334,1329460,1996,17813,2875,24072.0,145784
5.957263947,2584,41874,-3465,-1006,52266,13223,2719481,7482,727,7427,101084,47076,537,857,153,3679,2184,129427,1668,5965,-1273,-1224,355,172,1357046,2630,17495,3520,27266.0,166247
5.957980633,2516,44018,-3884,-952,52470,13853,2784479,7545,250,7886,100862,48229,449,763,219,3565,2098,125983,1451,6069,-1090,-1300,321,202,1326566,2297,17829,3507,27852.0,168794
5.958697319,2645,45110,-3513,-1403,51854,14057,2850025,7741,321,8624,104177,51246,534,802,154,3695,2123,126293,2475,6085,-1330,-1511,285,219,1315641,2290,17542,3556,27785.0,173730
5.959414005,2992,47303,-3522,-1316,51645,13981,2915920,7783,167,8558,105417,53697,554,688,170,3647,2104,125972,1871,5957,-1055,-1303,385,180,1325511,2876,18073,3983,27460.0,177476
5.960130692,3072,47862,-3603,-943,52422,14859,2923944,7922,-132,8306,105073,52691,551,872,164,3540,2524,124373,1359,5515,-1372,-1453,433,311,1324355,2753,18098,3497,26009.0,178788
5.960847378,2915,47030,-3796,-924,52856,14614,2935235,7788,-99,9111,104682,49706,548,887,143,3520,2488,124954,1765,5757,-1811,-1264,569,406,1327844,2833,17315,3628,24466.0,177029
5.961564064,3232,48888,-3923,-1085,53389,14935,2995743,8512,606,9423,107533,50447,722,795,193,3724,2265,126858,1817,5840,-1626,-1291,436,242,1327195,2534,18059,3192,23600.0,183100
5.962281227,3205,46153,-3299,-858,52668,14371,2872385,7703,-222,8563,100045,52243,658,789,125,3606,1748,124256,1373,5678,-1810,-1372,510,407,1338794,2069,17467,2828,25503.0,171477
5.962997913,2762,44933,-3119,-881,53294,13502,2848095,7483,436,8947,99319,51176,567,849,84,3628,1967,122488,1303,5816,-1893,-784,499,214,1337395,2708,18297,3563,25091.0,167999
5.963714123,2772,44886,-3872,-1093,51670,13364,2852047,7068,300,8784,96992,51158,638,943,79,3498,2184,120601,1735,6147,-1646,-950,409,242,1330105,2770,17526,3800,24059.0,165082
5.964431286,2945,44912,-3505,-1439,48892,14652,2913234,7129,332,9099,96403,51309,517,1136,136,3379,1950,122532,1814,6061,-199,-1074,319,161,1334087,2797,17580,3188,21781.0,166041
5.965147972,2732,42658,-3715,-1433,48703,12987,2853068,6790,67,8619,87719,51616,705,2100,124,3144,2040,121524,2002,5958,512,-636,332,255,1341412,2408,17433,3748,22940.0,152886
5.965865135,2498,43553,-3454,-881,44778,12834,2728637,6930,780,8743,86145,50184,1676,1805,94,2966,1829,117480,1697,5271,-1280,-128,475,207,1324873,2360,17006,3268,23537.0,151960
5.966581345,2815,43150,-3479,-773,49636,16236,2854994,7270,-390,7460,103454,52292,593,911,221,3372,2074,124333,2466,6182,-934,-1215,330,127,1344886,2701,16792,3401,23594.0,172925
5.967298031,2192,39095,-3306,-687,52481,17534,2766247,7335,396,8059,105275,48756,576,836,130,3635,2106,121868,1763,5779,-1222,-1137,337,211,1337489,2147,18251,3838,22168.0,171431
5.968015194,2317,42297,-3611,-1061,50352,16936,2822947,7948,476,7985,107923,51319,594,846,161,3381,2048,123686,1719,5742,-1534,-1231,331,238,1336809,2172,17546,3222,21794.0,177421
5.968731403,2550,44652,-3628,-885,48568,15853,2860603,7338,326,8197,102817,51251,548,834,140,3436,2015,121569,1733,6363,-925,-807,496,305,1343986,2599,16631,3572,22053.0,173210
5.96944809,3051,50587,-3368,-1135,47764,18296,2822103,7735,352,7567,120638,48960,434,841,105,3265,2681,123432,1686,6128,-1257,-1501,331,312,1346259,2684,17634,3396,22117.0,200307
5.970165253,3128,48995,-4275,-1576,45254,15824,2961329,7616,328,7411,104289,52907,623,848,137,3212,2140,122272,2585,6483,-1355,-981,401,174,1338402,2186,16848,2612,21823.0,179852
5.970881939,3777,53530,-3544,-1096,45557,19344,2891561,8701,1190,7411,120396,51387,482,863,75,3483,2316,124674,2320,6579,-1355,-1597,560,356,1345706,2533,17368,2600,22044.0,205748
5.971598625,3236,49969,-3622,-1237,47493,18944,2815959,8117,562,6910,121392,52400,554,927,35,3609,1940,124736,2224,6903,-1166,-1129,436,204,1333074,3102,17193,3048,22119.0,201658
5.972315311,3221,52510,-3642,-1482,46770,19688,2791451,8971,558,6482,129575,52229,517,920,150,3620,2275,125113,2252,6329,-1129,-808,403,313,1336668,2852,17568,3471,22176.0,213965
5.973031998,2818,44030,-3141,-820,41500,16439,2406574,7957,1318,7300,113477,46380,479,899,80,3146,2043,115618,2075,6005,-892,-1376,309,260,1342917,2255,16896,2741,21464.0,184721
5.973748684,3261,48412,-3159,-794,47138,18336,2675711,8850,186,7311,122109,47797,516,866,70,3370,2147,122209,2035,6323,-1697,-1294,443,322,1349009,3430,17446,3088,22580.0,200968
5.97446537,2848,52001,-3271,-762,51659,20867,2912602,8759,174,7661,133471,52114,510,913,143,3605,2259,131033,2459,6627,-986,-1096,336,278,1351746,2693,17692,3341,23303.0,217946
5.975182533,3222,54395,-3568,-1003,50772,20442,2869469,9289,530,8218,140453,51143,499,1000,168,4031,2496,127926,2427,6777,-489,-1303,553,346,1348466,2571,17599,3619,23183.0,227801
5.97589922,2933,48956,-3484,-810,49656,19785,2732191,9207,710,7774,136604,44025,548,994,131,3674,2830,129699,2268,6695,-756,-1052,315,231,1361251,2633,17532,3387,23836.0,217485
5.976615429,2947,53416,-3515,-1080,51955,21562,2864222,8745,291,6919,142099,48693,610,1061,158,3480,2559,131850,2213,6776,-966,-907,486,177,1357204,2970,16282,2815,23909.0,228769
5.977332592,3439,56128,-3384,-732,50457,24206,2810237,10852,372,7122,157093,51064,525,1054,198,3907,3534,129584,2285,5909,-1117,-1414,425,324,1362643,2204,17217,3519,26185.0,251718
5.978049278,3368,57562,-3327,-657,52189,23324,2813744,10344,405,7264,154183,50867,474,1241,181,3769,3016,128817,2428,6668,-733,-1484,439,312,1355985,3319,18326,3092,25253.0,248781
5.978765488,2818,47927,-3585,-1308,47753,18972,2465966,8278,1008,5081,135262,53260,562,1078,167,3582,3107,123188,2432,6618,-1109,-1155,417,190,1336909,1996,17041,3790,22672.0,213257
5.979482651,3233,52275,-2846,-666,47333,21182,2588623,9847,238,4991,143310,47330,477,1001,101,3745,3076,127154,1959,6077,-628,-1529,481,354,1348286,2864,17339,4230,24947.0,229847
5.980199337,3856,55554,-3562,-1481,52099,21915,2781525,10325,658,5174,144156,49785,597,1002,215,4243,2647,131078,2772,6643,-1419,-1035,465,312,1356256,2751,17864,4492,25021.0,235806
5.9809165,3716,56853,-3600,-1279,52682,22083,2838744,9350,709,5889,143167,51058,617,1083,167,3868,2868,132045,2299,7589,-809,-1033,440,240,1354251,3396,17710,4014,24749.0,235169
5.98163271,3437,56025,-3390,-933,52866,21806,2818318,9808,433,5675,142590,52498,568,1048,131,3819,2770,128074,2257,6408,-1265,-1236,528,276,1358869,2627,17492,3398,25869.0,233666
5.982349396,3277,53489,-3298,-910,52836,20535,2883775,9056,-130,6434,134502,52722,442,1029,217,3778,2693,126463,1954,6447,-719,-1193,437,235,1353512,2672,17851,3703,24170.0,220859
5.983066559,3183,51859,-3532,-1037,52774,19029,2922729,8398,1014,7460,125995,52205,545,944,222,3593,2565,124815,2745,6688,-1128,-1381,557,311,1357164,1980,17442,3355,25011.0,208464
5.983783245,3075,50049,-3513,-968,52913,18981,2915422,8085,324,7354,124114,51523,606,1020,202,3507,2163,124655,1737,5879,-1294,-1332,477,339,1357198,3273,17537,3250,23969.0,204304
5.984499931,3214,49487,-3284,-849,52045,17250,2921737,8065,483,8054,117059,51634,548,939,80,3553,2106,121923,1950,6347,-967,-1388,424,215,1355008,2793,17500,3560,23460.0,195075
5.985216618,3496,49654,-3767,-875,51895,16938,2953766,8281,405,7903,112130,50525,445,852,99,3614,2288,122225,2471,6326,-1363,-1739,481,205,1357271,2428,18687,3716,22253.0,190499
5.985933304,3005,49370,-3750,-1372,53043,17105,2971925,7507,33,7910,110897,50578,548,887,164,3433,2121,123520,2255,6338,-1009,-1182,530,246,1356939,2274,17611,4052,22999.0,187884
5.98664999,3206,50192,-3774,-565,53289,16690,3059175,7314,-163,9097,109204,49760,421,837,71,3522,2135,122495,2189,5716,-1534,-1390,402,270,1351556,2532,17627,2770,22891.0,186606
5.987366676,2862,48877,-4224,-1443,51893,15836,3019594,7678,419,9919,108492,50547,483,825,171,3621,2102,122021,2035,5935,-1381,-1517,422,356,1344011,2575,16792,3386,21712.0,183745
5.988083839,3169,48445,-3886,-1285,53618,15552,3007985,7360,56,9440,105810,51317,576,882,89,3544,2372,119953,1769,5927,-819,-1734,490,192,1343361,2214,17513,2895,20230.0,180336
5.988800526,3084,47120,-4043,-1211,52678,14940,2926180,7674,794,9596,98084,51873,682,1213,125,3641,2173,115508,1718,4950,-1843,-1226,1061,336,1337422,2203,17311,3181,20885.0,170902
5.989516735,3216,46455,-4084,-1282,51406,15409,2830084,6914,951,9064,100871,51372,519,952,49,3353,1759,114674,2134,5051,-1988,-1537,486,353,1332401,2540,16656,3429,19686.0,172865
5.990233898,3128,47044,-3260,-987,49779,15215,2793883,7249,615,8562,99900,52344,440,803,92,3531,1905,112880,1864,5712,-1354,-1198,496,295,1329920,2098,16169,3591,19861.0,172536
5.990950584,3058,46693,-3269,-1092,49617,14614,2769700,6990,727,8693,101250,52519,567,806,98,3407,2325,114477,2020,5563,-2588,-2167,401,519,1325569,1911,16440,3757,20181.0,172605
5.991667271,2847,47373,-3522,-1596,52442,15241,2806407,7450,525,8279,106194,52570,479,858,98,3669,2073,116484,1859,5857,-1495,-1326,466,229,1315729,2468,15775,3292,20533.0,179105
5.992383957,3133,48194,-3607,-988,52481,16608,2759155,7475,506,8205,109878,53629,470,812,93,3453,1915,116671,2227,5911,-1097,-1749,343,368,1301380,2139,16120,3245,21129.0,185288
5.993100643,3241,49679,-3470,-1018,51499,16455,2782501,7669,195,8081,111006,50207,567,832,201,3636,1625,116502,2092,5900,-1362,-1087,494,267,1306305,2152,15975,3121,20371.0,188050
5.993817806,2949,46608,-3301,-868,47217,14207,2601577,7568,595,6535,102889,53118,497,741,134,3189,2182,111679,1673,5481,-1771,-1896,445,250,1305463,2505,16745,3706,21911.0,174221
5.994534016,2881,49345,-3237,-789,50263,17298,2685911,7944,187,7036,108061,51514,638,938,134,3397,2267,114915,2138,5965,-1641,-813,455,275,1312226,1784,17154,2942,23608.0,185529
5.995251179,3212,50978,-3300,-1163,48849,16657,2609307,7996,708,6569,113803,52943,587,855,184,3704,2242,113827,2249,5429,-1134,-1347,275,185,1311252,2111,16865,3362,24603.0,192646
5.995967865,3408,52236,-3029,-806,49739,17310,2679507,8271,794,7841,112653,51522,612,996,152,3313,2344,113121,1664,5611,-909,-1176,381,184,1314099,2435,16845,3588,24136.0,193878
5.996684074,3386,51902,-3950,-1383,50521,18146,2663534,8600,728,7635,119319,51629,685,935,160,3383,2355,115742,2219,5439,-1096,-742,335,197,1315251,2184,16169,3501,24904.0,201353
5.997401237,3282,54481,-3990,-1149,48473,16752,2722641,9073,279,7894,123219,50884,456,915,121,3552,2594,117460,2426,6448,-1279,-1023,572,251,1331443,2338,15568,2858,26153.0,206807
5.998117924,3589,57984,-3219,-1146,49370,20932,2652507,9381,577,7217,130812,51394,665,1020,83,3542,2598,118268,2026,6090,-1921,-1576,639,332,1345945,3016,16590,3315,28413.0,222698
5.998835087,4141,62141,-3601,-937,49160,24304,2614111,9995,533,7127,147790,49310,610,1103,165,3319,2607,119492,2123,6494,-703,-1372,874,185,1345930,2261,16671,3293,28122.0,248371
5.999551296,3865,64797,-3214,-866,46255,27041,2463329,10702,855,6992,160889,48817,637,1250,110,3453,3147,116785,1986,6842,-608,-1378,785,259,1346950,2235,17369,3554,29300.0,267294
6.000267982,3880,62297,-3173,-981,43735,26252,2343333,10408,352,7302,156805,46069,656,1215,123,3188,3173,113566,2443,6722,-1163,-1389,883,198,1357517,2385,17011,3777,28598.0,259642
6.000985146,4096,67530,-2912,-693,50024,27859,2485663,11249,613,7522,163785,49345,635,1212,100,3403,3370,118615,2339,7236,-1153,-1639,763,228,1357075,2194,16814,3818,28762.0,274519
6.001701832,4062,65420,-3145,-699,50571,27849,2493227,10410,558,7523,154063,48981,746,1120,219,3791,3461,116597,1909,6650,-1397,-1584,747,305,1360414,2564,15922,3797,27277.0,261804
6.002418041,3797,65530,-3078,-1313,52030,27460,2474494,10937,626,7869,157801,49586,848,1145,135,3873,3198,116050,1987,6844,-1795,-1643,858,355,1358405,2133,16978,3324,26772.0,265525
6.003135204,4209,66328,-2858,-557,53853,27866,2411475,10797,486,7278,169401,48799,656,1414,181,3929,3522,117034,2697,6967,-1524,-1928,1311,319,1358401,2428,16322,3478,28067.0,278601
6.003851891,4369,65806,-3077,-830,54142,28904,2389685,10626,830,6138,160862,47069,649,1219,145,3679,3812,116250,2762,6701,-809,-1101,1034,141,1361629,2506,16146,3837,28860.0,270567
6.004568577,3619,66481,-3031,-760,53117,30314,2371748,10975,712,5722,163578,47819,607,1232,166,3912,3610,117277,2361,6233,-495,-1037,1084,167,1357857,2383,16584,3665,28128.0,274967
6.005285263,3694,63787,-3044,-1040,51820,26232,2444423,10600,738,5426,151301,49325,645,1126,198,3900,3490,117693,2058,6847,-977,-1661,682,247,1361209,2599,16516,3039,27346.0,255614
6.006001949,3257,58136,-3829,-1095,53076,21215,2555884,9022,117,5527,128407,50779,750,1092,69,3822,2807,120543,1975,6125,-2264,-1293,673,208,1356260,2575,17000,3266,30205.0,220037
6.006719112,4014,66307,-3122,-745,52377,27990,2417176,10268,759,4976,148406,48848,791,1423,129,3852,3092,118534,2420,6617,-912,-1325,588,218,1360545,2539,16466,3217,28466.0,256985
6.007435322,4348,70211,-3078,-986,51056,31176,2363259,10306,452,4583,150925,46691,868,1691,119,3804,3619,117068,1910,6775,-957,-1037,831,209,1359650,2111,16866,3574,29674.0,266966
6.008152485,3740,66557,-3083,-936,48137,30076,2319162,9300,570,5896,129458,44778,746,1133,134,3738,3494,115691,2531,6892,-2039,-1224,469,319,1363608,2340,16976,3704,28886.0,239131
6.008869171,3527,55777,-3322,-976,47447,20775,2555571,8016,1074,6923,112942,50934,514,891,158,3261,2829,118048,2139,5916,-1587,-1748,524,296,1362069,2229,15883,2933,27619.0,201037
6.009585381,2950,51974,-3277,-1248,48033,18774,2477567,8883,491,6509,119396,49641,601,884,177,3593,2962,119082,2735,6165,-1333,-720,319,211,1365159,2276,16145,3279,28437.0,201977
6.010302544,3591,56611,-3606,-1196,50022,21678,2531917,9217,415,5266,122324,49290,594,913,149,3505,2741,118067,2450,6665,-1272,-982,422,256,1368762,2382,16053,3512,29383.0,213421
6.01101923,3364,58244,-2616,-999,49520,23979,2452701,8957,357,5633,126162,47690,668,993,190,3658,2678,116384,2341,6556,-934,-1399,477,143,1369091,2378,16448,3148,28682.0,220706
6.011736393,2718,50954,-3990,-1241,52191,17410,2668020,8309,500,6478,117295,47301,597,885,138,3688,2425,119853,2418,5832,-1494,-1489,458,273,1363950,2663,16597,3508,26357.0,196686
6.012452602,2926,47987,-3816,-1275,51701,15215,2738917,7968,720,6962,111559,48679,497,826,86,3210,2341,120929,1966,6340,-1561,-1342,440,227,1355746,2476,17116,2961,24670.0,185655
6.013169289,2621,42595,-3865,-1513,46453,13931,2735366,7044,-2,7325,102598,48334,646,848,77,3332,2502,122378,2055,6133,-2285,-1760,436,231,1357546,1851,16605,4337,24525.0,168789
6.013886452,2247,40841,-3362,-1376,45304,13692,2394565,7529,770,6692,99034,47157,603,773,91,3392,1810,108552,1860,5450,-2040,-1657,424,239,1349710,2540,15935,3803,25120.0,163343
6.014602661,2115,35213,-3161,-1440,40848,10374,2232407,5986,663,6216,85779,47111,544,642,75,3365,2175,106886,1889,5554,-2354,-1640,360,288,1348394,2281,16304,2944,21580.0,139467
6.015319347,2225,39055,-3393,-1446,42393,12191,2484167,6436,1034,7292,89029,50911,580,756,162,3049,1948,107512,1601,5513,-1618,-1527,299,348,1349940,2175,16688,3165,21668.0,148936
6.01603651,2257,40388,-3675,-1065,46116,11747,2688628,6557,243,7366,94097,48231,611,853,150,3406,1743,117393,2545,5595,-1640,-1473,407,361,1352985,2356,15894,3308,21527.0,155046
6.016753197,2386,42506,-3810,-1447,46591,12501,2619431,6671,387,7040,95534,48980,518,761,94,3161,1962,116434,2282,5966,-2044,-1559,398,217,1348271,2388,16187,3143,21656.0,159598
6.017549992,2382,42476,-2853,-1299,45442,13615,2575812,6941,781,7225,93521,51089,568,747,102,2840,1902,110936,1806,5369,-2143,-1573,595,274,1342592,2462,16926,3085,20499.0,158935
6.018366337,2574,43967,-3846,-1376,44558,12686,2524426,7081,518,6842,96461,48446,548,795,113,3253,1954,112288,1480,5318,-1787,-1321,379,271,1340063,2246,16233,3061,22021.0,162769
6.019182205,2698,43855,-3578,-1565,47230,13534,2576756,7345,895,6833,99093,47332,484,749,111,3242,1880,116796,2243,6883,-1622,-1864,470,269,1334944,2608,16642,3400,24836.0,166525
6.01999855,2071,39685,-3534,-1247,44142,13270,2389170,7070,716,6753,103570,44639,531,779,159,3432,2595,122978,1898,5655,-1730,-1389,336,355,1334427,1981,17347,3084,22878.0,165666
6.020813942,2591,41420,-3631,-1248,42743,14160,2416894,6944,637,7230,105717,44219,559,776,55,3406,2599,121108,2172,5630,-1912,-1131,522,226,1325881,2238,16346,3028,22403.0,170832
6.02162981,2806,49497,-3494,-1682,45643,16871,2596165,8341,397,7619,122942,46942,628,1074,184,3639,2682,124915,2382,6512,-947,-1252,684,289,1324780,2708,16180,4108,22772.0,200457
6.022446156,3159,52801,-3862,-1399,49452,18424,2780148,9092,690,8394,129787,51262,684,1286,86,3531,2346,126121,2589,7180,-1419,-1232,998,323,1340392,2118,16271,3154,25104.0,213263
6.023261547,2874,51208,-3408,-1307,50313,17993,2784129,8728,690,8105,127362,51293,587,939,85,3500,2468,124904,2373,6439,-915,-721,701,139,1332460,2363,16706,3688,24396.0,208165
6.024077415,3132,51669,-3713,-1426,50384,17261,2768194,8551,474,8290,129424,46528,665,1042,108,3772,2526,124695,1968,6362,-1599,-1088,653,304,1325643,2304,17288,2925,24483.0,210037
6.024893761,2766,51687,-4420,-1839,51026,16840,2795581,8704,680,8448,130702,49685,705,1012,55,3583,2398,127239,1668,6335,-1710,-1589,736,262,1320035,2607,16507,4470,23739.0,210699
6.025709629,2937,50879,-4022,-1197,51258,17077,2775249,8479,481,8696,124700,49554,811,960,100,3581,1974,124605,2387,6843,-2290,-926,563,434,1325901,2800,17387,3850,25511.0,204072
6.026525021,2963,50357,-4019,-1603,52921,16615,2803138,8618,600,7020,117547,50947,844,977,103,3680,2297,127325,2124,6153,-1805,-1394,532,239,1326791,2252,17287,3900,26183.0,196100
6.027341366,2636,49832,-3775,-1809,54032,14793,2866260,8042,520,8592,110331,53141,724,873,66,3788,2369,128576,1299,6332,-1778,-1103,563,238,1326025,2256,17315,3229,26795.0,185634
6.028157234,2820,48564,-4120,-1586,51431,15090,2780275,7205,96,7633,106237,50580,587,826,40,3665,2509,128517,2759,6520,-2143,-2130,482,293,1337362,2609,17679,3126,27010.0,179916
6.028973103,3075,52009,-3377,-1186,45811,18455,2537855,7930,310,7187,107335,46974,631,886,52,3646,2509,132145,1601,5892,-2138,-1518,573,276,1346013,2407,17869,3424,26676.0,188804
6.029788971,4013,71976,-3006,-943,41957,28229,2333650,8825,852,7827,119345,43545,640,876,109,3524,3114,120064,1727,6993,-2491,-2494,536,364,1349941,1687,17488,4180,24777.0,232388
6.030605316,2425,44434,-4688,-1675,52360,13356,2932424,6961,461,7023,106528,50447,560,824,38,3561,2036,134267,1724,6118,-2279,-1488,560,245,1352346,2632,17473,2998,24904.0,173704
6.031421185,2983,46199,-4262,-1774,51771,12524,2805651,6956,92,5792,106005,50704,840,900,65,3454,1736,125935,1852,5887,-1942,-1757,555,221,1347195,2104,18101,3797,23770.0,174667
6.032236576,3158,49162,-4689,-1647,54827,13902,2947940,7613,156,6258,115321,50706,666,1072,102,3997,2427,132970,2149,6300,-2114,-1163,419,343,1350220,2008,17483,2693,25650.0,189156
6.033052921,3134,47613,-4561,-1657,52211,12630,3055752,6834,307,7242,102347,48787,722,1228,104,3565,2105,134933,2247,6575,-893,-803,386,136,1347974,2450,17476,3080,25294.0,172558
6.03386879,2453,41867,-4085,-1480,50000,11122,2966592,6739,473,7205,87958,51366,1829,1091,94,3439,2046,133303,1647,5540,-1270,-280,411,235,1346015,2672,16353,2770,24461.0,150139
6.034684181,2240,40281,-4543,-1565,49352,11062,2906621,6653,133,6639,82960,45159,841,1003,118,2908,1804,131604,1596,6632,-1615,-1186,372,209,1348762,2269,16889,3117,22866.0,143196
6.035500526,2520,43975,-4832,-1497,54713,12572,3083594,7176,817,8180,88688,50509,3189,1009,33,3231,1716,133694,1875,5384,-880,42,744,395,1346017,2087,16455,2877,23488.0,154931
6.036316395,2628,44880,-4770,-1738,54606,12018,3078842,6766,609,7800,92304,49604,660,950,109,3542,2315,133424,1830,5894,-2117,-1750,451,302,1352722,2776,17131,2528,23247.0,158596
6.03713274,2582,43534,-4301,-1824,55795,11525,3058288,6872,351,7563,92897,49800,579,926,175,3556,1855,133929,1860,6223,-1120,-1254,513,210,1350042,2757,16882,3751,21730.0,157410
6.037948132,2735,45516,-4401,-1544,56866,12634,3001239,7616,271,7898,104363,49492,660,889,107,3704,1976,133171,1475,5737,-2228,-1321,420,318,1348010,2372,17145,4057,21949.0,172864
6.038764,2674,45382,-4556,-1810,54984,11581,2972668,7493,317,7570,106183,50360,587,925,109,3674,2071,130021,1616,5992,-1690,-1824,309,326,1349467,2417,17530,3692,21162.0,173313
6.039580345,2223,37923,-4330,-1605,49448,10889,2562786,5785,1387,6590,75937,51320,412,707,122,3187,1829,111842,1455,5472,-1317,-1640,317,260,1339722,1950,17148,3035,19159.0,132757
6.040396214,2350,42580,-4610,-1907,49505,11619,2827695,6329,246,7222,88053,52597,460,815,90,3155,1561,124787,2038,5472,-2213,-1822,420,424,1347143,2241,17102,3089,21399.0,150931
6.041212082,2661,44296,-4662,-2059,48236,12522,2960203,7400,1005,7422,93328,53285,610,897,153,3501,1936,128210,2084,5990,-1700,-1649,323,198,1348347,2261,16643,3447,21205.0,160207
6.04202795,2106,35744,-3997,-1898,40926,9443,2509232,5565,248,6907,80432,44320,1023,1046,119,3204,1750,123135,1835,6096,-2126,-1382,497,236,1353685,2683,16531,3763,21995.0,133290
6.042843819,2729,44257,-4308,-2077,50539,12035,2933525,6913,249,8215,96621,50198,1309,1157,125,3498,1972,133874,2273,6152,-1733,-618,566,184,1356795,2982,16729,3388,23144.0,162555
6.043659687,2557,46029,-4619,-2130,52584,12151,2994494,7221,188,7846,95799,51710,772,877,44,4162,2200,133496,2255,6192,-2508,-1378,557,394,1363246,2042,17242,3290,21019.0,163757
6.044475555,2819,47370,-4299,-1977,54154,12907,2997207,6808,-49,7808,104046,51379,499,841,133,4103,2042,134438,2479,6516,-960,-1851,412,228,1363164,2217,16646,3456,22219.0,173950
6.045291901,2810,46009,-4605,-1919,57257,12633,2883474,7422,371,6567,109009,49613,547,880,136,3935,1855,134406,1888,6702,-999,-849,225,238,1366215,2788,17129,4585,23673.0,177883
6.046107769,2924,47132,-4667,-1793,55707,12192,2942224,7610,726,6717,108580,51666,610,980,134,4214,1919,134167,1542,6645,-1217,-1610,292,301,1362076,2664,17845,4178,22994.0,178438
6.046923161,2804,47590,-4158,-1805,53369,12916,2902011,7865,385,6887,111233,49618,573,933,211,4135,2377,131831,1840,6044,-1233,-994,458,229,1360589,2924,17793,3343,25538.0,182408
6.047739506,3059,48593,-4618,-1755,55169,14195,2960042,8157,-459,6343,113442,49409,517,903,158,3805,2638,133420,2543,6768,-1550,-1133,322,222,1359043,2412,17858,3870,28371.0,187446
6.048555374,2895,47276,-4456,-1552,56452,13555,2988928,8063,381,6461,109390,50940,414,822,140,4205,1611,134328,1491,6396,-749,-1292,306,225,1359519,2650,17833,4256,27091.0,181179
6.049370766,2679,47276,-4782,-1907,55829,13134,3048843,7332,-47,5656,104329,52753,511,880,131,3918,1955,139022,1679,6346,-1613,-1674,656,274,1358872,2756,16949,3966,25665.0,174750
6.050187111,3109,51058,-4964,-2209,54805,14034,2977959,8253,275,5276,117441,51694,547,887,71,3781,2622,135646,1693,6630,-1180,-1444,481,151,1356395,2943,17658,3558,26494.0,193895
6.051002979,2916,47475,-4478,-1772,52713,13954,2949073,8198,395,4407,101941,49379,599,957,134,3862,2456,134151,2110,6750,-804,-1154,484,198,1354014,2512,16956,3596,27178.0,174484
6.051819324,2681,44560,-4269,-1725,50537,13573,2776789,8269,467,4659,92758,48733,715,1095,76,4061,2317,135348,1903,5351,-1505,-1259,326,193,1347620,2143,16013,3711,27458.0,161841
6.052634716,2934,47256,-4193,-1910,49955,12403,2846054,7487,235,4525,91943,48896,877,1119,158,3799,1913,133188,1647,6197,-1833,-1402,678,387,1350618,2041,16857,2754,29303.0,162023
6.053450584,2604,43811,-4717,-1689,49545,11916,2761052,7811,572,4828,89339,49608,1156,1081,205,3705,1969,128194,2071,5979,-2592,-1639,793,367,1349843,2044,16853,2972,27502.0,155481
6.05426693,2712,46338,-4408,-1589,51594,12251,2879312,7327,311,5626,100745,52748,993,943,196,3743,2254,133054,1711,6540,-2290,-1434,709,326,1343705,2599,18200,3095,26364.0,169373
6.055082321,2446,44658,-3876,-1907,52140,12971,2858811,7821,230,5656,104051,50270,793,816,137,4028,2103,133690,1717,6311,-2301,-1578,618,279,1346038,2630,17415,3520,26775.0,171947
6.055898666,2813,45201,-4290,-1490,49342,12540,2846792,7666,262,5492,101582,53423,745,1069,131,3899,1645,134301,2484,6180,-1356,-1594,408,208,1332536,2283,17886,3051,26704.0,169802
6.056714535,2332,41205,-4171,-1780,46315,9792,2791010,6706,40,5135,90776,49279,721,1018,97,3767,2048,131766,1567,5951,-1866,-1538,683,267,1320026,2327,17898,3344,25489.0,150811
6.05753088,2842,44556,-4377,-1794,51151,11117,2997960,6208,470,6615,100461,53361,826,994,133,3846,2269,132618,1850,5844,-2215,-1613,412,342,1302553,3026,17218,3940,24253.0,165184
6.058346272,2505,44703,-4584,-1762,53583,11655,3025568,6801,-3,6331,100660,50025,851,913,104,3582,2143,134122,2137,6010,-2645,-1960,511,307,1300453,2124,16964,3424,24667.0,166324
6.05916214,2454,41375,-5041,-2189,48573,8887,2981965,6768,173,7306,90903,51010,637,750,64,3689,2496,130494,1801,5812,-2519,-1839,535,325,1302139,2526,17060,3489,23339.0,150387
6.059978485,2546,43732,-5297,-2211,52755,9320,3186262,6644,98,8567,89666,51686,662,833,92,3527,2076,129121,1741,5431,-2548,-1559,433,358,1306742,2362,16625,3618,21397.0,151908
6.060794353,2649,41507,-5624,-2252,50467,8661,3192907,6358,-162,8634,85588,53107,629,918,174,3486,1953,128597,1514,5805,-1052,-1345,477,179,1317428,2158,16925,3296,21215.0,144763
6.061609745,2543,41919,-4999,-1827,51090,9129,3159482,5845,-607,8722,84952,50323,726,868,80,3576,1807,130182,2042,5965,-2493,-1857,428,281,1332246,2233,18319,2918,20803.0,144388
6.06242609,2544,42551,-5216,-1843,53261,9098,3181314,6455,260,9090,85929,47400,637,816,73,3694,2226,130826,1817,5949,-2425,-1519,321,204,1352003,2200,18778,3557,21721.0,146577
6.063241959,2370,44572,-5424,-2099,51404,7832,3220730,5573,-374,9286,87363,49268,693,922,138,3463,1874,131299,1342,6010,-1801,-1026,394,194,1356011,2915,18732,3049,22678.0,147710
6.06405735,2512,41832,-5180,-2003,50986,8397,3104403,6228,-150,9025,83846,49285,727,818,79,3526,2063,129800,1800,6037,-2365,-1335,601,348,1370495,2804,18366,2966,26250.0,142815
6.064873695,1860,33407,-4495,-1769,44057,5413,2621564,5764,-99,8317,71127,42997,614,757,39,2963,1491,119177,1414,5645,-2350,-1066,382,321,1375132,2627,18071,3898,25015.0,117571
6.069768906,2737,41685,-3489,-947,49897,14179,2752951,6835,580,8087,85297,47116,1816,1121,149,3460,2176,122901,1577,5075,-1254,-475,503,251,1332662,2494,17490,3265,22466.0,150733
6.070585251,2724,46013,-3497,-828,53904,14790,2945029,7232,800,9167,86813,50897,909,1108,156,3961,2032,123945,1793,4829,-1691,-1029,368,274,1322217,2049,16859,3588,23261.0,157572
6.071401119,2956,48224,-3486,-1193,48291,15947,2884604,6986,835,8162,84884,50464,801,922,125,3485,2047,118940,1908,5209,-2223,-1723,486,276,1317897,2991,16415,3427,21519.0,158997
6.072217464,3133,47520,-3637,-559,49751,15454,2891416,7105,878,8464,87215,48794,599,846,135,3692,2072,118599,2089,5741,-1708,-1754,404,228,1306544,2741,16807,3579,23139.0,160427
6.073032856,3279,49944,-3007,-420,50919,16829,2879280,7940,1007,8636,90863,48982,535,813,98,3665,1980,116250,1656,5297,-1487,-1357,459,156,1302827,2341,16100,3195,22995.0,168855
6.073848724,3220,52004,-3969,-633,53969,18046,3096017,8354,855,8881,99851,51751,540,805,171,3512,1946,125844,2225,5850,-761,-1245,421,197,1306016,2584,17005,3595,22576.0,181475
6.07466507,3346,54226,-4021,-670,54530,18551,3195672,8034,296,9445,107263,50798,527,879,118,3716,2345,130809,2384,6420,-1390,-1601,365,320,1302882,3052,17385,4230,22741.0,191420
6.075480461,3376,55925,-3761,-1041,55514,19708,3222623,7996,390,9263,107932,50684,648,918,223,4178,3027,131919,1881,5756,-1249,-1449,578,410,1304157,2658,17090,3292,22058.0,194937
6.076296329,3764,59089,-3923,-1053,55709,21518,3202162,8740,472,9130,118906,51142,578,802,85,4008,2497,133077,1839,5802,-2353,-660,567,269,1305759,2334,16397,3531,24030.0,212017
6.077112675,3366,63069,-4285,-786,55302,24733,3117104,9250,258,8833,132616,51003,585,889,184,4321,2818,130391,2432,6526,-1726,-1216,418,208,1318425,2092,17182,3390,22333.0,233034
6.077928543,3623,59683,-3352,-728,52854,24226,2964244,8786,-161,8040,127788,48905,682,1005,226,4057,2756,125995,2416,6651,-1102,-1650,473,275,1323649,2226,16826,3053,24068.0,224106
6.078744411,3258,53722,-3201,-970,46986,22044,2587875,8353,285,7744,117819,50237,566,1000,74,3875,2377,120796,1988,6027,-1609,-1111,485,202,1316362,2626,16827,3390,23972.0,205196
6.07956028,3682,62659,-3229,-927,53613,27575,2867917,9342,414,8592,135905,49802,581,1055,128,4244,2952,126480,1927,7257,-1594,-1464,502,314,1331843,2936,16360,3835,24855.0,239163
6.080376625,3994,63769,-3753,-1099,55435,25982,3026695,9725,846,8753,129695,52077,658,1052,198,4050,2773,128348,2211,6691,-1523,-1157,424,304,1334078,2092,18129,3655,23191.0,233165
6.081192493,4376,65730,-3487,-1088,51716,27444,2862462,8850,164,8502,129815,48704,767,1081,207,3848,3053,125924,2338,6968,-1739,-1686,507,316,1345171,2402,16659,3614,24283.0,236215
6.082007885,3989,70626,-3061,-1045,50744,31459,2733595,9613,501,7881,133063,47777,674,1287,109,3738,4216,125130,2126,6495,-864,-1050,446,260,1341734,2700,16985,3950,24813.0,248750
6.08282423,4628,76202,-2791,-955,52377,35990,2701469,10488,509,8169,149535,51007,735,1272,82,4249,3715,123925,2277,7959,-1253,-776,568,157,1346344,2994,17124,2893,24167.0,276843
6.083640099,4600,75275,-2967,-850,52601,36046,2718972,9803,192,8845,148051,48189,811,1244,85,4145,4036,124454,2630,6958,-1318,-1504,680,214,1350273,2253,17605,3315,24639.0,273775
6.08445549,4407,77689,-3110,-872,52410,37013,2704554,10050,742,8469,145461,47940,668,1180,58,4193,3992,121861,2851,7539,-1630,-1826,777,284,1356079,2844,16894,2705,26598.0,274620
6.085271835,4528,78791,-3171,-872,49786,38167,2571568,9496,691,9043,137578,50970,755,1048,113,3922,4434,117294,2248,7394,-1782,-1803,785,219,1354915,1797,16843,3817,25341.0,268560
6.086087704,4353,74270,-3304,-585,49700,36572,2568435,9939,592,7491,135782,49900,802,1117,309,3835,4108,117436,1913,6613,-928,-1060,681,259,1358496,2712,16982,4144,26189.0,260916
6.086904049,4754,80821,-3057,-1075,50652,41123,2657191,10220,361,8255,144494,51106,811,1243,172,4309,4962,122233,2355,8221,-1174,-708,608,167,1367391,2898,17725,3383,28094.0,281412
6.08771944,5090,85985,-2950,-223,50738,43396,2612795,10305,630,8232,153928,49150,765,1309,146,4051,4772,121327,2563,7367,-1120,-1183,710,282,1368841,3536,15948,3519,28395.0,298704
6.088535309,4588,78326,-2912,-690,50482,37613,2570781,9824,945,8421,140174,49120,709,1328,255,3774,4072,118520,2669,7903,-566,-1041,686,183,1363323,3442,18606,3045,26701.0,270525
6.089351654,4646,78266,-3007,-691,49490,38358,2662945,9801,-324,7022,130946,50751,827,1204,146,3850,3811,123596,2098,6531,-1488,-1341,742,384,1365531,3351,17103,2793,28857.0,262017
6.090983391,2849,48930,-3144,-1014,48528,17254,2731621,7553,563,8113,101228,49267,639,866,192,3287,2074,117352,2013,5450,-1245,-1159,352,260,1367913,2692,17359,3583,25983.0,177814
6.091799259,3210,51964,-3747,-946,55506,17320,3148929,8490,602,9370,111859,53266,604,854,72,3693,2021,132039,1532,5730,-1406,-485,328,114,1375058,2320,16268,3647,25744.0,192843
6.092615128,3615,52505,-3586,-632,56048,17652,3193729,7787,259,9408,110451,52427,603,794,141,4001,2027,134737,2110,5829,-1676,-1458,527,288,1371795,3357,16805,4058,27455.0,192010
6.093430996,3535,52423,-3739,-721,57501,16729,3228845,7732,753,9356,108253,53575,494,744,147,3944,1971,134344,1900,5763,-1374,-941,449,173,1373851,2780,17108,3247,25714.0,188672
6.094246864,3332,53587,-4200,-805,57706,17614,3195550,8088,340,8775,110111,53809,646,853,131,4147,2632,135302,1622,6020,-1772,-1612,442,191,1377463,2556,16792,3177,27021.0,192732
6.09506321,3197,50455,-4029,-826,57337,16289,3219565,7639,541,9007,102087,55471,631,912,93,4293,2176,133138,1923,5737,-1688,-943,362,216,1367129,3015,16881,3258,24800.0,179667
6.095878601,3093,52956,-3826,-1372,55318,16473,3062093,7832,11,7814,104586,52288,517,830,76,4043,1780,129943,1332,5610,-1825,-1864,380,323,1367175,2482,16534,3630,26337.0,184940
6.096694469,3386,53693,-4052,-756,54945,19171,3117579,7344,-14,8693,105370,49689,671,980,185,3659,2481,129991,2483,6778,-782,-1192,405,140,1366205,2415,16603,3284,23901.0,188964
6.097510815,3026,44138,-4110,-1037,55747,13322,3178255,6248,-54,9354,84770,52757,652,913,187,3857,2246,130177,1629,5653,-1880,-1354,433,340,1362614,1855,17032,3488,22356.0,151504
6.098326683,3151,47085,-4353,-1453,55680,14101,3254904,7009,3,8460,89287,54124,873,1077,50,3840,2184,132048,1455,5361,-2309,-1121,392,262,1364287,2586,17109,3254,20353.0,160633
6.099142075,2979,52836,-4269,-909,57103,19303,3215640,7653,265,8273,101889,52319,795,1251,163,4095,2209,133625,2009,6655,-1214,-1400,370,250,1360354,2817,17456,3482,21323.0,184660
6.09995842,2810,46635,-4053,-912,56037,13467,3382364,6258,431,10029,87802,52944,578,895,57,3667,1942,133578,1439,6033,-2011,-1492,579,276,1361718,2417,16395,3610,20776.0,156972
6.100630283,2963,45843,-4011,-921,54855,13181,3377791,6609,235,9614,84645,52105,655,1002,207,3786,2194,132184,2058,6209,-1186,-1151,518,267,1362358,2593,17131,3741,20226.0,153241
6.101230621,2624,44550,-4375,-1103,53547,12231,3350084,6124,232,9806,80750,52619,592,940,91,3510,1818,129746,1585,5623,-1674,-1299,493,284,1357887,2377,15912,3006,17751.0,146279
6.101830959,2754,42347,-4212,-1277,54029,10980,3219402,5388,-287,9652,76194,50415,565,835,79,3576,2316,126127,1642,5227,-1753,-1331,474,245,1356350,2580,16912,3377,16801.0,137663
6.102431297,2558,40274,-3436,-840,47795,10440,2979406,5289,498,8902,67396,50327,453,718,115,3202,1484,116297,943,5117,-992,-1498,344,225,1346872,2286,16555,2930,15948.0,125957
6.103031635,2845,42419,-4226,-1020,50245,12782,3137065,5745,327,8894,71678,49778,480,798,109,3374,1758,118054,1162,4924,-1291,-1433,385,223,1354747,2145,15504,3744,15894.0,135469
6.103631496,2441,40446,-4179,-806,48169,11957,3082422,5452,431,8615,65991,50376,3086,970,51,3209,1585,115843,1024,5086,-237,268,651,144,1357326,2584,17085,3141,16496.0,126287
6.104232311,2480,41576,-3807,-983,48064,12059,2980062,5873,861,8762,65038,45366,1659,881,69,2839,1665,115002,1382,4676,-1931,-324,393,350,1346512,2708,15557,2591,16219.0,127026
6.104832649,2776,43865,-4324,-832,51884,13131,3185260,5760,292,9025,71524,49095,537,751,74,3654,2111,123101,1477,5352,-2094,-1166,508,277,1351988,2389,15977,3347,15485.0,137056
6.105432987,2564,45220,-4543,-1013,54702,14234,3261385,5941,424,10019,77073,48787,559,792,72,3549,1947,127417,1525,5668,-1822,-1728,408,247,1355661,2434,16532,3200,17013.0,145032
6.106032848,2245,43508,-4436,-1493,51085,13475,3116241,5785,491,8792,73776,50463,461,783,61,3471,1760,122033,1293,6017,-1788,-2090,408,242,1348672,2824,17367,3511,16598.0,138789
6.106633663,2819,44338,-4184,-1132,51437,14716,3100248,5682,456,8913,76086,47603,388,747,107,3641,2093,121976,1144,5438,-1490,-1340,511,242,1342657,2321,15900,3068,15895.0,143641
6.107234001,2986,48224,-4217,-909,54810,16131,3277104,6042,456,9353,82311,50564,690,747,59,3869,2154,128288,1733,5392,-2317,-1586,505,222,1340004,2172,15731,3561,16809.0,155694
6.107833862,2774,48158,-4312,-1132,54969,17160,3307924,6390,761,10448,83503,51537,411,714,91,3994,2027,129279,2007,5772,-1431,-1760,374,220,1340383,3637,16279,3954,18265.0,157985
6.1084342,3323,51734,-4104,-1062,54701,20145,3203054,6503,322,10027,85712,52242,504,827,162,3470,2443,126069,1843,6088,-1690,-1079,562,246,1331122,2808,16828,3188,18330.0,167417
6.109035015,2889,50293,-4319,-1111,54771,18740,3236712,7341,780,10291,83897,51064,646,864,129,3932,2274,127094,1593,5471,-1909,-1395,519,262,1328844,2834,15841,3638,20531.0,163160
6.109635353,2989,49743,-4314,-1006,53780,15963,3229043,6499,564,10355,80674,51954,570,824,74,3939,1953,126106,1753,5856,-1470,-1424,614,259,1321417,2626,17097,3482,20051.0,155868
6.110235214,3089,49711,-4502,-1121,51414,16787,3139106,6070,375,9855,79904,52199,488,821,107,3537,2127,121453,1303,5999,-603,-1045,607,215,1319375,2666,15869,3194,20734.0,155561
6.110835552,2742,44921,-4211,-987,46988,15014,2929288,5735,655,10002,71609,46146,542,745,114,3492,1936,117631,1979,5733,-1201,-1097,399,196,1313572,2099,16002,3824,19010.0,140021
6.111436367,3036,48996,-3889,-1154,49946,14696,3190252,5842,572,9868,78551,51316,692,753,43,3339,1733,123455,2049,5213,-1512,-1006,395,142,1325761,2559,16401,3022,20046.0,151121
6.112036228,2674,45399,-4216,-1465,54030,11785,3259548,6206,-60,11033,78441,51276,509,844,67,3524,1934,126055,1429,5341,-1709,-1176,637,410,1330503,2730,16295,2839,22759.0,144505
6.112636566,2931,45806,-4237,-1152,55251,13123,3259071,7043,78,10467,82394,49801,697,791,77,3943,1953,128277,1601,5860,-2210,-1697,475,180,1327820,2879,15848,2906,22400.0,151297
6.113236904,3110,47964,-4396,-1392,55168,12801,3276685,6516,-29,10493,85767,51643,459,832,170,3815,2219,127611,1566,6206,-1463,-1468,434,270,1331391,2870,15613,2490,22999.0,156158
6.113837719,2537,42124,-3912,-1262,51067,10490,2960856,6349,619,9981,80117,50053,429,715,112,3769,1844,120522,1701,4952,-1810,-1596,530,293,1340798,2614,16296,2964,22191.0,141617
6.11443758,2428,43931,-4388,-841,50921,12243,2996140,6538,720,9397,81400,44790,473,697,127,3710,1942,124976,1136,5437,-1522,-1641,507,268,1361956,2194,16702,3472,24389.0,146540
6.115037918,2837,47530,-3560,-895,47325,15092,2872419,6495,31,8941,76097,48299,534,724,77,3310,2390,117813,2417,5760,-1782,-1625,838,173,1356768,2049,15719,2719,22627.0,148051
6.115638256,2961,44666,-3673,-1165,49605,13087,2982046,6219,904,9582,82415,49483,519,713,71,3660,2022,121309,1528,5339,-1850,-906,524,219,1349248,2663,15545,3160,23691.0,149348
6.116239071,3066,47417,-3929,-947,52469,12948,3176935,6989,39,10165,90743,51716,489,775,87,4000,1903,129044,1808,5769,-1614,-1575,508,315,1358117,2194,16832,3546,23444.0,161163
6.116838932,3231,49037,-4321,-1279,53213,12522,3200873,7734,293,10165,92919,50298,558,826,103,3620,2363,129245,1599,5992,-2287,-1676,487,313,1363338,3198,16349,3462,24635.0,165443
6.11743927,2890,48321,-4491,-1397,53091,13351,3181609,7234,150,10324,95144,49366,488,757,167,3893,2076,128564,1848,5606,-1940,-2299,333,424,1360463,2388,16150,2951,25025.0,166940
6.118039608,3141,48767,-4072,-1374,53777,12854,3186046,6917,48,9104,91294,48695,528,869,119,3935,2078,129122,1458,5333,-1817,-1722,385,312,1364562,2522,16053,3284,23394.0,162973
6.118639946,2861,47388,-4088,-961,51293,12824,3092705,7095,251,9581,90538,50333,1122,986,99,3629,1682,127147,1884,5400,-2247,-1125,590,159,1361419,2539,16590,3746,23982.0,160706
6.119240284,2937,45148,-4047,-977,50856,11901,3026639,7356,179,9550,86160,47784,1879,1787,3,3601,1907,125050,1464,5153,-1267,-614,1327,198,1354745,3179,15949,3475,25967.0,153502
6.119840622,2951,48219,-4155,-913,51661,13799,3138509,6971,259,9916,94165,50099,1045,1483,63,3475,1893,127823,1419,5559,-1764,-1296,662,223,1363005,2891,16582,3573,24224.0,166105
6.12044096,3196,45739,-3803,-1077,47469,11003,2911561,6342,489,9250,86796,48960,1425,1617,-18,3410,1712,122621,1644,5281,-1670,-1017,847,198,1356279,2264,16847,3605,24722.0,153076
6.121041298,3068,47578,-4201,-1577,48760,12340,3068608,7033,235,9004,90381,51439,651,1120,139,3515,1408,127192,1788,5407,-1034,-1039,379,169,1369107,2541,17015,3884,25088.0,160400
6.121641636,3012,51510,-3894,-1157,49847,15373,3133020,7719,274,9108,104073,50995,558,795,63,3733,1948,129847,1771,5385,-2096,-1168,426,293,1361897,2812,15738,3869,23530.0,181687
6.122241974,3312,51882,-3479,-894,50917,16258,3053648,7914,373,9386,102779,49493,553,897,72,3508,2417,127261,1764,5727,-1414,-1243,393,230,1357398,2131,16806,3253,23493.0,182145
6.122841835,3704,54747,-3496,-1154,50719,17243,3023416,8131,419,8727,113488,50749,560,794,46,3511,2022,127273,1916,6588,-2064,-1652,404,246,1353931,2097,15412,3280,24083.0,197313
6.123442173,3228,51432,-3838,-1263,50542,15414,3069102,7791,6,9812,101543,50342,494,828,119,3779,1940,129537,2058,6170,-1208,-1577,435,192,1356655,2539,16613,4279,23909.0,179408
6.124042988,3308,53102,-3506,-983,49834,16570,3011962,7557,546,9490,105875,47482,633,878,134,3678,2255,126651,1941,5744,-2364,-2281,526,473,1353318,2348,16150,2718,23768.0,186412
6.124643326,2675,46429,-3389,-837,47884,14032,2944934,7299,-137,9251,97145,49253,470,772,110,3471,2289,125769,2085,6036,-1340,-1471,289,125,1360901,2804,15495,3358,23686.0,167580
6.125243187,3455,48252,-3803,-1311,48605,13633,3018501,7397,59,9015,94079,52983,696,790,86,3467,2227,123577,1945,5639,-1924,-953,486,239,1360952,2330,15864,3221,24076.0,166816
6.125843525,3385,52585,-4289,-816,50094,16938,3079135,8851,324,9519,106154,52358,668,759,103,3590,2356,130108,1533,5343,-2574,-1668,385,343,1359599,3424,15521,3595,25342.0,187913
6.12644434,3685,58150,-3614,-1031,52290,19854,2986512,9459,518,8795,121629,50009,671,955,118,3657,1882,126793,2233,5820,-1931,-1557,498,265,1350994,2469,15792,3413,25624.0,212777
6.127044201,3089,51787,-3751,-991,48890,17497,2856164,8240,574,8165,110424,48202,575,937,189,3894,1875,123895,2266,6326,-1050,-1628,391,180,1353919,2523,16473,4075,22642.0,191037
6.127644539,3508,53868,-3365,-692,46910,18600,2687319,8981,845,8379,119653,49545,609,959,138,3445,2562,119300,2050,5957,-1008,-1262,358,257,1345234,2804,15754,3359,25561.0,204610
6.128244877,3629,57557,-3160,-817,47483,20680,2482359,9191,891,6594,133804,49661,791,1057,144,3882,2372,112047,2301,5962,-1582,-943,574,268,1347943,2151,15605,3367,26717.0,224861
6.128845692,3831,62544,-3216,-1016,52227,22050,2790441,10618,415,6674,144569,50119,853,1154,113,3677,2644,127251,2065,6402,-1658,-1063,456,179,1358955,1870,16751,3706,27023.0,243612
6.129445553,3351,54016,-2956,-546,51049,22693,2552639,9640,582,5427,133694,48198,822,1500,73,3724,3141,122941,2026,6178,-838,-798,595,203,1355895,1930,16424,3195,27704.0,223394
6.130045891,2913,51013,-3419,-984,48731,17872,2648650,8813,873,6617,111381,49027,1911,1439,45,3615,2284,120142,1676,6337,-1741,-348,943,265,1352322,2365,16074,4286,26288.0,191992
6.130646229,2859,51205,-3576,-1142,48428,18328,2685914,8753,426,6407,113631,49205,1018,1002,96,3230,2130,120279,2347,5545,-2110,-1283,537,209,1340919,2929,15572,3351,25901.0,194776
6.131247044,3501,52248,-3016,-1252,47346,17996,2602895,8534,1117,5750,110029,49227,520,989,64,3512,2008,115948,1331,5906,-1321,-1011,380,307,1340497,2589,15939,3232,25321.0,192308
6.131846905,3930,58829,-3595,-1135,49324,20731,2642150,9452,531,4131,127975,48692,570,1064,111,3713,2251,120888,1896,5667,-211,-892,330,197,1345581,1908,16346,3753,26708.0,220917
6.132447243,3947,60750,-3470,-765,51711,20702,2789966,9912,369,3937,131152,48837,531,1064,168,4056,2444,128316,2013,6237,-742,-1602,440,207,1343218,2204,16256,3203,28674.0,226463
6.133047581,3905,62319,-3502,-1277,51037,21853,2717813,10422,496,3890,139517,51815,563,1055,175,3954,2810,126550,2049,6932,-419,-1008,270,315,1337936,2375,16218,3424,29184.0,238016
6.133647919,3946,57820,-3550,-1246,51926,17937,2810782,8950,971,3883,123520,50491,682,1040,95,3839,2724,128524,1762,6040,-1433,-1230,506,474,1334555,3015,16151,3671,28014.0,212173
6.134248257,3527,55493,-3541,-1062,54516,18348,2852211,9116,664,4871,120233,50553,631,1097,183,4243,2533,130020,1837,5786,-1221,-1147,304,412,1328301,2683,16543,4002,27166.0,206717
6.134848595,3615,55783,-3782,-1363,54750,17560,2828049,9235,576,4171,118234,50332,967,982,20,4082,2385,128269,1503,5895,-2558,-1218,706,303,1318538,2666,16871,3301,27318.0,204427
6.135448933,3472,53677,-3734,-1690,52732,16995,2784382,8483,759,4849,112372,51422,600,900,126,4277,2426,125511,1357,6325,-1974,-1900,807,417,1321187,2880,16030,2681,25989.0,194999
6.136049271,3238,50239,-3976,-1391,53256,15453,2972816,7699,133,5503,103148,53514,444,879,148,3684,2650,130004,2278,6088,-778,-1486,374,319,1309842,2335,16421,2708,24286.0,179777
6.136649609,3002,47941,-4344,-1652,52902,13748,3049817,7503,489,6547,92148,54843,477,825,94,3797,1925,130061,1612,6302,-1384,-1658,316,225,1316662,3170,16048,3888,23557.0,164342
6.137249947,2912,46328,-4197,-1507,53875,12523,3130097,7055,305,7916,89043,51929,465,956,153,3630,1795,130999,2420,5986,-936,-1225,354,328,1311515,2632,16931,3216,22034.0,157861
6.137849808,2987,48526,-4202,-1332,52636,13858,3111120,7334,491,7282,96475,53322,632,1198,89,3918,1809,131590,1657,5784,-1066,-586,390,297,1316337,2685,16547,2713,25083.0,169180
6.138450623,2954,47423,-4323,-1201,52671,13248,3076921,7552,304,6778,93823,49522,556,947,46,3775,2181,129118,2064,5626,-1648,-1401,491,277,1333186,2894,16172,3779,23761.0,165000
6.139050961,2483,44277,-3833,-1047,48496,12336,2750925,6409,-132,5921,89950,50453,534,776,153,3348,2036,117513,1153,4957,-967,-1261,422,205,1322986,2470,15778,3944,21677.0,155455
6.139651299,2620,43558,-3849,-1265,49904,11398,2890773,6196,890,7059,80821,53463,638,1047,24,3252,1417,118027,2098,5343,-1672,-1074,479,193,1327900,2412,14330,3281,21841.0,144593
6.14025116,3016,45482,-3914,-1201,52518,11868,3047982,7166,192,7852,84090,52271,637,1152,85,3639,2132,126291,2013,5829,-1522,-1407,402,268,1336640,2214,15755,3456,22000.0,151622
6.140851974,2834,44223,-4538,-1019,55115,11838,3182391,6607,425,8481,81945,50334,968,993,59,3785,1772,128215,1659,5263,-2442,-1111,526,296,1341615,2561,17007,3295,19925.0,147447
6.141452312,2789,45262,-4496,-1259,53183,10936,3165442,6195,127,8628,80401,51090,1067,764,117,3649,1757,126437,1317,4625,-1967,-754,742,256,1345658,2480,15775,3151,20124.0,145583
6.142052174,2809,46497,-4567,-1551,55222,12377,3119059,6897,34,7969,88495,51093,498,859,116,3897,2328,129097,1739,5881,-1547,-1214,277,234,1349773,2653,16364,3449,21515.0,157075
6.142652512,2939,43113,-4095,-1343,51394,11634,2875096,6547,335,8262,79905,52772,389,733,125,3328,1536,117144,1208,4866,-994,-1755,233,213,1343133,2799,16103,2959,20245.0,144138
6.143253326,2809,43492,-4131,-1096,51886,11079,2960454,6595,264,8348,78766,50519,420,799,172,3612,1821,119697,1554,5693,-443,-861,347,247,1348987,2187,16322,3056,21092.0,142741
6.143853664,3026,45532,-3899,-1301,52853,11570,3022645,6809,251,8445,84214,50577,460,769,192,3544,2040,126782,1881,5601,-1897,-1742,376,361,1349021,2191,16381,3473,22603.0,151151
6.144453526,3017,43968,-4122,-1233,50683,11127,2883253,6015,663,8373,78860,50856,529,762,121,3429,2077,118281,1510,4972,-1570,-1425,457,371,1344553,2199,15371,3554,20722.0,142987
6.145053864,2989,43967,-4213,-1365,47831,10839,2948021,6055,98,8209,80746,48620,470,873,104,3232,1525,121996,2117,5526,-1099,-1513,496,192,1348986,2479,16566,2243,21477.0,144596
6.145654678,3186,46868,-4459,-1404,53319,11199,3125030,6811,527,8821,85450,48059,503,838,42,3684,1899,127197,1760,5295,-2121,-1367,309,306,1355639,2980,16552,3207,22627.0,153514
6.146255016,3275,46901,-4155,-1648,51106,10919,3084708,7185,126,8850,85603,49806,529,790,184,3392,2025,125737,1917,6186,-1589,-1136,365,198,1349623,2476,15743,2602,21644.0,153883
6.146854877,2830,45874,-4390,-1331,47024,10427,2972706,6529,533,8329,84113,47124,462,844,137,3170,1927,123660,1813,5302,-1079,-958,270,206,1349327,2332,16075,2896,22007.0,149773
6.147455215,3431,46995,-4442,-1594,49974,11375,3064750,6648,485,8669,85830,50401,490,733,79,3456,2061,123961,1579,5483,-2095,-1408,540,277,1353723,1826,15684,2914,22179.0,154279
6.148055553,3129,46837,-4251,-1310,48990,12852,2957777,7036,740,8059,88175,50042,551,778,79,3386,2047,120352,1341,5578,-2365,-1647,470,328,1348238,1966,16712,3073,22575.0,158029
6.148655891,2818,47142,-4500,-1599,49192,13039,3058907,6990,779,8399,92105,50612,575,766,125,3508,1852,125584,1459,6437,-1544,-2005,313,296,1353997,2318,16155,3414,22032.0,162094
6.149256229,3155,49862,-3858,-1463,52116,13370,2997493,7185,420,8103,95850,49112,465,838,167,3580,2200,124727,1456,5796,-1279,-2485,414,353,1350044,2081,17776,2687,21390.0,169422
6.149856567,3273,47794,-4146,-1535,49051,13385,2841406,6845,390,7675,92350,50106,490,765,88,3211,1301,116757,1621,5370,-1508,-1689,359,251,1348386,2305,15785,3081,20778.0,163647
6.150456905,3482,51131,-3910,-1411,51284,14801,3084013,7636,-15,8564,98538,50067,542,887,115,3738,2277,125774,1518,5667,-1527,-1609,327,277,1355162,2598,16476,3205,21085.0,175588
6.151057243,3383,52456,-4353,-1401,51725,14997,3081575,8007,396,8547,103150,50296,448,893,259,3674,1897,127883,1795,5658,-752,-1382,470,192,1356311,2601,17356,3209,22467.0,181993
6.151657581,2855,46776,-3583,-1264,48579,12700,2780868,7080,595,7159,89487,48803,458,754,77,3311,1822,116484,1929,5094,-2156,-1623,334,342,1346662,1969,16602,2716,21960.0,158898
6.152257919,3187,50381,-3967,-1432,48495,14037,2990706,7267,571,7793,100485,50954,479,768,81,3876,2123,126033,1803,5499,-2220,-1955,359,327,1348332,2114,17062,3347,22349.0,175357
6.15285778,3511,55831,-4320,-1242,52358,15352,3130893,8169,60,7389,112480,50864,476,874,153,3842,2071,131393,1627,6095,-1694,-1747,425,285,1351466,2071,15804,3846,23262.0,195343
6.153458595,3455,55331,-4310,-1641,51339,15909,3147392,7878,424,7258,113151,51419,532,852,118,3648,2319,132546,1517,5871,-2001,-1415,413,304,1353412,2782,15951,3662,23945.0,195724
6.154058933,3468,56015,-4414,-1401,52190,16193,3119477,8589,28,6469,114880,50240,481,848,100,3623,2033,132483,1649,6535,-2187,-1767,424,363,1355794,2706,16073,3575,24690.0,199145
6.154659271,3306,52824,-4085,-1438,49084,15621,2934429,8376,207,6094,115771,46852,495,1105,144,3764,2018,129809,2377,6606,-1150,-1233,481,305,1353375,2655,16600,3104,26044.0,195898
6.155259132,3480,55226,-3783,-1344,47352,16899,2829750,8540,382,6415,116185,50097,577,1084,155,3558,2413,124766,1515,5864,-953,-1369,417,333,1345099,2664,16394,3161,24829.0,200330
6.155859947,3921,56777,-3438,-1311,50300,18429,2932226,7997,275,6455,126568,50132,481,960,123,3727,2385,128420,1665,6178,-1613,-1687,443,329,1347368,2206,16565,3515,25878.0,213692
6.156460285,3591,59282,-3920,-1042,52030,18279,3052118,8474,409,6891,133538,52830,497,1115,183,3608,2373,130838,2093,6538,-551,-800,471,262,1348087,2661,16317,2735,26032.0,223164
6.157060146,3711,57246,-4352,-1206,54574,18922,3062803,8615,209,8348,127740,50414,504,1017,124,3804,2543,130454,1778,6726,-533,-1590,463,240,1342492,2444,16948,3836,26211.0,216234
6.157660484,3562,55775,-4482,-1826,54954,16912,3059030,8170,883,7304,125109,50222,538,1096,170,3713,2067,131212,1606,6161,-1385,-1237,531,351,1342035,2822,16682,3942,25222.0,209528
6.158261299,3088,52638,-4546,-1873,53799,15646,3075892,8383,183,7610,115384,50351,542,965,192,3505,2280,129107,1984,5923,-1781,-1870,477,226,1333633,2528,16048,3543,25478.0,195139
6.158861637,3196,49886,-4348,-1613,53850,14638,3056046,7273,387,8176,106273,50024,487,855,113,3614,2671,126967,1870,5818,-1817,-1372,430,307,1330771,1784,16728,2372,23223.0,181266
6.159461498,3306,50329,-4373,-1552,54459,14075,3129321,7080,454,8178,104949,51860,399,783,86,3692,2080,126211,1635,6422,-1478,-1927,357,428,1323168,2895,16183,3665,22793.0,179739
6.160061836,2758,47619,-4730,-1851,52588,12782,3148063,7142,-34,8697,100052,51596,540,800,107,3619,1911,126095,1624,5602,-1997,-1825,586,211,1334045,2361,16008,3523,22661.0,170353
6.160662651,3025,47715,-4967,-1793,52648,11952,3189176,6862,-177,9039,98079,50615,494,711,63,3713,1981,125982,2216,5740,-1934,-2105,413,262,1343864,2190,18027,3135,21773.0,167633
6.161262989,2909,45526,-4372,-1586,55005,11590,3192858,6170,253,9940,95834,49771,494,805,100,3749,2022,125611,1483,5696,-1021,-1232,341,319,1328611,2501,16239,4262,22173.0,162029
6.16186285,2827,43258,-4684,-1534,50518,10635,3123905,6183,715,9599,85724,52040,431,726,134,3285,1820,118562,1658,5017,-1402,-1703,456,311,1340760,2075,16830,3342,19949.0,148627
6.162463188,2618,43818,-4983,-1803,52056,10653,3113717,6197,151,8763,84385,51048,708,1167,96,3662,1452,118054,1343,4947,-1174,-1159,626,169,1354497,2226,17210,2428,20115.0,147671
6.163064003,2940,46792,-4630,-1878,52777,11586,3240502,6729,166,10412,93722,51334,976,1516,77,3263,1978,123583,1723,5407,-1605,-1663,843,328,1359536,2510,17367,3421,22746.0,161769
6.163663864,2343,43711,-5158,-1912,50005,10768,3220007,6369,-440,9326,86920,50217,691,1340,127,3329,1409,120608,1472,5298,-553,-782,521,142,1360938,2882,16974,2849,20858.0,150111
6.164264202,2551,41552,-3907,-1119,48422,10602,3115072,5977,337,9087,79433,50225,500,736,157,3474,1761,118324,1856,5618,-1516,-1074,453,354,1375779,2575,17023,3789,20106.0,140115
6.16486454,2313,40859,-4835,-1725,47615,10259,3126046,5489,814,9695,83324,50064,458,720,195,3290,1923,121547,1668,6038,-1566,-756,346,256,1385972,2654,17333,3621,20947.0,142244
6.167265892,2829,47425,-4856,-74,71120,17053,3735884,7809,447,9833,99914,52674,688,1137,120,3803,2710,147350,1537,6632,-2089,-1563,543,201,1870482,2681,20301,3986,21098.0,175030
6.16786623,2840,46369,-4251,-204,67828,15335,3573328,7768,673,9848,89108,50209,620,1000,109,4138,1926,144543,1900,6370,-2780,-2314,534,314,1860848,2262,18474,2656,20905.0,161420
6.168466568,2559,45239,-3843,13,58192,16846,3258219,7222,1179,8733,93422,50211,477,823,91,3680,1599,128914,2298,5656,-2133,-2573,298,261,1850487,2371,17949,3392,18128.0,165288
6.169066906,2852,46609,-3609,279,56536,16376,3229075,6784,1208,8848,92148,51096,464,887,128,3386,1962,124072,1213,6202,-1361,-2191,503,296,1849439,2897,19126,2886,17352.0,164769
6.169667244,2757,48429,-3650,319,58147,17183,3287829,7573,742,8482,100841,50802,597,924,202,3676,2304,130606,1661,5776,-1805,-2007,707,242,1845139,2730,19077,3094,19504.0,176783
6.170267582,2896,48228,-3753,203,56737,17150,3384318,7256,1207,10374,96555,50743,761,832,59,3803,2007,128253,1594,5178,-2788,-993,542,363,1841632,2360,19584,2740,17969.0,172085
6.17086792,2940,49060,-3811,-156,57029,17904,3397030,7884,867,9795,100872,48792,706,823,179,3849,1596,129256,1850,5146,-2154,-1924,400,217,1845989,2244,17807,2348,16831.0,178660
6.171468258,3148,54373,-3466,-21,55671,20781,3367171,8179,836,10164,115675,51846,637,1198,74,3840,2299,128703,1465,5692,-2087,-2165,572,459,1843626,2532,18728,2893,18039.0,202156
6.172068119,3325,54296,-3500,290,58887,21254,3286543,9196,614,9656,119960,49928,947,1844,151,3985,2541,130194,2318,5939,-1156,-903,730,195,1845397,2711,18699,2797,18218.0,208031
6.172668934,3071,49225,-3095,-6,52492,19372,2821930,8370,1359,9002,116557,47378,720,1202,178,3628,2328,121962,1949,5926,-1337,-2056,550,275,1844580,2641,17643,3090,17697.0,196595
6.173269272,3296,57845,-3208,116,56561,22005,3239244,9143,1571,9580,126354,52441,674,1151,155,3686,2249,129574,1949,6212,-1878,-2112,382,313,1858358,2402,19902,3017,20035.0,218643
6.17386961,4044,62194,-3228,29,59622,22795,3374734,9974,526,10346,137857,52604,683,1021,96,3971,2630,133467,2346,6574,-2406,-2216,368,274,1869508,2469,19983,3094,23498.0,236864
6.174469471,3714,62829,-3143,132,59977,23674,3438372,10356,756,10568,143502,52611,829,1029,211,4147,2554,135991,1347,6798,-1789,-1787,419,240,1868270,2207,19103,2486,21752.0,244075
6.175069809,3812,63184,-3708,-59,61544,22489,3480480,10217,479,10364,145636,51853,785,1142,172,4417,2767,135807,1518,6153,-2214,-2253,638,323,1863897,2660,19295,3018,23808.0,245338
6.175670624,3796,59659,-3654,110,64591,21976,3407264,9939,722,9828,142832,52636,612,1043,119,4336,3017,136809,2044,6373,-2295,-2383,638,313,1865271,2224,19338,3064,23122.0,238202
6.176270962,3512,58858,-3892,273,63478,21350,3517454,9767,553,10104,135193,53412,647,963,249,4381,2408,142619,1677,7059,-2290,-3037,427,468,1869406,2307,19482,2661,23311.0,228680
6.176870823,3554,59831,-3985,311,60637,21874,3447309,10667,709,10170,138067,51465,646,1084,99,4448,2649,138807,2292,6830,-2130,-2709,494,207,1866456,2332,19694,3297,23424.0,233993
6.177471161,3360,53057,-3682,-154,59999,19413,3213752,8927,1256,8601,120505,51050,548,983,196,3872,2389,130966,2283,6723,-1781,-2306,560,442,1864738,2509,18808,3063,22696.0,205262
6.178071976,3051,52630,-4114,-109,61372,19673,3152801,9025,636,8414,116193,50375,589,982,133,4475,2502,130947,1663,5755,-2837,-2838,585,448,1864821,1920,19116,2904,23332.0,200572
6.178671837,3069,51987,-3954,-274,61396,18293,3286476,9253,573,10175,114123,50030,543,977,148,4093,2933,129806,1819,5390,-1590,-1088,445,344,1867358,2339,18044,2603,24648.0,196725
6.179272175,3205,54936,-4117,99,64411,19681,3424976,9135,790,10059,119298,50241,581,994,110,4222,2247,138125,1665,5882,-1235,-1396,432,165,1870380,2541,18459,2713,24017.0,206255
6.179872513,3237,53206,-3856,-137,63623,17171,3418622,8781,1096,11527,111543,51236,517,885,165,4397,2241,132669,1755,6341,-2295,-2938,482,341,1866767,2278,19068,2684,25692.0,193938
6.180473328,3281,54006,-4596,-351,65374,18517,3468056,8949,207,11798,114937,49908,717,1209,188,4167,2444,134974,2436,6043,-2015,-1905,521,377,1878833,2475,19052,2579,25788.0,199690
6.181073189,3575,57220,-3921,-125,63698,18452,3558479,9812,449,12253,118887,52361,1632,1417,51,4541,2227,135744,2135,5383,-3046,-1377,781,329,1873116,2633,19063,3626,27517.0,207946
6.181673527,3517,55292,-3845,-34,62756,18476,3492682,8906,39,12102,115276,51432,1462,1441,64,4149,2555,135872,2006,5732,-2505,-1286,683,180,1875066,2594,18754,3116,25948.0,201467
6.182273865,3350,53305,-3514,87,65458,18052,3400421,9044,1118,11011,112966,49461,816,1212,193,4123,2309,132390,1662,5909,-1752,-1660,413,228,1873949,2490,19281,3614,26529.0,196717
6.182874203,3330,50035,-3716,-36,62825,16343,3331467,8960,700,10898,106685,49256,1296,1055,159,4059,2487,129490,2108,6009,-2997,-1449,669,241,1868800,2262,18902,3489,24661.0,185353
6.183474541,3098,50653,-3633,116,62242,17267,3342302,8380,770,11351,107811,50403,569,937,150,4018,2293,128631,1558,5062,-2322,-2273,457,399,1865962,3332,18449,3520,23391.0,187209
6.184074879,2839,48547,-3600,277,61947,16835,3297766,7881,477,11328,102312,48247,509,791,86,3696,2060,124004,1652,5280,-3083,-2339,682,362,1866639,2743,18194,2631,21395.0,178414
6.184675217,2839,46525,-3354,235,60690,15318,3173033,8009,947,11364,97458,48288,556,772,111,3798,2227,120235,1682,5234,-2540,-2431,504,243,1857983,2068,18543,2193,21449.0,170149
6.185275555,2531,41679,-3577,540,54907,15283,3082231,6673,1329,10841,91840,49980,538,806,95,3906,1960,117590,1683,4911,-2923,-2299,469,306,1849549,2228,17552,2098,18874.0,158006
6.185875893,2491,44275,-3754,182,57803,15823,3223562,7165,916,11107,92425,47401,440,847,184,3508,2079,122694,1931,5796,-1653,-2567,455,335,1861787,2252,17476,2260,20139.0,162179
6.186476231,3075,48359,-4405,-470,60583,16250,3495365,7815,676,11885,97423,51229,601,921,108,3526,1598,128302,1545,5380,-2787,-2521,519,260,1863446,2095,18715,2877,21908.0,172922
6.187076092,2944,50415,-3945,241,61072,17200,3571034,8350,932,12487,102073,49789,768,1324,201,3687,2322,129657,1761,5942,-969,-1819,426,397,1866849,2245,17504,3052,21350.0,180982
6.187676907,3155,53979,-4291,-291,62663,18472,3639763,9371,493,12989,113839,52552,1048,1929,162,4075,2265,136929,2363,6795,-591,-1014,555,239,1869697,2358,19173,3613,22484.0,198816
6.188277245,3259,54501,-3924,-2,65890,19936,3696175,8940,-370,12764,112740,51297,1416,1647,95,4181,2327,138760,2043,6071,-2537,-1486,833,318,1875390,2634,18907,2846,23639.0,199376
6.188877583,2076,36832,-3041,-59,45316,11772,2578368,7623,136,9684,85954,44004,548,921,17,3338,1850,109391,1671,5067,-2175,-1939,375,399,1832089,2219,17173,2402,17506.0,144257
6.189477444,2274,36877,-2730,-59,39707,11590,2424390,7086,952,8603,83048,45051,852,1075,151,2885,2061,98186,1264,3809,-2188,-1729,378,344,1825279,1989,16784,2521,15206.0,140875
6.190078259,4015,58396,-3852,109,57975,21042,3509218,9128,1267,12004,117750,51936,1356,1163,83,3690,2103,128182,2133,5936,-3181,-1944,635,360,1862311,2695,18581,2520,19525.0,210331
6.190678596,3482,59165,-4066,356,61145,22928,3395118,9823,939,11029,126910,48220,627,1065,222,3558,2629,128075,1805,5576,-1622,-1689,380,237,1859317,2125,18576,2617,20314.0,222308
6.191278934,3640,57270,-3422,171,58805,21564,3368427,9838,1099,11010,119279,49477,557,1039,186,3814,2206,125611,1524,6403,-1219,-1627,542,331,1853798,2075,17108,1975,20583.0,211591
6.191878796,3505,59783,-3469,-136,59426,24655,3217995,9718,1057,10766,136631,48598,675,995,99,3834,2317,125312,2218,5315,-2014,-1734,695,199,1857735,2437,18166,3030,20738.0,234292
6.19247961,3480,60255,-2987,194,58392,23517,3134874,10518,905,9687,138764,49599,579,1093,94,3714,2454,125184,2380,6661,-909,-1922,474,270,1852335,2166,18583,2293,21629.0,236534
6.193079948,4043,62235,-2818,257,56832,24971,3034397,11297,886,8177,144171,49294,533,1030,300,4140,2553,125351,2133,6238,-801,-2286,464,264,1852690,1687,18317,2699,23024.0,246717
6.19367981,3539,61471,-3274,54,58520,23407,3036031,10314,1087,8198,143811,47595,492,1134,202,4031,2489,127219,2119,6210,-912,-1713,692,249,1853656,1715,18153,3443,23107.0,242542
6.194280148,3725,63607,-3471,193,58411,25227,3085047,10797,1251,7965,145784,49914,612,1193,112,3911,2604,130517,2265,6782,-1872,-2416,575,421,1858754,2137,18050,3058,21852.0,249140
6.194880962,4083,67808,-2989,39,60142,27390,2973226,12653,1325,6774,167603,47115,615,1374,100,4548,2472,130808,2194,6684,-1151,-1678,594,280,1856620,2036,18287,2696,24390.0,279537
6.1954813,4190,66216,-3080,306,62280,26022,2983248,12218,1406,7376,166235,48153,585,1365,132,4085,2835,131806,2292,5848,-944,-2215,515,386,1867333,2184,19107,2710,26290.0,274881
6.196081161,4129,65844,-3013,-2,61184,23995,3158828,10449,48,7000,156673,49379,629,1301,155,4113,3154,136796,2687,6904,-1825,-2095,676,311,1864885,1971,19470,2946,28230.0,261090
6.196681499,4422,70246,-3298,-68,60477,28223,3125434,12297,576,6368,174123,50914,647,1359,271,4488,3093,139483,2616,7021,-1481,-2414,804,351,1868951,2169,19223,3571,27381.0,289311
6.197282314,4469,69111,-3649,-320,59768,26394,3253758,12579,747,6615,168761,51537,624,1245,91,4231,3224,140742,2152,6818,-1715,-2135,594,300,1865597,1725,18959,3196,26925.0,281314
6.197882175,4106,67002,-3343,-114,60836,24527,3284376,11908,1381,6802,154343,51145,464,1156,80,4432,3122,142701,2070,6700,-879,-2078,627,228,1859901,1971,18925,3542,28189.0,261886
6.198482513,3668,65369,-3717,256,61959,24813,3315439,12200,787,6613,156876,53890,637,1343,113,4424,2991,142266,2006,7320,-2008,-2445,729,540,1858263,2372,18535,3095,29357.0,262926
6.199082851,3954,62565,-3316,-296,63543,23176,3325564,10824,436,7353,143733,50808,902,1425,69,4546,3081,142657,2499,7060,-2296,-1709,734,251,1850131,2302,19364,3386,29067.0,244252
6.199884415,3683,59797,-4030,41,63986,20357,3362935,10927,1074,9265,127029,51433,888,1419,121,4554,2817,141275,1647,6394,-1861,-2208,586,338,1854856,2073,18294,3152,28226.0,221793
6.199884415,3120,52032,-2652,-187,59507,23690,2507493,11253,880,5767,152129,50787,579,1152,124,4098,2844,122168,2299,6651,-743,-774,540,176,1352008,2903,18418,2897,30358.0,242224
6.200484753,2243,41231,-2107,-239,49633,16405,2026154,9455,413,4651,123629,47849,559,1104,110,3584,2424,104233,1740,5378,-525,-759,578,295,1313496,2257,17107,3112,24909.0,192963
6.201085567,2640,42745,-1809,-318,54129,18689,2179175,9521,383,4890,129789,48142,634,1297,111,3907,2743,114563,1937,6060,-162,-845,351,439,1309094,2284,17508,3139,27127.0,203384
6.201685429,2869,48640,-2989,-159,60830,20961,2543048,10283,304,5627,140055,51032,607,1232,143,4217,2518,123095,1898,6942,-712,-1656,485,418,1325000,2871,17968,3488,30385.0,222808
6.202285767,2988,49090,-3297,-2,64115,21166,2553203,10183,-22,5449,151096,52229,752,1266,163,4247,2403,124480,2579,6857,-746,-682,500,225,1314767,2694,17439,3583,29184.0,234523
6.202886105,2674,48867,-3166,-190,63792,21239,2596935,9817,362,4995,125669,51680,601,1178,152,4070,2763,124295,2303,6513,223,-1249,408,244,1315734,3390,16632,3350,29734.0,208266
6.203486443,3066,49496,-2853,-288,61672,18967,2699235,9703,444,6692,127803,52027,646,1122,146,3903,2182,124456,2030,6077,-1467,-1285,261,266,1308951,2673,17165,2970,30650.0,209035
6.204086781,2482,43641,-3086,-587,59446,16541,2662723,8346,501,7032,103869,51160,591,1070,56,3830,2254,120680,2173,6157,-1200,-1013,418,227,1300071,2834,17864,3790,26106.0,174879
6.204687119,2404,40819,-3105,-230,60854,14567,2859784,7616,357,8916,96927,50039,1422,1005,117,3847,1936,122963,1469,5389,-1987,-786,677,243,1300628,2078,16694,3589,26429.0,162333
6.205287457,2218,42482,-2902,-605,61640,14748,2789361,7994,313,8710,94347,52684,534,925,115,3467,2135,122460,2425,5345,-966,-1265,384,318,1309789,2292,16045,3273,26805.0,161789
6.205887794,2469,42861,-2694,-75,58436,16152,2643361,7975,485,7517,102126,53725,475,776,58,3801,2232,118354,1918,6340,-1785,-1811,579,347,1308006,2879,16704,2897,28417.0,171583
6.206488132,1947,37888,-3109,-725,58697,13297,2675149,7170,781,8968,81677,49643,555,868,135,3559,2541,115373,1715,5031,-1379,-1437,510,234,1312160,2734,16033,3377,27499.0,141979
6.20708847,2133,39767,-3317,-531,59182,13475,2747728,7672,187,8037,88517,50413,457,808,195,3697,1916,119463,1748,5242,-1288,-1192,454,276,1323492,2313,16549,3153,28354.0,151564
6.207688332,2203,37755,-3515,-352,60130,12465,2897131,7269,331,9990,87013,52322,470,758,197,3468,1750,121369,1603,6135,-1088,-1454,309,303,1328900,2998,16224,3469,25542.0,146705
6.208289146,1888,33744,-3347,-276,61309,11560,2978702,5994,577,10783,78677,48872,433,757,194,3491,1998,123864,1217,5762,-1134,-1172,424,244,1334889,2401,15613,3266,21267.0,131863
6.208889484,1746,33099,-4227,-595,61877,10047,3054138,6626,742,10844,69339,50062,419,747,167,3591,1581,121794,1352,4881,-1395,-898,374,178,1330665,2700,15546,2692,20903.0,120857
6.209489822,1879,34088,-4357,-716,62710,10226,3109633,6387,590,11365,70223,50597,441,670,137,3569,1469,122249,1866,5511,-1821,-1390,313,285,1336161,2448,16570,3322,19324.0,122803
6.210089684,1766,32113,-4641,-734,60848,9714,3249013,5816,437,10970,61801,49880,440,764,125,3202,1552,123410,1722,5264,-1169,-1317,206,267,1331982,2001,16416,3459,17968.0,111210
6.210690498,1746,31613,-4437,-766,61851,9024,3222908,5421,433,11087,62074,50969,401,701,129,3141,1404,122255,1870,5442,-1104,-757,338,233,1340562,2483,15870,2808,17181.0,109878
6.211290836,1863,31443,-4604,-653,61979,9301,3199070,5677,532,11748,60707,49534,598,853,133,3304,1366,123782,2115,5527,-1092,-1267,311,201,1332818,2863,17188,3433,17749.0,108991
6.211890697,1435,29554,-5217,-1267,62745,8240,3241974,5269,498,11311,53388,48019,514,1271,139,3218,1507,121003,1867,5568,-562,-714,477,239,1345054,2293,16218,3021,15786.0,97886
6.212491035,1697,30722,-4898,-852,59966,8546,3256246,5214,598,11622,56347,48666,464,1236,137,3170,1360,120800,1192,5356,-588,-1467,489,455,1348376,2225,16337,2548,16329.0,102526
6.21309185,1677,29741,-4511,-955,57675,8206,3127308,5057,526,11385,59189,49514,464,1001,97,3194,1518,125635,1808,5705,-893,-913,242,268,1347959,2894,15076,3520,17333.0,103870
6.213692188,1522,29298,-4508,-644,57758,7497,3128284,4643,218,10289,54829,48494,921,1050,82,3146,1597,119144,1436,5338,-2086,-507,566,273,1349315,2471,15454,3223,16324.0,97789
6.214292049,1836,30461,-3505,-799,53870,8683,2960831,6190,-44,10967,62785,46984,420,723,99,3293,1876,123602,1386,5056,-1526,-1256,439,272,1353495,2680,16139,3048,17305.0,109955
6.214892387,1870,32934,-4599,-976,62056,9631,3223018,5885,465,11980,64854,52165,424,778,95,3586,1235,125552,1600,5527,-1077,-1045,285,265,1357623,2763,17397,3352,17918.0,115174
6.215493202,1861,34099,-4329,-658,59573,10678,3137043,5707,218,11193,68787,50396,403,741,98,3441,1128,124096,1684,6452,-1202,-1494,357,297,1359796,2026,16136,2553,18014.0,121132
6.21609354,1924,34413,-3997,-568,58742,10325,3111710,6138,602,10063,65310,51110,385,760,118,3136,1494,125433,1635,5918,-1264,-1368,518,225,1361674,2372,15725,3283,16556.0,118110
6.216693401,1703,35234,-4037,-797,58176,10771,3062773,6125,524,9526,71391,51847,332,715,209,3469,1413,126200,1494,5754,-554,-945,346,247,1363885,2074,17111,3666,18559.0,125224
6.217293739,2203,38727,-3846,-679,57807,12059,3065530,6474,1097,10395,78449,51448,392,721,93,3455,1837,127441,1407,5399,-1475,-1221,404,361,1362933,2046,17073,3416,18924.0,137912
6.217894077,2507,41736,-3604,-668,57389,13454,2989726,7098,544,9800,86936,52322,453,836,108,3701,1791,123861,1251,5559,-1605,-1535,443,308,1365832,2381,16892,3364,19783.0,151731
6.218494415,2407,41060,-3463,-694,55688,14053,2910398,7419,261,10004,90620,50663,423,798,98,3534,1658,120523,1797,5889,-1344,-1427,372,155,1368501,2045,16769,3645,19717.0,155559
6.219094753,2488,42100,-3543,-803,57607,13434,2925478,7298,551,9607,90961,52056,573,1210,125,3346,1918,121667,1249,5424,-765,-1014,383,237,1362150,2171,16723,3038,20027.0,156281
6.219695091,2622,42721,-3277,-727,57911,13600,2924528,7246,1019,9482,92605,52838,465,1465,160,3663,1772,124402,1644,5640,446,-730,367,236,1364882,2284,17016,3549,19785.0,158794
6.220295429,2427,41582,-3333,-812,56260,13610,2892931,6224,450,9527,93248,54899,547,1046,99,3470,2129,122257,1924,5274,-912,-1025,349,264,1363439,2223,16960,4476,20854.0,157091
6.220895767,2496,41431,-3561,-648,60450,13558,2888079,7440,592,9369,91228,52893,481,834,91,3797,1735,125328,1718,5294,-1390,-1633,321,258,1363599,2611,16078,2960,20419.0,156153
6.221496105,2268,37878,-3386,-716,57722,13417,2670413,6262,737,8690,86263,50326,425,795,74,3582,2034,118853,1622,5685,-1782,-1186,530,297,1357627,1901,16344,3058,21371.0,146088
6.222096443,2260,36345,-3250,-503,58064,12081,2672808,6306,567,9926,79157,50747,474,793,63,3510,2011,117370,1650,5571,-1152,-1806,300,294,1357727,2443,17851,2967,21589.0,136149
6.222696304,2452,40069,-3077,-442,61073,13815,2813177,7115,369,10789,86942,49102,453,768,64,3786,1799,121501,1454,5482,-1375,-2017,276,207,1358665,1970,17029,3758,21704.0,150393
6.223297119,2584,40162,-3080,-14,60501,13003,2784849,7072,667,9747,83207,49192,481,846,141,3663,2148,119146,1544,4957,-850,-1242,526,281,1362317,2189,16475,3887,22578.0,146028
6.223897457,2312,38518,-2653,-538,56358,12434,2557832,5830,1065,9494,82087,50265,405,740,47,3469,1579,111264,1545,4675,-1319,-1238,362,268,1351312,2082,16599,2730,22274.0,141181
6.224497795,2683,41954,-3181,-617,54070,13592,2644223,6987,717,8226,86852,50148,536,851,128,3478,1989,113837,1430,5185,-1642,-1638,388,293,1352521,1749,16077,3203,22092.0,152068
6.225097656,2496,41245,-3464,-283,55505,12577,2700639,7249,618,7500,83971,47621,580,873,146,3651,1963,114051,1518,5217,-1452,-1103,536,171,1353020,2623,15830,2053,21988.0,147538
6.225698471,2826,42034,-3686,-563,58118,14108,2893575,7333,627,10080,84581,48570,581,946,211,3982,1784,120790,1673,5279,-991,-1009,526,271,1357322,3024,16623,3833,23268.0,150882
6.226298809,2523,40713,-3741,-632,57675,13513,2959669,6876,629,9566,76575,50488,1706,1122,61,3738,1764,127201,1646,5341,-1526,-283,419,204,1351608,2884,16719,2889,22891.0,140200
6.22689867,2835,43719,-3061,-425,58339,14953,2899559,7828,905,10117,87582,51267,1014,1445,35,3914,2024,123661,1889,5495,-1603,-1130,580,259,1354269,2944,16117,3704,23913.0,156917
6.227499008,2446,44629,-3531,-503,59112,15449,2913744,7768,215,10404,91021,51988,1222,1308,19,3744,1946,122649,1154,5441,-2195,-735,831,287,1357260,2670,16054,3280,24803.0,161313
6.228099823,2734,43091,-3333,-317,58899,14394,2881937,7802,343,10790,88902,52062,590,983,80,3678,2246,121294,1364,4736,-1900,-2015,438,211,1351078,2706,16914,2818,24374.0,156923
6.228700161,2451,40749,-3170,-445,59222,14291,2834172,7920,99,10829,91226,51420,488,902,156,4027,1924,121019,1945,5695,-876,-1093,245,144,1350619,2830,15607,3282,24576.0,156637
6.229300022,2308,41564,-3334,-515,61563,14264,2826264,7743,563,10698,91439,52369,531,784,49,3967,1824,120404,1690,6089,-2592,-1962,475,358,1349689,2740,17107,2836,23314.0,157318
6.22990036,2496,42213,-3474,-340,62864,14604,2844823,7908,615,10746,89699,48664,475,763,35,3865,2118,121306,1488,5945,-2080,-2354,280,271,1344485,2584,16282,3347,24123.0,156920
6.230501175,2233,41538,-3776,-602,63020,15171,2907498,7852,339,9956,87122,49940,519,838,105,4187,2096,124039,1373,5377,-1832,-1576,236,224,1342819,2254,16653,2881,23694.0,153916
6.231101513,2625,44351,-3550,-903,59634,15762,2890027,8346,239,10258,88536,52299,525,837,142,3847,2409,122066,1259,6006,-1671,-2077,294,338,1326617,2316,16115,2956,23235.0,159620
6.231701374,2553,45724,-3034,-760,59947,18230,2831232,7966,1151,10165,93270,52182,544,792,99,4034,2511,121411,1702,5381,-2142,-2521,342,408,1318435,2126,17357,2896,24367.0,167743
6.232301712,2547,42780,-3166,-474,60849,16148,2895994,8274,264,11161,89985,52252,614,757,110,3842,2041,121698,1500,5569,-1539,-1055,423,177,1309509,2175,17320,2873,23600.0,159734
6.232902527,2413,41831,-3539,-522,60011,16600,2906444,7315,727,9995,89350,52332,748,872,136,3480,2023,120892,1244,5358,-1844,-1123,477,177,1306041,1890,16480,3715,22222.0,157509
6.233502388,2471,41216,-3479,-504,55859,15938,2866443,7969,622,9279,93096,50822,468,848,139,3732,1950,121230,1572,5767,-1727,-1515,258,405,1303432,2199,16403,2964,24025.0,160690
6.234102726,2106,40481,-3265,-561,53460,14331,2789640,7322,922,8616,89305,48856,425,884,79,3403,1862,118594,1445,5897,-796,-1283,365,216,1299693,2810,16775,3565,22186.0,153545
6.234703064,2333,39234,-3082,-820,52034,14155,2710410,7439,1020,8799,86770,49309,559,796,102,3550,1891,114306,1410,5417,-1837,-1526,456,206,1297796,2148,16559,3225,22101.0,149931
6.235303879,2316,41661,-3113,-550,53238,15316,2809962,7438,618,8900,92802,51119,495,756,78,3407,2375,119142,1454,5361,-2214,-2219,460,281,1301389,2140,16584,2409,21612.0,159533
6.23590374,2237,40154,-2942,-555,51891,15646,2739772,8060,1195,8604,92964,50484,489,842,185,3557,1693,119901,1839,5900,-810,-1465,461,261,1303116,2386,16376,3137,22940.0,159061
6.236504078,2188,42757,-3266,-856,55824,16471,2874519,7617,151,8398,98522,50233,571,937,164,3468,2106,122390,1843,5023,-1732,-1643,339,220,1307507,2552,16172,3490,22671.0,167555
6.237104416,2796,43819,-3409,-467,57588,15899,2947970,8208,769,9258,101037,51073,438,927,52,3645,2788,124544,1626,5664,-1252,-1329,486,330,1309101,2994,16721,3444,23749.0,171759
6.237704754,2657,43622,-3295,-842,58966,16054,2934200,8620,466,8921,100584,52040,540,944,82,3623,1999,123361,1879,6649,-921,-1420,338,220,1328318,2343,16939,3305,25771.0,171537
6.238305092,2664,43723,-3216,-921,56913,17152,2832091,8428,461,8725,100844,53369,555,853,133,3738,2166,118995,1901,5864,-1450,-915,550,190,1329576,2051,14551,2730,25401.0,172811
6.23890543,2355,43920,-2968,-465,58537,16600,2811267,8585,422,8162,103606,51627,492,777,97,3525,2459,121773,2126,5547,-1840,-1349,437,290,1335480,2198,16899,3209,25052.0,175066
6.239505768,2626,41905,-3171,-762,56850,15924,2695799,7988,561,8582,96367,52259,517,793,138,3685,1955,118393,2369,6336,-1351,-1775,429,329,1342164,2572,16631,3135,26246.0,164810
6.240106106,2551,46387,-3463,-760,55494,17945,2715345,8711,773,7247,111446,49949,598,989,201,3348,1819,119115,1639,6133,-924,-1414,389,172,1349112,2746,16216,3511,26650.0,187040
6.240706444,2926,47311,-3059,-570,56153,18482,2723559,9005,49,7218,117612,50861,571,908,116,3463,2625,120338,1480,6073,-1375,-1087,484,241,1355730,2837,16338,3004,28914.0,195336
6.241306782,2635,45570,-3205,-660,51977,17612,2535533,9092,494,6835,119582,47829,503,1055,62,3645,2363,117783,2292,6690,-559,-1041,510,107,1363873,3036,17089,3032,29736.0,194491
6.241906643,2677,46968,-3303,-752,59889,18636,2702874,9184,251,8453,126094,51079,610,1092,76,3498,2536,121472,1736,6879,-1458,-1805,581,297,1364578,2526,16180,3831,29622.0,203559
6.242507458,2339,43320,-3384,-761,58218,16508,2730049,9167,333,7892,115514,50735,513,968,63,4010,2331,122224,2061,6603,-844,-1429,381,187,1373122,2268,16799,3458,32563.0,186848
6.243107796,2934,47303,-2635,-496,55484,18772,2572135,10012,374,7154,122275,49747,517,1393,82,3574,2691,116491,2338,6113,-245,-473,551,300,1373748,2812,15814,3629,31534.0,201296
6.243708134,2774,47425,-3249,-852,55223,18518,2638124,9308,198,6628,110697,52040,901,1581,119,3820,2089,120407,2128,6704,-758,-1110,691,405,1375166,2450,17948,3108,34516.0,188722
6.244307995,3095,48695,-2946,-735,54158,19058,2607289,9795,208,5724,126621,50943,569,1119,151,3635,2748,121391,1871,6367,-757,-883,447,255,1373986,2966,16778,3711,33912.0,207264
6.244908333,3416,50731,-3436,-749,55002,18535,2757058,9204,295,6459,123846,53383,512,893,158,3971,2722,122690,1700,5973,-1172,-1249,546,192,1373792,2803,17296,4476,29216.0,205732
6.245509148,2566,44579,-3550,-832,53124,14158,2791900,7803,678,7666,102069,53880,485,777,152,3605,2657,120605,1921,6494,-1409,-1706,280,204,1366004,2459,15838,2978,30149.0,171175
6.246109486,3043,45345,-3324,-574,52503,15316,2729414,8146,432,7755,101017,52914,414,727,66,3289,2259,116128,1899,6276,-1425,-1539,329,197,1364892,2176,16286,3736,29342.0,172867
6.246709347,2685,43892,-3543,-419,53925,14213,2884613,7714,368,8614,94212,53138,758,1441,166,3481,2165,119955,1948,5418,-632,-1049,397,291,1368757,2942,16930,3364,29127.0,162716
6.247309685,2849,42942,-3530,-855,53672,14586,2923807,7828,742,7926,87334,50514,1600,2458,70,3953,1586,120021,1793,5962,-833,-116,752,261,1368930,3010,16899,3604,27715.0,155539
6.2479105,2665,42612,-3721,-426,54812,14133,2946341,7722,263,8468,89804,52045,668,2006,117,3704,1712,119113,1582,5604,92,-44,417,253,1369177,2272,17599,4086,27978.0,156936
6.248510361,2831,45655,-3550,-582,54170,15345,2925456,7911,346,8689,100778,52088,510,1098,71,3922,1972,120722,1631,5612,-426,-1163,365,224,1370788,2170,16338,3454,27931.0,172520
6.249110699,2890,48814,-2985,-899,54877,18229,2809121,8658,162,7086,117035,49828,578,909,180,3966,2295,122070,2414,6321,-1470,-1223,334,238,1376599,2732,15320,4179,30265.0,195626
6.249711037,2587,41178,-3928,-762,53437,12925,2930254,7011,-19,9111,90414,50155,547,790,82,3422,1635,118897,2043,5478,-1943,-809,367,231,1373695,2961,16483,3351,29184.0,154115
6.250311852,2648,45028,-3298,-1062,53391,15100,2810569,7844,-85,7545,104729,50968,532,814,96,3569,1777,122239,1858,6410,-1270,-1234,433,304,1379346,2711,16806,3805,31013.0,175349
6.250911713,2505,39752,-4131,-1298,52313,12444,3006255,6479,-231,10017,85594,52654,490,692,106,3599,1935,119070,1989,5950,-2056,-1725,306,347,1371710,2761,16745,3775,25612.0,146774
6.251512051,2462,38948,-4173,-850,53036,11355,3069000,5919,186,10029,79628,52509,538,793,189,3421,1595,116615,1808,5576,-901,-893,434,302,1363313,2461,17529,3495,24362.0,138312
6.252112389,2011,37328,-4343,-1496,53005,11118,3035808,6174,-239,10607,73924,52683,391,663,63,3264,1653,114168,2141,5642,-1613,-1400,266,218,1360329,2295,16016,2956,22993.0,130555
6.252712727,2323,37276,-3770,-1133,53929,10187,3018661,5831,228,10246,72887,53208,418,671,124,3132,2320,113961,1555,5257,-1266,-766,445,225,1357640,2346,16449,3126,22913.0,128504
6.253313065,1952,36179,-4359,-1194,55217,9619,3058450,5476,166,10518,69854,50234,380,593,114,3713,1815,116676,1848,4979,-1752,-1209,397,232,1352976,2730,16924,3467,22082.0,123080
6.253913403,1813,35494,-4094,-898,56408,9057,2940938,5081,285,10548,66683,51921,370,631,104,3372,1792,109034,1456,5196,-1431,-1312,453,182,1342716,2443,16519,3556,21221.0,118128
6.254513741,2096,36662,-4242,-959,56360,10095,2913686,5366,389,10559,68350,50184,351,770,133,3389,1568,109765,1442,4615,-1023,-1349,393,333,1337908,2324,16605,3003,21533.0,122569
6.255114079,2223,37737,-4280,-1043,55883,10419,3052760,5547,354,10779,72791,51025,424,631,97,3449,1717,117820,1269,5310,-1299,-878,494,241,1334948,1908,16555,3100,22752.0,128717
6.255714417,2028,36141,-4527,-944,56373,9840,3083566,5447,159,11103,71526,51357,396,666,53,3459,1434,114803,1298,5345,-1968,-1526,382,269,1315228,1810,16027,2909,20705.0,124982
6.256314754,2079,35851,-4232,-1041,55107,9426,3088037,5983,375,10969,68095,49966,516,726,61,3796,1214,117670,1299,4883,-1917,-1579,418,238,1324306,2577,16409,3833,20578.0,121434
6.256914616,2025,35438,-4428,-1370,55453,10399,3061362,5190,782,10822,67967,50052,511,689,152,3439,1636,112797,1951,5125,-1538,-769,499,211,1322943,2209,16194,3943,19129.0,121019
6.25751543,2086,34242,-4033,-527,54733,9742,2960082,5006,332,10323,65833,49525,464,710,145,3664,1680,112688,1595,5364,-1653,-1321,428,211,1322558,2974,15714,3404,19422.0,116909
6.258115768,1962,33250,-4279,-1131,52767,10416,2879798,5292,589,9875,62679,49977,480,643,79,3248,1584,107015,1589,5278,-2355,-1408,408,281,1322325,2368,16009,4075,18608.0,113599
6.258716106,1918,35030,-4062,-1286,52194,11182,2842048,5029,466,9365,64338,50684,510,672,99,3000,1897,108453,1378,5025,-1724,-974,459,195,1323913,2393,16096,3189,17650.0,117497
6.259315968,1755,33099,-3952,-1166,54380,9695,2871968,4452,-65,9527,61064,49365,493,673,96,3496,1591,110052,1626,4878,-1489,-1227,570,289,1328905,2350,16628,2815,18279.0,110065
6.259916782,1768,35040,-4514,-1415,53415,10049,2969708,4790,444,9912,62732,50287,381,595,92,3289,1630,111861,1145,5181,-1447,-1525,355,257,1339037,3142,16625,3470,19185.0,114379
6.26051712,1701,31505,-3494,-1024,47189,9254,2580407,4416,765,8503,57731,47210,395,655,117,3136,1800,102041,1772,5019,-1268,-1732,336,248,1338879,2459,17306,3532,17903.0,104607
6.261117458,1780,33455,-3828,-1466,50578,11266,2616682,4525,1439,9336,60613,48942,372,669,131,3207,1550,100117,827,4225,-1473,-1636,346,242,1340759,2368,15910,2924,16916.0,111639
6.261717319,1804,35170,-4019,-893,54417,11482,2878947,5509,663,9879,66847,49686,384,609,71,3111,1749,108844,1679,5584,-1792,-2120,419,286,1349286,2536,16351,3274,17468.0,120812
6.262318134,1880,33840,-4393,-1298,52808,10166,2935144,4628,712,9578,62154,50758,374,581,111,3302,2014,110474,1615,5858,-1540,-1709,585,478,1351651,2602,15205,4426,18265.0,112668
6.262918472,1952,35145,-4447,-1246,54199,10882,2942533,5458,137,10596,65409,49947,429,554,46,3556,1657,111338,1400,5191,-1998,-1710,341,210,1353084,2680,16786,3361,17993.0,118846
6.263518333,2139,36946,-4041,-1012,52455,13347,2891830,5557,94,10203,67798,50557,444,655,88,3259,1728,111290,1455,5381,-1430,-886,437,430,1357258,2214,16231,2629,18808.0,125787
6.264118671,2324,42719,-3625,-830,52376,17240,2831593,5036,-121,10365,75232,49154,411,624,104,3085,2363,109620,1488,5515,-1413,-1114,422,269,1361474,2641,16330,3463,17912.0,142551
6.264719486,2114,40417,-3582,-991,50619,16395,2695827,5506,-8,9418,72990,47563,459,763,86,3214,2432,107854,1630,5700,-1170,-883,386,241,1364990,2701,16089,3634,19027.0,137422
6.265319824,1990,40652,-3637,-1255,51225,16596,2683261,5217,-86,9339,71758,46810,397,688,84,3006,2275,107921,1690,5619,-1333,-1144,445,230,1368115,2917,17777,3586,19192.0,136213
6.265919685,2382,42160,-3297,-643,49955,18392,2630564,6235,-42,9387,74918,47439,560,725,146,3451,2575,108335,1468,5466,-1834,-1480,677,393,1369708,2301,17118,3996,20175.0,144087
6.266520023,2626,48955,-3223,-885,48027,23105,2525674,6839,573,10193,88066,48303,548,921,141,3382,3002,102502,1161,5705,-864,-1277,513,233,1371600,2175,15675,3988,19839.0,169591
6.267120838,2452,45016,-3667,-1204,51055,18666,2658174,7381,272,10247,87929,49267,573,784,64,3242,2372,104152,1535,5723,-1713,-1431,536,242,1380174,2426,17039,3621,21678.0,161444
6.267720699,2958,47767,-3233,-652,53651,20869,2763658,6861,133,11133,89836,50238,545,722,109,3581,2383,110428,1840,5968,-1716,-1851,432,323,1373046,3050,17461,3869,22264.0,168291
6.268321037,2960,55631,-2936,-825,52180,29347,2588263,6978,-197,10385,92751,49018,576,919,221,3517,3189,104441,1767,6053,-936,-1315,417,354,1376187,2496,18154,3987,22946.0,187667
6.268921375,2962,47789,-3815,-947,53169,18116,2821148,7058,-243,10080,90334,50387,664,1424,134,3640,2463,111104,1746,6010,200,-586,388,185,1378330,2793,17614,2619,22760.0,166259
6.269521713,2382,48689,-3492,-975,53931,20662,2758143,7192,-138,10007,87010,48710,1086,2081,150,3758,3628,113111,2168,6164,-792,-538,727,241,1369543,2429,17353,3653,22171.0,165935
6.270122051,2282,44230,-3485,-1072,51204,16852,2661116,7011,435,9606,81366,50227,815,1671,110,3355,2535,110087,1524,5716,-786,-1109,525,289,1364873,2474,17604,3303,22077.0,151741
6.270722389,2637,42955,-3969,-1006,54677,14699,2857293,7223,676,10541,88308,51137,728,1030,78,3866,2292,113448,1411,5965,-1016,-1187,343,334,1367084,2380,18298,3619,23756.0,155822
6.271322727,2830,47677,-3577,-1000,54974,17970,2870957,6819,208,11542,93336,52243,665,766,124,3772,1867,116316,2036,5351,-2254,-1607,542,264,1364310,2542,17557,2796,23159.0,168632
6.271922588,2557,42310,-3372,-967,54635,12733,2778789,7089,164,10482,85671,52777,765,747,144,3588,2211,112102,1868,5766,-1520,-1463,317,229,1359533,2128,17648,3442,22956.0,150360
6.272523403,2568,46040,-3816,-1139,54233,15146,2699130,7080,800,10763,85027,52070,620,690,96,3305,1993,109597,1910,5351,-2013,-1054,698,185,1358310,2262,17570,3512,23338.0,155861
6.273123741,2642,44931,-3976,-1204,56749,13737,2952944,6791,687,12552,93306,50488,673,842,132,3654,2308,118232,1758,5621,-1650,-779,1041,240,1364675,2636,17218,2930,25752.0,161407
6.273724079,2330,42873,-3632,-989,57677,12925,3007703,6849,249,11778,95593,52642,816,820,61,3821,1992,117430,1944,5534,-2653,-1396,371,383,1363497,2543,17256,3289,27095.0,160570
6.27432394,2254,44290,-3593,-1034,57558,16154,2797670,7022,273,11038,90989,50176,632,802,173,3722,1612,112287,2002,4870,-1647,-1676,495,149,1358078,2333,16557,3020,24908.0,160709
6.274924755,2369,39021,-3242,-1061,56547,12240,2739133,6913,266,10856,87287,50799,524,759,158,3590,1805,109599,2043,5494,-1710,-1376,507,416,1360096,2530,17315,3009,26280.0,147830
6.275525093,2695,41202,-3731,-844,54904,13179,2751382,7037,35,10817,96033,50906,633,728,106,3513,2191,111176,1677,5477,-1950,-1431,469,273,1359190,2337,17330,3453,27796.0,160146
6.276125431,2221,43711,-3458,-759,57207,13897,2847798,7690,-99,11326,103092,50435,721,813,58,3732,1852,114414,2079,5670,-1694,-1144,304,249,1362980,2386,18070,4066,29173.0,170611
6.276725292,2651,46043,-3913,-930,57017,14276,2813684,8061,89,11145,111985,49017,822,830,111,3594,2206,118065,2452,6087,-1723,-1150,592,232,1364483,2329,17556,4284,30395.0,183016
6.277326107,2644,45807,-3646,-1000,58605,15858,2740129,8421,299,11274,111875,49125,950,1001,116,3961,2450,118600,2216,6643,-2046,-1435,531,231,1358926,3014,18074,4438,29820.0,184605
6.277926445,2571,44558,-3444,-802,58617,15233,2753706,8401,204,11459,109241,49701,832,925,96,3795,2035,115796,1398,5543,-2061,-1054,410,344,1356182,2442,16669,4328,29397.0,180004
6.278526306,2921,47616,-3675,-955,58616,16921,2758626,8840,489,10929,118751,51317,838,927,159,3894,2042,117266,1863,6013,-1274,-1091,436,136,1348664,2322,17127,2742,30587.0,195049
6.279126644,2944,48007,-3456,-1060,59539,17318,2826349,8557,544,10941,121513,50791,771,842,64,3773,2419,122391,1952,6101,-2464,-1725,515,283,1339391,2558,16294,3210,30370.0,198339
6.279727459,2944,47931,-3423,-807,58917,17155,2782431,8924,821,11563,117717,50301,815,1001,120,3989,2804,121088,1333,5625,-1731,-1229,522,258,1325160,2996,16693,3468,29734.0,194671
6.280327797,2757,47248,-3871,-960,56542,17050,2751179,8743,481,10750,117933,51063,813,979,116,3513,2142,121900,2005,5623,-1851,-1130,360,202,1322630,1970,16375,3347,29471.0,193731
6.280927658,2479,44102,-3872,-1510,55515,14612,2661825,7750,413,9666,105100,50945,748,818,110,3599,2461,119839,1915,5855,-2334,-1255,418,246,1308965,2423,16955,3313,27466.0,174043
6.281527996,2891,49945,-3355,-1242,55235,16427,2731807,8724,92,9385,118142,50393,708,917,125,3600,2468,120375,1770,5835,-1527,-828,370,182,1315402,2770,17491,3369,29450.0,196129
6.282128811,3030,49383,-3643,-1275,55364,15710,2715627,8779,117,8877,115109,50956,689,1014,71,3918,2580,121987,2080,6128,-2110,-1575,431,404,1312731,2755,16768,3239,30379.0,192011
6.282728672,2860,50375,-3872,-1502,53693,18035,2682269,8960,107,8521,123255,52221,713,1077,140,3515,1974,120471,2104,6166,-1897,-1299,389,233,1313068,2078,16680,3457,26565.0,203485
6.28332901,2952,53656,-3641,-1451,52580,18708,2736523,8668,125,8607,124657,52198,703,1051,112,3740,2902,121839,1905,5829,-1961,-1878,217,463,1316870,2535,16741,3247,26860.0,208641
6.283929348,3175,55488,-3169,-1104,52110,20103,2750152,9104,413,8787,126595,51074,638,1262,138,3785,3007,123534,1805,6604,-534,-903,414,207,1328880,2226,17541,3675,27060.0,214465
6.284530163,3656,57950,-3104,-1127,52702,22011,2696907,9521,776,7340,136305,51041,1396,1378,151,3895,2647,123471,1773,5982,-2070,-947,848,329,1347063,2910,17853,3928,26364.0,229443
6.285130024,3542,58461,-4039,-1433,52043,21372,2765969,9673,-71,6465,132452,52737,754,1083,110,3959,2666,124292,1662,6406,-1440,-837,558,237,1364686,2297,16520,2841,26870.0,225500
6.285730362,3165,57130,-3906,-1134,52305,21593,2826638,9060,-294,6751,135300,53256,612,1027,217,3860,2509,127468,1191,6880,-885,-1331,388,200,1370519,2921,17226,3304,27279.0,226248
6.2863307,3520,57302,-3409,-1038,51442,21690,2732377,9476,379,7240,123284,50286,666,1113,117,3602,2746,123159,1242,6198,-689,-679,361,207,1361363,2597,17722,3152,26821.0,215272
6.286931038,3829,57096,-3880,-1428,51203,21726,2797604,9387,475,7119,130546,49416,626,1072,191,3988,2708,125887,2098,7030,-1371,-1321,420,251,1362423,2501,17162,3955,27114.0,222584
6.287531376,3171,55834,-3131,-692,47684,22207,2488306,9703,182,6106,131461,48657,668,1166,96,3457,2794,118330,1354,6513,-1211,-398,369,289,1355400,2759,16564,3251,29469.0,222376
6.288131714,3788,60244,-2912,-1090,49096,25837,2427061,10116,-89,5764,148908,48357,683,1267,137,3948,3166,119072,2204,7207,-673,-970,441,318,1367053,2695,17371,3138,31044.0,248893
6.289932728,3046,55818,-2353,-15,52435,32372,2401357,10657,780,6671,150461,48823,575,1111,124,4732,3795,125026,2633,7790,-986,-831,483,230,1365604,2753,17794,4001,28098.0,252354
6.290533066,3290,56796,-2297,-90,57185,30592,2438434,11357,1482,4831,152626,48186,680,1179,189,4539,3804,128785,2202,7333,-907,-1057,606,259,1351595,3064,17870,4082,30829.0,254661
6.291133404,4043,66943,-2308,-126,58038,34644,2609729,11607,946,4974,159549,49169,920,1393,173,4539,4020,128176,1733,7511,-1109,-911,585,359,1343490,2415,18190,3551,29787.0,276786
6.291733742,3707,65621,-2897,-533,57897,34459,2589436,11499,892,4898,158515,50279,845,1588,183,4885,3054,126342,2299,7826,-427,-1068,428,257,1332285,2627,18105,3838,28336.0,273801
6.29233408,3930,66240,-3120,-607,56524,36135,2590738,10108,277,5215,141003,50644,723,1275,195,4355,4068,125279,1792,7357,-737,-840,560,270,1329766,2992,16414,3332,29581.0,257416
6.292934418,3685,67001,-2632,-334,54551,39900,2496067,9626,251,6468,125194,49933,570,1191,226,3882,3961,118042,2742,7752,-386,-1066,429,211,1337758,2692,17821,3925,35452.0,245406
6.293534279,3316,57704,-2944,-621,58019,29702,2732439,9548,386,6188,121840,52603,629,1117,121,4218,3120,123449,1913,7386,-1226,-1314,465,289,1333089,2632,17177,3894,32805.0,222110
6.294135094,2935,50677,-2992,-289,59207,22262,2871931,8646,-294,6842,110495,50965,615,891,105,4065,2660,126187,2426,6711,-1429,-1202,588,241,1342349,2998,16036,3597,33949.0,195015
6.294735432,3252,52734,-2790,-382,55241,22664,2809593,8906,97,6936,106310,49656,642,966,83,3716,2432,124673,2253,6792,-1136,-1408,315,286,1333730,2682,16960,3882,30486.0,193866
6.29533577,3223,54262,-3012,-450,55457,22906,2712102,8750,385,6212,104868,50038,601,959,204,4114,2975,119563,2024,6403,-1078,-1082,374,204,1329225,2511,16528,3571,29510.0,194009
6.295935631,3433,61336,-2609,-361,56923,34958,2451511,9841,615,5788,115919,49981,1408,1188,108,4145,3984,114951,2058,7268,-1933,-1390,894,260,1340566,3097,17332,3574,31367.0,225487
6.296535969,3592,64860,-2678,-383,58593,36008,2536856,9640,97,5857,121742,50774,765,1173,149,4436,3885,118118,2483,7262,-1113,-1904,567,343,1344035,2480,17377,3978,28441.0,235842
6.297136784,3648,67499,-2704,-433,56870,37882,2535189,9342,180,5728,119947,51865,794,1175,123,4454,3691,117503,1789,6858,-1574,-1049,577,378,1348781,2062,16129,4241,29442.0,238318
6.297736645,3036,51334,-2582,-776,55528,21631,2788124,7281,-206,7217,96847,51077,762,1046,161,3759,2695,120539,1723,6447,-862,-1373,413,160,1340307,2139,17051,3202,26397.0,180129
6.298336983,2160,39429,-4047,-828,55021,11456,3024968,6914,182,8402,87602,52051,550,909,129,3603,1753,123859,1764,5572,-1025,-1183,285,249,1336744,2885,16336,2337,20906.0,147561
6.298937321,2188,38665,-3577,-590,52942,11881,3056359,7141,890,9580,78238,50280,532,770,77,3742,1972,127339,914,5756,-1099,-1344,388,134,1338455,2119,16411,2873,21123.0,138113
6.299538136,2344,38997,-4020,-808,52716,13250,2966412,8054,573,8843,84830,46683,548,964,161,3828,2066,127357,1757,5458,-1055,-891,273,233,1338731,2487,16410,3576,24426.0,147475
6.300137997,2127,39409,-3940,-968,53416,12840,2993845,7348,50,8424,84060,48092,531,817,109,3624,1373,123208,2049,6176,-1620,-1356,318,226,1337918,2292,16813,3533,22536.0,145784
6.300738335,2712,44928,-3568,-970,54452,16930,3012810,7820,1032,8124,89415,50048,574,901,223,3885,1997,121770,1916,5863,-1060,-1070,497,262,1346238,2591,16036,3402,23522.0,161805
6.301338673,2367,42292,-3911,-860,52687,14625,3081728,7659,1233,7213,89740,52587,512,738,120,3449,2047,123964,2376,5710,-1972,-1278,393,263,1347688,2863,16674,3326,25656.0,156683
6.301939011,2139,38544,-4305,-814,54409,12709,3215216,6525,1472,8182,77791,50886,497,711,116,3297,1861,121771,1456,5391,-1566,-1247,464,274,1347081,2803,16146,2735,19793.0,137708
6.302539349,2177,37207,-3913,-755,52734,11716,3180297,6319,1080,9191,75649,50392,471,734,50,3126,1448,120281,1210,5530,-1806,-1602,480,170,1347108,2341,16218,2747,16389.0,133068
6.303139687,2190,38192,-4171,-914,53444,12431,3203875,5800,1419,8605,74495,50980,363,734,135,3391,1250,120595,1952,5966,-1253,-1878,394,259,1348054,2455,16818,3467,14895.0,133108
6.303740025,2336,38923,-3791,-892,54310,13312,3021232,6507,917,7088,77087,50364,387,682,113,3442,2411,120271,1711,6101,-1907,-2094,393,375,1341671,2110,16229,2835,17978.0,138165
6.304445267,2560,42039,-3606,-970,55863,14760,2999174,7780,1313,6373,86130,51884,492,843,51,3613,2212,120456,1530,5446,-1499,-1382,289,345,1343948,2613,15922,3874,26510.0,153269
6.305235863,2340,39553,-4046,-1059,53394,14047,3020161,6917,1629,7131,79880,51127,587,987,36,3663,1852,118109,1474,5475,-1698,-1448,583,332,1342211,2682,17251,3296,22823.0,142737
6.306025982,2090,36633,-3251,-617,49830,13662,2956719,6320,1457,7697,77451,49282,647,1002,101,2971,1685,120474,1228,5372,-1269,-1348,407,249,1337243,2279,15936,2786,15968.0,136156
6.306816578,2331,35242,-3462,-608,50592,14343,2894707,6176,1323,7957,78750,52062,371,776,96,3360,1508,117357,1878,6059,-797,-1593,261,244,1337498,2421,16320,2998,15406.0,136842
6.307606697,2050,35429,-3456,-880,51134,12500,2872118,5499,1012,7922,80682,49915,357,689,179,3298,1730,117578,1835,5943,-881,-1271,391,213,1342107,1983,15179,3627,16530.0,136160
6.308396816,1764,30740,-3046,-843,45146,10146,2482713,6000,1385,7046,72672,49769,442,686,106,3069,1810,113780,1706,5921,-1447,-1904,261,298,1336577,1819,15727,2309,15209.0,121322
6.309187412,2088,36151,-2985,-768,49264,13108,2675382,6717,932,7863,87870,51452,436,800,57,3081,1800,120447,2436,5821,-1259,-1712,450,241,1339991,2188,15936,2942,15883.0,145934
6.309977531,2064,35411,-2869,-762,48584,12504,2682497,5946,1120,7854,81883,53459,482,814,142,3421,1847,120599,1612,5669,-1555,-1490,296,317,1344063,2171,14778,2939,17586.0,137808
6.310767651,1644,32125,-3140,-1048,45865,9685,2533328,6012,721,8181,76054,54134,449,708,50,3168,2091,119581,1836,5350,-2070,-1203,554,332,1339092,3064,15441,3538,17795.0,125520
6.311558247,1893,33996,-3029,-852,46227,11575,2546560,6563,1035,8623,86066,51443,346,795,86,3347,2349,121411,1481,5632,-992,-1499,388,272,1346641,2529,16002,3696,20017.0,140093
6.312348843,1988,35428,-3026,-542,47953,12863,2617924,6060,601,7212,84934,49330,417,768,68,3504,2085,120207,1126,6091,-1081,-1219,603,261,1350721,3042,15406,3037,18227.0,141273
6.313138485,1960,35395,-3067,-1119,46414,12291,2508799,6480,639,6755,81858,54832,407,815,113,3444,1466,115875,1749,5709,-1655,-1246,460,267,1346724,1860,15781,3309,18817.0,137984
6.313929081,2106,34936,-2931,-909,44666,10818,2514989,6323,667,7067,82035,49976,452,775,105,3690,1817,114091,1889,5368,-1019,-1298,358,284,1346217,2254,14954,2955,19593.0,136218
6.314719677,2144,37707,-2741,-818,46674,12349,2650809,7011,781,6428,85782,53881,470,788,55,3613,1944,118655,1525,5249,-1298,-862,362,301,1346792,2547,16090,3235,21059.0,144993
6.315509319,2542,41578,-3543,-1109,56209,14289,3019844,7007,221,6332,88982,54432,469,775,64,3629,1781,128825,1388,6159,-1841,-1553,505,350,1355730,2547,16512,2821,20582.0,154398
6.316299915,2160,41436,-3166,-611,55196,14801,2872451,7514,685,6712,91489,51188,451,864,164,3598,1562,124078,1798,6295,-657,-1757,263,303,1353388,1875,16410,3214,20667.0,157400
6.317090511,2328,42655,-3577,-744,57698,14694,3101411,6854,741,7195,91650,55841,513,893,126,3901,1755,132109,1172,5726,-1448,-820,445,197,1358298,2431,16453,2936,20424.0,158181
6.317881107,2721,45882,-4229,-756,57540,15470,3187985,8123,-4,6967,100049,51421,413,912,78,3828,2347,133916,1858,6020,-796,-881,357,234,1361150,2361,16404,3985,21966.0,172245
6.31867075,2770,46366,-3532,-1059,57029,14641,3217744,7630,392,8420,98208,53468,534,1042,120,3845,1883,131170,1927,5773,-934,-797,412,341,1360739,2880,16199,3908,23860.0,169615
6.319461346,2757,44575,-4143,-986,56748,13577,3264997,7907,-42,9449,90694,52007,623,1485,122,3773,2089,127776,1893,6030,-139,-450,361,188,1364762,3261,17274,3046,27530.0,159510
6.320251942,2693,47566,-4147,-1000,58608,14837,3219021,8255,650,7999,104300,53249,654,2257,49,3903,1725,130783,2161,6128,823,-433,537,221,1362597,2677,16962,4296,26401.0,177651
6.321041584,2938,46661,-3757,-985,58904,16246,3177390,8536,1093,7097,104461,54517,566,1517,134,4105,2359,133059,1623,6279,-374,-618,518,220,1368224,2938,16873,3098,24365.0,178842
6.32183218,3057,47710,-4148,-702,60498,16857,3213411,8252,567,6806,101005,55987,555,1798,36,4167,1573,132230,1884,6440,696,-459,711,231,1363946,2656,16069,3623,24549.0,176881
6.322622776,2542,45255,-4231,-751,59188,15764,3210640,8191,832,8919,94663,52757,655,1888,73,4095,1552,130305,2522,5983,368,-396,590,251,1365385,2828,16701,3732,26777.0,166415
6.323412895,2707,42430,-3376,-1009,57582,13498,3160631,7858,344,10811,89908,52482,500,1207,85,3835,1820,127171,1745,5974,-123,-612,456,188,1358809,2110,15212,3631,27088.0,156401
6.324203014,2048,33981,-3288,-960,47590,9047,2541706,5875,149,8589,68873,48750,388,846,91,2963,1644,104496,1456,4672,-677,-921,417,223,1320016,2349,15703,2782,22399.0,119824
6.32499361,2265,40820,-3926,-962,54382,13163,3048384,7406,41,10183,84462,52697,502,1074,174,3764,1854,122301,1250,5660,-113,-604,520,291,1329232,2882,16659,3008,25880.0,148116
6.32578373,2386,40467,-3857,-742,55602,12750,3008734,6800,363,9604,81796,53767,473,915,141,3637,1629,118804,2274,6390,-655,-874,283,288,1318331,2665,16622,3163,24106.0,144199
6.326574326,2555,39716,-3848,-862,54615,12905,2927836,6724,315,9496,84867,52678,462,935,151,3712,2231,120691,1874,5513,-683,-1250,439,251,1305620,2441,15859,2733,21425.0,146767
6.327364445,2153,37099,-3376,-676,51080,12486,2780203,6830,585,9619,86499,50563,440,886,103,3648,1882,121971,1767,5525,-956,-1390,438,166,1298905,2764,16568,3470,23907.0,145067
6.328154564,2522,43887,-3791,-1220,51532,14882,3106086,7251,879,9979,95129,52957,465,803,118,3484,2018,119311,1785,5844,-884,-1102,514,212,1293428,2086,15134,3102,19854.0,163671
6.32894516,2622,42703,-3941,-1058,50244,14165,3081370,7617,672,10038,93523,55374,454,844,139,3349,1870,118765,1831,5532,-1026,-1719,519,285,1286550,2564,15631,3654,19779.0,160630
6.329735279,2423,39797,-3449,-1170,50579,13825,2968478,6602,1027,9776,87695,58464,384,740,146,3629,1709,115636,1709,5461,-1612,-1450,434,311,1286615,1617,16061,2516,17945.0,150342
6.330525398,2193,38167,-3830,-1015,50044,13058,2928682,7005,1249,9697,88507,57239,483,726,111,3195,1544,115074,1507,5472,-1624,-1630,381,213,1286215,2152,15770,3071,16820.0,148930
6.331315994,1928,39831,-3850,-1303,50032,13911,2982029,7398,830,9384,91211,56961,488,806,72,3428,2055,118661,2175,5927,-2509,-2450,407,315,1286028,1950,15144,3370,17062.0,154279
6.33210659,2053,40487,-3968,-1312,50485,14318,2992940,7289,1148,9151,92993,58106,352,772,104,3362,1808,116960,1978,5711,-1017,-1737,397,317,1289940,2190,15560,2701,17797.0,157140
6.332896233,2209,41007,-3470,-1178,49858,14526,2988332,7653,1265,9792,93065,57529,392,736,114,3329,1875,117790,1862,5313,-1318,-1356,535,271,1288780,1698,15187,2469,19461.0,158460
6.333686829,2422,44119,-3748,-957,50008,15010,2999290,7990,1373,8861,100332,54592,482,954,117,3352,1956,119639,1307,4891,-591,-1474,549,175,1305236,2392,14956,2676,18536.0,169873
6.334477425,2531,44817,-3305,-825,52037,16755,2957320,8158,830,9168,99267,53299,482,916,88,3678,1800,116762,1634,5637,-1099,-1157,402,243,1306193,1977,16021,2985,22057.0,171528
6.335267067,2425,46228,-3742,-860,52180,16631,2986091,8709,1087,8540,106706,51262,528,944,126,3053,1877,117251,1986,5991,-1701,-1716,581,308,1322430,2394,17107,2808,21592.0,180699
6.336057663,2544,44422,-3493,-1004,53472,17001,3052127,8062,457,8894,100222,51657,790,1159,72,3516,1942,119965,1442,5943,-1710,-1112,1188,346,1324660,2432,15658,2698,20586.0,172251
6.336848259,2723,49362,-3237,-928,52913,18768,2828787,9572,1015,8069,120382,51337,467,1341,160,3302,2215,117589,1859,5301,-96,-826,413,196,1322723,1832,16453,3038,21010.0,200807
6.337638855,3050,47582,-3033,-841,51860,18234,2698715,9190,1095,7774,119917,51242,497,1122,162,3405,2325,113992,2073,6374,-471,-383,426,255,1322456,1974,16749,3562,20940.0,197973
6.338428497,1937,35015,-2750,-828,43253,11329,2300859,6923,1141,7185,77634,52236,444,787,254,2977,1761,97589,963,4062,-519,-614,392,282,1308032,2136,15377,2144,18549.0,132838
6.339219093,2159,36887,-3035,-1214,42466,11429,2231858,7257,833,7010,87669,49482,402,734,142,3221,1740,94146,1229,4366,-620,-306,441,167,1307961,1990,14801,2156,19305.0,145401
6.340009689,2504,42206,-3088,-1016,46832,14105,2361282,8698,720,6983,106438,49742,445,989,70,3082,1791,104438,1749,5539,-809,-998,468,227,1322987,2240,16038,3140,22867.0,173951
6.340799332,2831,47192,-3443,-704,53277,17431,2669426,9231,145,6748,119846,51082,569,1064,159,3508,2279,116846,1810,6080,-872,-1018,399,334,1335471,2518,16156,2923,24523.0,196531
6.341589928,2218,42544,-3067,-852,47424,14834,2471291,8704,1,6117,104342,47707,500,1000,91,3467,2342,116847,2107,5902,-991,-851,406,202,1338436,2284,16310,3004,24151.0,172642
6.34317112,2195,39781,-2621,-653,43996,14041,2173440,8798,533,5161,109199,47049,429,990,205,3190,1911,101870,1669,5377,-493,-803,334,170,1324169,2008,15656,2449,25107.0,174014
6.343960762,2710,47491,-3121,-323,52794,18283,2523367,10301,-77,5768,136111,48620,544,1090,121,3566,2598,115618,2470,6016,-299,-352,338,194,1335779,2426,17096,3261,27788.0,214896
6.344751358,2222,44933,-3632,-701,54729,17006,2608041,9862,-43,5142,128910,51684,494,994,131,4099,2532,120472,2161,6530,-945,-1092,437,369,1347632,2734,16461,3521,27566.0,202933
6.345541954,2485,43280,-2932,-829,45493,15978,2288183,9511,149,4304,128227,45511,606,1118,144,3906,2666,116482,2646,6450,-1030,-1211,450,238,1360997,2338,16675,3431,30815.0,199481
6.346332073,2845,41813,-3499,-796,51075,13874,2601017,7865,381,5874,109957,52271,470,903,127,3448,2562,117637,1531,6196,-826,-1127,428,222,1362016,2415,16259,2755,26661.0,176354
6.347122192,2273,40300,-3730,-953,54391,12750,2774365,6851,314,7101,92851,54251,487,762,144,3368,1944,116534,1507,5661,-1721,-1087,338,244,1355291,2677,16192,3239,23298.0,155025
6.347912788,2094,38488,-3279,-770,50600,10896,2611306,6904,144,6841,90008,55375,433,755,98,3312,2008,112770,1387,5569,-714,-1514,342,244,1341685,2843,16105,3215,21141.0,148390
6.348702908,2030,34343,-2605,-1040,38175,8925,2201058,6908,-67,6602,82050,48468,506,1005,157,3384,1617,98400,1265,4741,-622,-279,271,233,1329847,2263,15701,3148,18793.0,134256
6.349493027,2783,42622,-3366,-1179,49981,13801,2640785,7410,672,6119,97920,55617,519,918,134,3181,1784,110291,1710,5209,-1845,-1829,457,350,1347971,1804,16233,3314,21682.0,164536
6.350283623,2056,35445,-2858,-1230,46560,10626,2276436,5694,1217,6071,76450,54345,411,726,117,2969,1412,96933,1380,4491,-1588,-1577,287,296,1338665,2039,15859,3214,20185.0,130271
6.351073742,2354,42899,-3337,-948,50296,13740,2553492,7194,1257,6028,96729,50685,407,776,113,3280,1660,106738,1354,5101,-812,-1390,226,291,1354718,2357,16189,3076,22125.0,162916
6.351864338,2912,50743,-4109,-1470,54342,17711,2943130,8676,254,6848,119486,53025,514,1045,174,3960,2251,124779,1840,5494,-780,-1161,491,214,1365745,2398,17445,3492,24828.0,199528
6.352654457,3070,52474,-3885,-989,56455,17957,3094695,8148,102,7938,113061,52340,456,945,105,3936,2433,125847,2692,6662,-1338,-278,460,296,1361898,3279,16542,4239,23327.0,194710
6.353444576,3032,52026,-3793,-827,56789,19560,3049544,8654,491,8856,121141,53512,510,1015,167,4159,2512,126277,1982,6226,-443,-1356,462,366,1361852,3115,16088,3959,25094.0,204413
6.354235172,3239,51588,-3544,-1029,57268,18107,3035158,9103,397,8128,117574,52072,441,954,187,3790,2337,125629,2474,6646,-297,-1453,608,371,1352512,2604,16495,3184,24807.0,199611
6.355025291,3376,52745,-3770,-959,55769,19714,2948267,9185,548,8154,128616,50582,448,943,58,3863,2741,124510,2082,6947,-1109,-1963,610,264,1352191,2979,17381,3244,26158.0,213636
6.355815411,2829,50158,-3334,-911,54826,19195,2894813,8288,-194,8013,123007,51048,560,891,110,3789,2381,122960,1889,5922,-1118,-1890,534,272,1355065,2646,17840,3996,25657.0,203477
6.356606007,2847,47080,-3253,-1112,51845,17477,2734661,8671,1019,7384,113259,52282,380,911,82,3649,1910,117510,2711,6865,-378,-868,390,224,1334650,2459,17175,3267,26144.0,189334
6.357396603,2602,44475,-3432,-606,52659,17145,2581188,8696,251,7605,118992,49166,472,964,110,3954,2202,114171,2123,6495,-911,-772,332,270,1332438,2785,16309,3463,26516.0,191910
6.358186245,2465,43151,-2736,-930,48330,15119,2420778,7943,-45,6036,107750,50515,554,968,132,3359,1832,110050,1820,4897,-1316,-774,539,283,1311804,2380,15597,3807,25568.0,176428
6.358976841,2358,39319,-2189,-494,45962,13995,2266963,7667,275,6642,97992,46700,509,794,86,3165,2266,103204,1793,5259,-1570,-1342,360,278,1299884,2961,16529,3341,24008.0,161331
6.359767437,2543,44733,-3751,-1024,49357,14617,2548305,8545,12,7914,114614,46812,573,1050,113,3672,2459,111899,2199,5970,-802,-650,363,214,1301044,2252,16738,3152,25002.0,185052
6.360557079,2888,47570,-3375,-966,53892,17676,2834579,8894,216,8741,123777,48907,486,1039,95,4063,2110,121693,2526,6563,-713,-1282,422,238,1313006,3009,16746,3972,26012.0,200805
6.361347675,2812,43790,-3081,-1039,49705,15546,2579013,8517,568,7724,115504,47639,539,1041,139,3889,2252,110984,2160,5581,-361,-344,500,192,1314760,2561,15487,3032,27044.0,186169
6.362138271,2527,43080,-3085,-1168,49217,14938,2422424,7426,704,6844,104548,52842,520,935,75,3222,1843,100778,2076,5551,-594,-720,202,140,1307806,2414,17088,3533,24180.0,172519
6.362928867,2928,48851,-2934,-1067,50473,16902,2719740,8451,156,8114,119482,52051,501,1009,157,3546,2700,114218,2171,5864,-604,-1288,286,304,1323315,1982,16315,2948,27263.0,196614
6.36371851,3072,50327,-3848,-1151,53696,17357,2875376,8855,546,8568,118896,52458,530,961,207,4016,2198,119953,2303,5635,-1147,-994,513,291,1332839,2476,16246,3652,27024.0,198507
6.364509106,2906,48292,-4026,-1116,56434,17053,2901991,8134,-186,8227,114781,50733,492,889,77,3743,2626,119505,2029,5992,-835,-1209,420,189,1353286,2233,16976,3583,27557.0,191166
6.365299702,2796,47035,-3699,-904,54389,16073,2878084,8188,378,8253,111164,51154,512,950,106,3885,2781,115610,2705,5784,-1696,-1640,473,350,1347313,2958,17197,3852,24955.0,185256
6.366089821,3118,51644,-4011,-1483,57995,16861,3009165,8261,580,9286,117467,54481,405,842,59,4007,2097,122020,2287,5778,-716,-1184,401,168,1348208,2394,16737,3883,25410.0,197351
6.36687994,3075,47884,-3610,-1133,52567,16492,2861153,7869,906,8612,114800,48046,478,890,169,3768,2425,119900,2098,6379,-635,-1697,690,191,1356914,2414,16511,3835,25083.0,190120
6.367670536,2878,45444,-3409,-1158,51210,14845,2831333,7873,393,8351,105409,53959,447,890,146,3581,2107,114581,1735,5740,-669,-1388,434,281,1350535,2347,15416,3148,25199.0,176449
6.368460655,2188,37752,-3303,-1097,45642,11317,2438506,6835,625,7221,92986,52237,437,783,190,3614,2164,107091,1538,5609,-959,-1566,374,411,1342996,2527,16437,3620,23605.0,151078
6.369250774,2868,45550,-4061,-1337,51179,14594,2797742,7947,669,8109,102689,51275,462,783,38,3642,1744,113463,2273,5887,-1744,-1722,451,246,1363967,2428,16907,4094,25438.0,173648
6.37004137,2200,37522,-3021,-1216,45924,12018,2445322,6532,1124,7133,88025,52376,525,835,116,3409,1861,106348,2071,5263,-1423,-1076,393,211,1358239,2059,17200,3460,24210.0,146297
6.37083149,2798,46346,-3412,-1012,51816,15838,2858618,7922,467,8436,107161,50919,586,941,171,3367,3042,116093,2125,5795,-1163,-1074,525,312,1362629,2048,16374,3459,25198.0,180065
6.371622086,2568,44237,-3609,-1474,50520,13852,2776170,7358,597,7866,94200,56086,434,805,79,3105,2473,108229,1940,5137,-977,-1713,299,272,1344221,2112,16227,3609,21820.0,162215
6.372412205,2695,44724,-3726,-1198,51678,14920,2816209,7315,754,8344,96327,52432,353,874,131,3292,2134,110365,1977,5598,-847,-986,500,281,1354423,2533,16530,3375,24248.0,165981
6.373202324,2680,45338,-4044,-1121,57312,13846,3086257,7324,527,9570,95646,48836,468,826,77,3704,2173,119669,1869,5804,-1540,-1332,524,260,1363104,2444,16737,3517,22993.0,164834
6.37399292,3206,49587,-3648,-1113,58398,15209,3087664,7934,227,9416,108750,50155,494,861,71,3867,2241,122900,2339,6122,-1959,-1746,376,273,1359192,2441,17194,3285,24809.0,184686
6.374783039,3202,51012,-3985,-835,56048,16608,3095384,8584,-158,7912,107927,53735,504,1109,109,4003,2014,124293,1982,5912,-911,-1044,442,219,1362942,2724,16215,3070,25303.0,187333
6.375573635,3084,50384,-4004,-1196,56046,16040,3030294,8418,571,7126,107612,51719,967,1788,33,3598,2145,123600,1900,5782,-1183,-1129,1042,318,1355302,2169,17019,3647,26626.0,185538
6.376363754,3186,48641,-3719,-1231,52805,16039,2849418,7910,549,6292,105179,49755,541,1214,59,3727,2580,119220,2420,5803,-925,-1025,526,293,1355963,2444,17031,3399,25141.0,180955
6.37715435,2555,46450,-3695,-1270,52187,14780,2732070,8348,597,7045,97655,50963,494,797,119,3619,1837,108997,2105,5662,-2169,-2222,380,278,1355320,2306,17211,3364,24112.0,169788
6.377944469,2957,46649,-3025,-1224,51248,15595,2681442,7809,1320,6676,102911,51655,493,810,123,3418,2211,111837,2126,6349,-1236,-1165,308,279,1356407,3315,16445,3689,24797.0,175921
6.378734589,3349,52628,-3432,-1102,54520,17270,2985212,8314,140,7279,109367,49822,426,928,161,3951,2159,122802,2060,6576,-1312,-1630,389,362,1358701,2468,17211,3532,24109.0,190928
6.379525185,2976,53817,-3810,-1183,56235,19118,3077178,8562,-76,7836,118214,51857,517,985,144,3639,2367,125034,2155,5782,-1212,-1326,502,167,1361030,2315,16183,3142,23160.0,202687
6.380315304,3336,51865,-3923,-1487,54478,18303,3103646,8122,3,9659,112860,53888,459,915,86,3936,2644,127429,1741,6459,-1357,-1207,347,225,1359850,2411,16524,2984,22669.0,194486
6.381105423,3156,52816,-4005,-1439,56851,18238,3149729,7908,371,9037,110595,51778,534,891,141,3939,2506,125984,2527,6542,-1550,-1921,531,380,1361949,2933,17958,3312,23091.0,192713
6.381896019,3431,54032,-4459,-1207,56219,18946,3126407,8131,93,8884,106033,51550,553,975,288,3945,2501,122313,2360,6348,-1142,-1771,474,305,1363467,2227,16341,3539,24245.0,190573
6.382686615,3001,51504,-4332,-1121,54964,17324,3133393,7847,-243,9296,99537,51502,494,874,76,3745,2377,123379,2416,6370,-2008,-1654,658,277,1361278,2406,17255,4159,22528.0,179213
6.383476257,3588,54989,-3644,-1304,53637,19813,3148302,8318,591,9742,110279,52876,563,964,110,3656,2463,124295,2361,6530,-1005,-1222,392,226,1368540,2654,16734,3064,24619.0,196987
6.384266853,3251,52894,-4587,-1119,53721,18520,3205208,8092,676,9928,105033,51321,509,950,101,3759,2506,124763,2442,6097,-1633,-1620,414,387,1367177,2289,16832,3859,24242.0,187790
6.385057449,3514,54002,-4259,-1329,54732,18552,3144605,8425,362,9027,109579,50543,562,1124,45,3920,2543,124774,1946,6304,-824,-1332,454,274,1365087,2883,17149,3671,25838.0,194072
6.386268616,3158,52688,-4080,-1364,55176,16951,3084930,8599,284,8688,105421,51096,584,1292,126,3716,2519,121094,1773,6161,-207,-429,425,151,1360024,1771,16702,3307,24250.0,186817
6.386268616,3215,49684,-3343,-177,60503,19492,3117455,8703,570,9765,120111,55068,522,946,106,3844,2274,123943,1912,5927,-1558,-1217,458,321,1381963,2639,16942,4054,25244.0,201205
6.387059212,2834,49315,-3545,-689,59739,18957,3094077,9032,567,9176,122968,53548,429,958,137,3985,2440,125753,2455,6280,-831,-1215,498,245,1381362,2610,18456,3218,26976.0,203106
6.387848854,3004,46684,-3717,-255,62058,16876,3140367,8436,852,10179,108922,54332,446,981,179,4083,2124,121288,2489,5846,-533,-665,569,282,1379522,2747,17008,3576,24187.0,183922
6.38863945,2885,47375,-3372,-407,62163,17690,3101709,8097,75,9038,112013,52836,380,879,240,4011,1899,122463,2611,5589,-506,-889,447,361,1379705,2464,17473,3508,25334.0,188060
6.389430046,2781,47001,-3395,-254,62642,17292,3137880,8092,495,9017,107190,53726,516,836,85,4184,2034,122573,1951,5049,-1802,-1699,471,293,1372535,2633,18008,3694,24628.0,182356
6.390220642,2556,46098,-3534,-673,62859,16987,3129905,8108,121,9663,105630,53678,502,913,217,3998,2470,121895,2109,5348,-1514,-992,539,368,1370677,3130,17236,3213,24087.0,179379
6.391010284,2771,45562,-3618,-640,61523,17097,3125811,7959,272,9880,105476,53847,380,859,79,4257,2123,121823,1929,6295,-724,-1633,377,318,1365039,2412,18254,2947,23343.0,178865
6.39180088,2600,45239,-3634,-707,62354,15968,3081118,7989,165,10266,102167,53029,462,896,38,3850,2256,119635,1751,5410,-1433,-1199,713,296,1360216,2560,17565,4171,22558.0,173963
6.392591476,2689,46402,-3868,-673,60842,17286,3097323,7842,826,10106,107411,51754,414,964,154,3856,2114,120522,1931,5525,-527,-1331,511,348,1356695,3226,17262,3327,23010.0,181630
6.393381119,2728,45616,-3345,-404,63805,17396,2933377,8926,568,9160,112935,51946,350,754,199,4263,2130,122492,2473,5837,-752,-1124,451,256,1345353,2722,17371,3791,23467.0,187601
6.394171715,2049,37200,-2583,-317,52229,14031,2542022,6996,432,8455,93592,46358,458,913,177,3469,2304,109974,1977,5301,-223,-1103,526,208,1332394,2360,16957,3489,19856.0,153868
6.394962311,2381,43977,-2958,-508,59559,17109,2928911,8126,539,8934,105263,50146,401,883,243,4130,2362,119091,1813,6022,-481,-624,284,244,1346476,3032,16454,3410,21098.0,176856
6.395752907,2864,45928,-3670,-873,62557,17857,3066052,8057,587,9288,113944,52960,443,995,131,4198,2348,124439,2362,6156,-813,-1005,435,293,1341813,2756,17365,4216,22083.0,188650
6.396542549,2676,46370,-3922,-551,64202,17910,3029345,8357,445,8889,113398,52575,500,931,122,4073,1971,124116,2406,6755,-1098,-1121,478,310,1339210,2488,17058,2542,22464.0,188711
6.397333145,2876,46026,-3263,-578,61908,17481,3022404,7662,570,8599,109468,52039,535,1052,236,4363,1984,126428,2485,6066,-381,-972,390,338,1338770,2950,16809,3365,22946.0,183513
6.398123741,1960,39726,-2791,-436,58166,17107,2534658,7878,715,8404,97982,50951,775,937,122,4110,1996,117473,1526,5835,-1467,-1107,1402,484,1320988,2345,16756,2657,19368.0,164653
6.39891386,2558,44504,-2493,-278,57041,18205,2682325,8158,186,8561,103440,51307,449,902,98,3970,2249,119767,1976,6433,-498,-842,407,223,1330869,3051,16284,3203,22249.0,176865
6.399703979,2619,46142,-3324,-582,59523,17199,2854535,7876,317,8732,109308,51138,460,885,124,4109,2665,121284,2074,5673,-675,-547,346,221,1343219,2863,16525,4058,21575.0,183144
6.400494576,2632,46149,-3517,-922,58634,16845,2791737,7929,-8,8382,103476,50637,482,947,59,3860,2132,119429,2574,6074,-1431,-1331,435,194,1335555,2888,15865,3664,22092.0,177031
6.401284695,2780,46231,-2917,-655,60580,17606,2836596,7830,690,8157,107212,49607,464,933,186,4011,2310,119471,2089,6215,-780,-542,442,298,1337299,2995,16765,3635,22640.0,181659
6.402074814,2387,46017,-3501,-449,57874,17497,2857043,8186,687,8676,111269,51400,491,1004,223,4402,2068,120678,1993,5956,-99,-260,448,159,1336622,2712,16681,4511,22859.0,185356
6.40286541,2668,48008,-3510,-507,59137,18259,2947689,7590,652,8072,114528,51856,375,883,90,4203,2024,123188,2225,6311,-996,-1291,455,277,1329784,2563,15544,3752,23655.0,191053
6.403655529,2772,47583,-3703,-726,60015,17945,2944188,8206,201,8263,112563,50190,481,1011,202,4015,2436,124879,1678,6212,-858,-630,412,328,1331660,2399,16532,3298,23842.0,189069
6.404446125,2795,47115,-3206,-765,58144,18112,2808100,8010,316,8054,116031,49617,488,927,54,4140,2612,121540,1883,6553,-678,-228,363,191,1346399,2810,17001,3552,24033.0,192063
6.405236244,2850,46618,-3494,-1073,58428,18220,2824718,7723,693,7216,104749,49637,379,868,57,4035,2463,120849,1429,5727,-1219,-1409,367,480,1349446,3109,16492,3458,22274.0,180160
6.406026363,2611,46238,-3302,-740,56061,18458,2870359,7934,581,6267,98398,49847,356,863,125,3935,2110,120351,1910,6277,-632,-1665,392,409,1361015,2837,16791,3528,21367.0,173639
6.406816959,2980,49689,-3420,-658,57078,21520,2870836,7901,44,8120,102801,50453,445,862,179,4023,2978,119050,2232,5994,-1016,-786,482,193,1365506,3489,16799,2871,24266.0,184891
6.407607079,3206,52858,-3415,-882,59034,22733,2911094,8204,482,9245,106663,51557,413,882,168,4118,3056,119709,1780,6756,-145,-1420,359,169,1372697,3263,16405,3846,24608.0,193664
6.408397198,3172,53772,-3448,-657,59041,21798,2898030,9176,828,8094,111735,50135,463,921,169,4034,3271,124430,2249,6724,-993,-1346,468,361,1380606,3263,16773,3434,23925.0,199653
6.409187794,3614,70858,-3193,-858,52888,37216,2539072,10253,627,8649,116935,46176,437,1120,162,3836,3940,115427,2540,7442,24,-674,672,158,1383127,3683,16702,3917,24844.0,238876
6.40997839,3254,52741,-3266,-832,59459,21353,2964417,8779,856,9296,111260,51982,380,968,144,4111,2917,119214,1776,6471,-254,-915,514,299,1376493,2667,16607,3513,25205.0,197387
6.410768032,3132,49893,-3375,-486,59464,19985,2993882,8091,115,8947,105305,51728,586,1004,105,3958,2760,123659,2019,5738,-1290,-1241,469,298,1377390,2733,16515,3837,27418.0,186406
6.411558628,3146,50807,-3274,-532,58038,19804,2985743,8414,808,8892,108497,52461,456,948,112,4025,2735,124851,2762,7360,-830,-1027,393,262,1381477,2834,18125,3567,26469.0,190668
6.412349224,2976,51659,-3205,-623,55779,21072,2928754,8790,392,8483,110965,54991,525,990,82,3832,2915,119845,2227,6629,-935,-1011,509,268,1381281,2292,17235,3521,27149.0,195462
6.413138866,2986,48563,-3697,-696,57320,17064,3022003,9152,292,9122,107437,52508,515,908,159,3929,2214,119415,1814,6428,-753,-871,461,230,1379798,2627,17157,3578,27959.0,185202
6.413929462,3068,50155,-3545,-1048,55373,17914,2989842,9862,491,9080,120125,51746,554,1312,150,3869,2747,121234,1966,5942,-356,-163,386,235,1383029,3277,16282,4063,30014.0,201124
6.414720058,2817,47664,-3577,-720,56344,16118,3045179,8863,184,8859,102176,51909,1826,2305,-10,3927,2069,121114,2759,5205,-1428,-943,1209,171,1380977,3368,16315,3079,29390.0,177638
6.415510654,2922,53724,-3727,-575,57661,20571,2968874,9621,1079,8645,128505,51499,844,1957,149,3833,2534,120681,2256,6453,-177,-312,556,234,1385884,3026,16845,3835,29351.0,215343
6.416300297,3227,55467,-3343,-793,56064,21387,2984481,9429,745,8481,137167,52100,569,1017,198,3997,2398,121607,2213,6697,-1315,-1105,408,277,1381143,2986,16623,3661,27981.0,226677
6.417090893,3335,56322,-3336,-539,56978,22622,2958198,10496,342,8398,139010,52397,635,965,122,3951,2266,121021,2626,6269,-1927,-1679,373,447,1385298,3026,15567,4407,28164.0,231785
6.417881489,3426,57094,-3357,-714,56565,23782,2905050,10877,831,8732,144679,52086,964,1282,190,3893,2909,121483,2567,6467,-978,-1198,552,227,1386800,2731,16860,3633,29667.0,239858
6.418671608,3291,58148,-3008,-912,56007,23500,2868174,11410,717,8442,149034,52410,950,1614,116,3966,2784,121465,2358,6716,-1080,-800,583,164,1384530,3102,15545,3391,28844.0,245383
6.419461727,3995,61889,-2912,-343,56492,25712,2776609,11804,1004,8730,162762,49764,820,1546,57,4054,2582,121165,2793,6534,-956,-1304,477,222,1386559,2441,16759,3526,32094.0,266162
6.420252323,3530,60769,-3373,-809,54482,25007,2831117,10808,759,8430,147325,52063,788,1202,160,4143,2947,122274,2054,6399,-1109,-912,574,336,1383961,2839,16314,3600,31362.0,247439
6.421042442,3839,62367,-3143,-734,55534,27022,2728062,13170,822,8579,171643,50559,775,1206,121,4463,3571,121963,2383,6509,-1444,-1353,501,293,1388328,2623,15662,4325,33191.0,278041
6.421832561,3872,61569,-2860,-552,55673,26502,2618964,12985,1309,8106,169010,52773,726,1293,209,4040,3196,119923,2514,7017,-546,-952,470,179,1384215,2621,16175,3692,33278.0,273938
6.424203873,2556,44055,-2352,-53,47309,20328,2009371,10188,754,5625,144565,41012,629,1247,86,3692,3292,108075,2254,6805,-381,-1489,412,252,1361358,3003,16170,3138,31969.0,221692
6.424993992,2054,40674,-2063,-336,48391,19896,1979206,10037,1122,4296,145727,46877,569,1206,176,3788,3292,102629,1601,5599,-778,-1716,542,201,1325416,2730,14750,3277,26696.0,218388
6.425784111,2102,42509,-2486,-682,51161,20771,2086553,9836,1315,4647,147475,50380,576,1165,103,3539,2970,102750,1914,5983,-1424,-1482,594,252,1332193,2567,15355,2851,28027.0,222693
6.426574707,2350,44276,-2653,-386,51674,20972,2138539,9797,876,5486,143061,48875,504,1128,85,4104,3050,111256,2424,6811,-690,-936,562,238,1348994,2926,16330,4011,31730.0,220456
6.427364826,2525,42331,-2473,-481,49695,19235,2109662,9424,829,5293,131052,44448,515,1069,128,4156,3517,115078,2670,6505,-1183,-1317,486,379,1355269,2568,16052,3824,35434.0,204567
6.428154945,3629,60198,-2493,105,58079,25304,2543663,11952,1268,5825,151527,47065,521,1143,155,4300,3475,116328,2554,6730,-1564,-1339,516,465,1355425,2231,16173,3423,35502.0,252610
6.428945541,3582,60307,-3146,-685,58924,25392,2763664,10426,283,5157,146869,52045,626,1055,60,4870,3351,120022,2569,6891,-1923,-1288,596,331,1348339,2794,16950,3425,33841.0,246576
6.429736137,3221,57508,-3355,-669,57800,23229,2780512,10180,425,6593,138594,53191,596,984,98,4142,2803,119320,2216,6606,-1545,-1272,487,340,1348999,2538,16262,4006,29937.0,232732
6.43052578,2664,42696,-2661,-573,46793,18264,2313831,8333,1026,6950,108347,46563,564,991,189,3787,3244,111779,2164,6066,-978,-718,413,302,1337717,2717,15891,3587,29240.0,180304
6.431316376,2561,49240,-3050,-470,54455,19883,2651542,9163,239,7010,116371,49545,525,954,119,4006,2711,114603,2128,6354,-925,-896,453,209,1350121,2879,15182,3222,28651.0,197218
6.432106972,2538,43530,-2840,-710,50634,18092,2380049,7538,396,6899,105958,46889,563,903,185,3766,2948,112726,1772,5788,-1145,-1251,434,225,1332373,2392,16385,2488,24358.0,177656
6.432897091,2154,39537,-2638,-911,48861,17465,2319951,7041,906,6832,108033,50312,564,961,145,3937,2925,112777,2025,6424,-856,-1889,414,280,1316411,2618,15589,3133,23641.0,174230
6.43368721,2076,39045,-2481,-394,48432,17214,2173382,7565,926,6619,107813,45251,534,961,75,3737,2879,109699,2113,6628,-1016,-1160,472,237,1339875,2811,15550,3149,26131.0,173713
6.434477806,2733,41844,-2844,-523,50162,17772,2333656,8279,165,6424,105373,43675,547,988,120,3983,2556,111422,1847,6535,-1377,-1464,345,355,1337002,2452,16547,3866,27492.0,176001
6.435268402,3210,53747,-2773,-788,56167,22454,2656010,9346,758,8016,133351,51187,558,962,145,3995,2761,119503,2057,6265,-1198,-842,442,340,1338248,2835,15720,3140,27565.0,222108
6.436058044,3300,57306,-3047,-607,56106,24261,2678650,9950,733,8202,132016,50930,527,1059,105,3780,3226,116132,2189,6621,-751,-1295,361,265,1334551,3028,15405,4527,28582.0,226833
6.43684864,3433,54236,-3164,-711,55450,22139,2668003,8996,342,8014,127118,50039,607,1136,156,3975,3008,115897,1976,5933,-1069,-1103,509,329,1340102,2954,16645,3749,27248.0,215922
6.437639236,3704,60414,-2919,-1009,55107,26660,2687689,9479,73,8156,133167,51150,529,1127,120,4241,3399,117530,2334,6397,-823,-831,454,296,1349732,2871,16550,4626,29676.0,233424
6.438429832,3713,61532,-3421,-781,56681,26969,2753724,9747,678,8364,134802,51563,604,1086,169,4347,3496,120117,2382,6337,-1076,-1384,554,246,1355180,2830,16780,3175,28988.0,236763
6.439219475,3443,58447,-2748,-762,56507,25830,2731731,9311,838,8378,134289,49775,633,1012,52,4046,3183,119330,2699,6431,-1551,-1230,586,162,1367307,3296,17395,3679,27886.0,231320
6.440010071,3622,59800,-3009,-935,56008,27346,2717099,8879,357,7908,127645,51167,509,1015,116,4328,4007,116162,2199,6712,-1209,-785,563,172,1368977,2656,17455,4374,26425.0,227292
6.440800667,3611,67726,-2964,-919,54129,34555,2618179,10210,961,8627,133601,51393,512,1088,132,4069,4314,114092,2460,6969,-768,-1437,660,250,1376538,2599,17442,3227,30385.0,249703
6.441590309,3827,71802,-2582,-903,54101,38930,2570526,9678,745,8655,136909,51556,595,1147,248,4329,4636,113621,2983,6911,-1219,-1562,652,427,1374618,3476,15650,4605,30096.0,261146
6.442380905,4119,72822,-3147,-631,55581,39475,2597866,10516,1318,9035,137297,51914,428,1113,151,3819,5066,110091,1943,7291,-228,-1085,675,264,1379145,2501,16975,4134,29881.0,264229
6.443171501,3959,72890,-2571,-537,55797,39128,2584157,9923,584,8193,135560,54064,500,1069,182,4242,4222,111636,1681,7421,-838,-845,644,269,1373797,2758,16579,4664,29778.0,261460
6.44396162,3954,73469,-2827,-768,53411,42217,2372339,9673,782,7956,132098,48754,523,1089,216,4121,4603,104555,2238,7262,-500,-1118,634,206,1372836,2582,16678,3579,28436.0,261411
6.44475174,4336,75979,-3098,-766,56117,44155,2455511,10618,617,7690,137861,48908,594,1204,243,3997,5353,108369,2643,7268,-1037,-1274,638,197,1385178,2479,16819,3978,28991.0,272949
6.445542336,3704,70397,-3088,-538,56965,37902,2422378,10596,302,5529,136905,50617,930,1297,199,4577,4970,111317,2279,7151,-1523,-1367,1254,270,1386312,2294,16324,4258,30877.0,259504
6.446332455,3564,61741,-2995,-645,57665,28204,2351295,10729,526,4656,136239,46279,862,1199,151,4676,3612,116010,2893,6229,-1448,-1476,639,229,1382354,2925,16371,3676,34216.0,240477
6.447122574,4700,91706,-1859,-426,48365,62270,1910392,9905,521,7227,142154,42382,633,1341,255,4014,7831,99892,2522,7838,-235,-1227,817,362,1391619,3008,17252,4356,31360.0,310735
6.44791317,4728,95825,-2417,-653,49905,60615,2130075,10658,915,7618,149606,46046,474,1259,263,3922,6019,107192,2773,8474,260,-936,778,165,1382909,2311,17547,3314,31156.0,321432
6.448703289,4928,101038,-2132,-276,48331,70258,1886892,10163,680,8257,147494,42580,460,1237,268,4043,8128,98803,2858,8492,-548,-706,1078,369,1387546,2208,17468,4035,29396.0,333881
6.449493885,4132,71077,-2706,-452,55257,37380,2513620,10741,965,7920,150576,47184,631,1251,182,3730,4430,113443,2657,7433,-1014,-1164,1003,353,1374164,2923,16570,3503,31688.0,273906
6.450284004,3955,67980,-3166,-1028,53256,32051,2555848,11244,61,7215,149293,49332,711,1374,104,4052,3435,116141,2533,6622,-1360,-1536,685,307,1376667,2395,16661,3652,31848.0,264523
6.451074123,4212,87239,-2045,-491,45779,53448,2045679,10775,288,8037,144735,43259,2647,1783,94,3861,7154,103715,2575,7615,-1431,-753,2248,226,1385288,2567,18032,3519,32121.0,300409
6.451864719,3945,65525,-3170,-1327,54205,30221,2624337,11384,953,7407,156752,47907,636,1631,271,3978,3677,119602,2735,7107,144,-1158,308,405,1378328,2913,17893,3287,33853.0,267827
6.452654839,4446,82676,-2485,-561,50775,50896,2298394,10889,153,7816,150707,48672,541,1424,277,4257,5712,109948,2337,7759,-542,-1454,769,309,1376895,2483,17182,3833,30767.0,299614
6.453444958,4107,72125,-2685,-617,55395,39896,2459636,10108,809,7630,145443,47516,555,1459,166,4176,5072,112050,2788,7405,-241,-1133,740,333,1373664,2969,16887,3986,29761.0,271679
6.454235554,3791,67684,-3291,-658,57493,33068,2563204,10924,364,6986,147375,46527,425,1191,103,4488,3867,117034,2586,8212,-279,-1096,553,222,1375645,2777,18343,3826,31488.0,262842
6.45502615,3931,68394,-3025,-884,55229,34529,2576324,10750,198,8139,149806,46840,452,1213,173,4052,3919,114208,3114,8396,39,-966,589,293,1375322,2635,16862,3631,30516.0,267410
6.455815792,3690,65885,-3087,-987,53586,30880,2623112,11173,1007,7875,151256,46910,503,1225,165,4168,4320,114832,3076,7616,221,-168,614,116,1373219,2363,16362,3609,30118.0,262884
6.456606388,4088,71315,-2727,-619,52478,35725,2579310,11470,692,8156,149080,48761,425,1108,91,3997,3978,112299,2776,8645,-389,-1166,531,306,1364502,2850,17147,2983,29403.0,271678
6.457396984,3873,67035,-2615,-493,53349,32297,2589147,11074,417,7303,144764,48668,582,1171,197,4348,3420,113662,2565,7846,-723,-1504,393,353,1375349,2717,16737,4361,29923.0,259043
6.45818758,3907,68818,-2738,-553,53437,33951,2572232,11021,209,7556,144955,50466,514,1207,108,4095,4051,112533,2293,7423,-723,-1372,483,356,1375463,2254,17310,4122,29644.0,262652
6.458977222,4472,74389,-2958,-894,51983,40250,2504688,11150,748,8416,137595,48256,495,1119,135,3804,4723,108487,2510,8216,-363,-1405,312,222,1372617,2825,17260,3752,28616.0,267856
6.459767818,4228,73597,-2854,-812,53142,39220,2505173,11010,943,9055,133727,45943,532,1042,229,3901,4288,106293,2915,7586,-637,-1225,584,165,1367704,2837,17805,3482,27246.0,261782
6.460558414,4133,74782,-2635,-603,51549,41705,2438126,10806,560,8268,135888,47911,505,1148,204,4023,4899,102406,2055,8381,-294,-1182,549,362,1364826,2516,17359,3519,27474.0,267314
6.461348057,4119,70205,-2862,-611,52692,35043,2554415,10615,69,8419,135384,48129,541,1004,81,4332,4200,106382,2862,8303,-1646,-1782,350,285,1356450,3206,17229,4100,27176.0,255366
6.462138653,3997,68505,-3092,-859,53606,32713,2530578,10642,311,8231,133461,49052,905,1094,130,4046,3949,106073,2528,6992,-1328,-869,1291,143,1343995,2942,15862,3389,27848.0,249318
6.462929249,4688,77502,-3036,-622,54925,37280,2616447,10909,509,8279,139690,48368,547,1079,144,4337,3494,108919,2464,6901,-972,-1003,388,287,1328299,2945,16998,3588,28503.0,270069
6.463719368,5621,109517,-2220,-733,51837,67421,2071436,12651,962,8234,154983,46121,440,1368,262,4286,5696,100216,2831,8688,223,-1579,587,389,1334396,2454,15749,4407,27741.0,350193
6.465300083,3384,61046,-3285,-1449,56951,26487,2746298,9844,614,8542,134893,49070,669,1309,266,4088,3786,107104,2689,7110,-792,-623,1004,232,1329495,2118,16342,3440,27330.0,235654
6.466090202,3572,57742,-3602,-1020,58180,21168,2837663,10142,633,8549,138085,49930,567,1177,145,3902,2705,111549,2475,6762,-438,-505,320,259,1332236,2643,16924,3815,29134.0,230709
6.466880322,3696,56980,-3220,-480,58704,23090,2759725,9578,640,8703,143229,48808,639,1095,149,4194,2860,112242,2184,6988,-1040,-1219,441,207,1331439,3067,17042,3419,31443.0,236573
6.467670918,3526,56954,-3259,-969,58892,21866,2803801,10576,336,8115,137180,51110,574,929,97,4561,2720,111457,2321,6345,-1733,-1452,497,321,1344761,2031,16873,2996,31841.0,230102
6.468540192,3430,57224,-3638,-1035,59348,21698,2813263,9926,391,8606,133610,51156,539,1074,190,4384,2705,112111,2440,6175,-1013,-1103,435,234,1364995,2450,16354,3829,30720.0,225888
6.469520569,3864,60861,-3334,-970,55944,24430,2764415,10534,207,8139,148125,51566,573,1152,197,4256,3180,114390,3047,6834,-763,-1193,479,229,1382033,2721,18427,3278,31442.0,247814
6.470500469,3733,61385,-3134,-921,56933,25221,2765323,10147,465,8353,152364,50860,636,1256,220,4122,3013,113370,2512,6327,-204,-1307,560,217,1379583,2914,17951,3569,32202.0,252850
6.471480846,3845,60079,-2841,-825,58245,24507,2715896,10836,363,8395,151505,51119,621,1104,140,4209,2859,115864,2184,6874,-1234,-1429,475,317,1381099,2647,17906,4054,29405.0,250772
6.472461224,3473,60115,-3410,-898,57059,25895,2670317,10888,621,8008,143195,49509,575,1086,156,4155,3127,113588,2480,7000,-939,-1056,526,317,1395487,2701,18405,3455,29985.0,243566
6.473441124,3629,57220,-3023,-714,54768,23283,2653476,11161,762,8423,145865,49415,550,1094,225,4267,3241,113376,3056,7103,-1009,-1727,545,214,1409043,2512,17356,3944,33559.0,241158
6.474421501,2584,49457,-3255,-810,51464,20901,2481903,10486,979,7743,139919,42794,557,1087,166,3834,2831,108817,2533,6841,-708,-825,353,272,1380539,2388,17787,3719,32968.0,223347
6.477362156,2753,45130,-2445,333,47662,21704,2202693,9165,826,7395,128874,41429,571,1034,87,3905,3020,107683,2245,6116,-1308,-1551,448,297,1382622,2915,17861,3478,31034.0,207626
6.47834301,3178,55022,-2794,-200,55054,29568,2425688,10885,1155,7350,151257,49164,616,1115,239,4053,3434,115287,2133,6575,-774,-581,444,200,1386788,2621,17932,3561,33680.0,249910
6.479323387,3236,56793,-2621,-212,61294,28873,2613196,10969,395,8598,150606,50630,535,1066,137,4185,3510,114966,2664,7873,-538,-1090,470,239,1378589,2078,18075,3837,33025.0,250477
6.480303764,3804,64918,-2499,289,58966,34620,2523584,11632,675,8376,159760,47253,578,1250,213,4277,4277,113894,3073,7606,-532,-1190,553,350,1393402,2921,18240,4655,33531.0,274734
6.481283665,3840,64578,-2300,-78,60407,32634,2587749,12393,1126,8440,166754,52331,591,1296,245,4436,3530,115086,2461,6814,-598,-1024,530,348,1366652,2559,17761,3699,33927.0,280199
6.482264042,4202,69661,-2849,-18,58416,36537,2488118,12377,849,7795,175532,48513,534,1383,189,4470,4198,110801,2514,7861,504,-492,558,240,1356275,3412,17362,3372,32531.0,298309
6.483244419,4161,68834,-2091,358,59164,36449,2547644,12090,590,8003,169637,54778,621,1333,132,4224,3969,113604,2977,7129,3,-970,638,253,1346368,2715,17217,4064,32146.0,291171
6.484224319,3847,63375,-3062,-245,58461,31780,2529175,11912,535,8325,165094,50589,528,1120,190,4257,3661,110162,2296,7893,-492,-1321,442,328,1345059,2482,18237,3805,33468.0,276008
6.485204697,3804,65970,-2757,-170,56159,35543,2457012,11909,1297,8126,162828,49048,581,1130,184,3919,4345,109115,2540,6982,-825,-950,462,174,1342736,2958,17537,3684,32742.0,280054
6.486185551,3549,62117,-2480,47,58861,31579,2639274,11060,880,8156,159467,49913,497,1128,150,3899,4179,111421,2361,6428,-273,-807,532,188,1340109,2971,16550,3947,30733.0,267772
6.487165928,3494,59497,-3105,91,60013,29902,2691955,11159,546,7692,145915,50281,522,1220,194,3942,3740,111483,2548,6932,-69,-914,668,405,1342211,2884,17165,4117,28939.0,249967
6.488145828,3340,59656,-3039,-87,58527,30881,2636382,11210,615,7935,150388,50001,584,1054,134,4177,3683,111163,2199,6970,-1280,-1460,499,265,1343116,2538,18293,3849,30836.0,255475
6.489126205,3536,61838,-2714,-153,57204,31815,2640935,10552,1345,8409,153407,50509,542,1058,237,4405,3386,111346,2503,6360,-868,-1428,527,291,1349421,2737,17837,3487,27912.0,261148
6.490106583,3860,65144,-2669,-74,57684,33733,2691245,11302,1499,8107,156241,51763,538,1107,295,4176,3585,112003,2631,7261,-616,-1024,462,269,1344268,2888,17298,3468,28909.0,270280
6.491086483,3879,67368,-2264,222,56733,36042,2576537,11368,1098,8265,148435,50927,640,1045,126,3984,4107,107165,2962,7207,-1396,-1464,515,378,1344303,2410,17401,3091,26519.0,267092
6.49206686,4005,64277,-2819,-459,55892,34453,2688382,11234,159,7469,156228,51138,518,1218,197,3959,4621,108514,2741,7255,258,-887,672,260,1355477,2947,18227,3549,27525.0,270197
6.493047237,3456,62446,-2845,-553,56874,31467,2649263,10856,537,8279,158366,50466,554,1200,160,4224,3821,108757,2040,6988,-859,-1134,471,352,1357794,2734,17336,3832,28025.0,266591
6.494027615,3792,62356,-2802,-439,57041,28747,2715627,11547,1127,8705,163073,52435,561,1418,165,4330,3149,113110,2614,6699,-69,-998,606,292,1361486,2799,17574,3981,29327.0,269515
6.495007515,3624,63417,-2583,173,59781,30518,2697335,11696,892,8104,166721,52564,632,1383,182,4191,3639,113505,2527,6587,-334,-358,569,238,1372718,2715,17895,3373,30187.0,275976
6.495987892,3418,58238,-3386,-217,60242,26477,2870835,10644,1022,8949,154578,52244,624,1258,120,4130,3020,114715,2574,6811,-109,-262,453,155,1379795,2849,16671,4202,28212.0,253355
6.496968746,3151,54810,-2670,-299,60567,22976,2836091,10238,466,8230,147196,53615,498,1147,130,3815,2220,112438,2489,6360,-600,-1106,424,334,1378526,2277,16440,2964,29757.0,238371
6.49794817,3467,55593,-3027,-285,63153,24778,2771041,10207,962,9054,149366,50358,553,1121,219,4457,2762,113629,2261,6148,-711,-1302,634,394,1385811,2991,17527,4468,27171.0,243411
6.498929024,3145,53134,-2927,-355,59748,22484,2822971,9964,639,8482,141112,52081,505,986,140,4332,2777,113851,2082,6504,-1008,-1574,414,250,1390987,2870,17353,3716,30146.0,229839
6.499909401,2881,49226,-3163,-521,58712,18932,2818724,9371,656,8987,126802,51527,482,913,129,4004,2592,112170,2307,5732,-1173,-1666,493,311,1391110,3053,17364,4158,29749.0,207212
6.500889778,3433,54037,-3343,-435,59009,20834,2932437,9793,390,8589,137781,52220,513,1066,164,3897,2413,114240,2572,6198,-426,-1348,512,305,1382861,3187,18065,3845,26924.0,225878
6.501869678,3036,53987,-2953,-584,56412,21777,2991336,9444,606,9152,139189,53366,466,1213,79,4288,2380,113653,2009,6105,-513,-890,536,278,1384100,3027,17148,4242,28584.0,227433
6.502850056,3280,53358,-3217,-503,59910,20246,3078228,8966,569,8964,131635,51604,535,1068,41,4059,2144,115420,2372,6345,-649,-1133,380,200,1386800,2404,16805,3162,27865.0,217485
6.503830433,3679,54510,-2879,-392,60678,22349,2921864,10377,903,8711,141569,54466,545,1132,214,4485,2815,116620,1949,6080,-413,-703,458,286,1393444,2970,16607,3187,28566.0,232484
6.504811287,3202,54048,-3005,-424,59476,22992,2917033,9973,750,9033,138831,52917,607,936,162,4493,2959,114243,2425,6039,-1376,-804,463,298,1387593,2867,17890,4433,28353.0,229046
6.50579071,3391,53546,-3798,-458,58766,20702,3060697,9199,880,8992,133959,50660,497,881,176,3992,2524,115286,1937,5776,-1312,-1056,330,282,1386459,2387,17511,3980,27467.0,220797
6.506771564,3365,53051,-3117,-195,58405,20650,3051898,9593,702,9444,132832,51073,435,1016,124,3647,2668,114489,2048,5910,-536,-1139,309,390,1396562,2947,17326,4102,29545.0,219491
6.507751942,3050,51259,-3109,-180,57411,21821,2970563,9295,783,9735,134650,53320,522,1010,126,4034,3017,113297,2509,6280,-293,-754,395,180,1393501,1935,16744,3171,29811.0,220075
6.508731842,2947,50425,-3080,-422,57225,19781,2972257,8769,689,9093,129222,51236,467,919,111,3959,2567,112217,2071,6331,-849,-1207,461,257,1389372,2911,16662,3760,28303.0,211144
6.509712219,3620,54584,-2716,-406,57229,21848,2974352,10040,457,8964,136095,51203,516,1218,162,3920,2851,111951,2475,6093,-266,-728,403,267,1398758,2632,17592,3623,28112.0,226187
6.510692596,3421,56139,-2797,-320,56383,21680,3060207,9395,366,9104,139158,53186,463,933,72,3803,2400,114313,3178,5775,-1248,-889,445,324,1397751,2569,16566,3651,29122.0,229793
6.511672974,3489,56034,-2831,-272,55153,22498,3056452,9643,487,9358,137357,54141,546,1036,82,4093,2760,113312,2156,5708,-1092,-783,470,351,1400968,2800,17027,3478,27794.0,229021
6.512652874,3743,57634,-2670,-185,56318,22820,3047438,10085,732,9469,144760,52787,607,1104,130,3985,2463,114450,2671,6843,-1217,-1243,533,231,1397158,2813,17050,3783,30171.0,239042
6.513633251,3558,57232,-2967,-477,52805,23328,3075742,10635,531,8962,140799,53030,586,1087,169,3917,2649,114635,2273,6617,-996,-947,356,289,1396682,2459,17087,3517,30661.0,235552
6.514614105,4085,58857,-3204,-323,54273,22089,3068333,10090,358,8504,141717,50980,505,1128,137,3971,2371,113607,2202,5735,-527,-1109,392,252,1394163,2517,16056,3528,29917.0,236838
6.515593529,3441,58552,-3186,-296,56360,22858,3050645,9740,801,8931,148224,51219,608,1126,197,3930,2553,114467,2808,6326,-983,-912,413,278,1390799,2478,15725,3293,30176.0,242815
6.516573906,3730,57412,-2885,-492,55078,23031,3031755,9989,61,9150,144424,53214,542,1090,171,4024,2805,114959,2836,6944,-296,-721,294,232,1387197,2573,16926,4585,29204.0,238586
6.51755476,3538,59488,-3206,-302,54941,23514,3034065,10139,442,8400,149797,51689,780,1328,107,4002,2594,116640,2437,5962,-762,-576,446,201,1385941,3430,17144,3842,30349.0,246476
6.518535137,3600,58280,-2661,-273,55535,23395,3045428,10374,627,8115,150180,52651,513,1072,152,3843,2607,117107,2340,6872,-721,-1298,440,297,1389848,3247,16097,3398,30597.0,245829
6.519515038,4083,59382,-3047,-428,53743,23492,3022194,10744,365,7599,150077,53944,616,1155,181,3873,2630,115545,2223,6951,-559,-1148,297,269,1387119,2495,16291,3878,30076.0,247778
6.520495415,3846,58916,-3403,-396,55695,23299,3008291,10662,1015,8423,148300,51779,562,1175,200,3723,3128,113735,1940,5674,-685,-504,325,376,1388623,3145,16814,4121,29724.0,245023
6.521475792,3724,58597,-3020,-559,55069,22644,3016670,11316,822,8638,151901,51961,533,981,136,3795,2568,114782,2151,5780,-1056,-1216,427,224,1385724,2740,16507,3118,30827.0,248182
6.522455692,3483,56027,-3191,-538,56996,22896,2970777,10418,484,8482,148758,51246,564,1055,88,4128,2797,114056,2684,5832,-1684,-1451,580,320,1387051,2474,16955,3298,31692.0,241582
6.523436069,3705,57791,-2819,-402,57040,23051,3005927,10037,1054,9208,149154,52786,614,1069,212,3791,2599,114354,3021,6283,-891,-902,452,229,1380788,2927,17244,3331,31580.0,243738
6.524416447,3348,55174,-2915,-198,56370,22279,2952002,9778,897,8741,144910,52072,587,1076,159,4116,2680,112771,2683,6074,-921,-728,554,250,1376083,3041,16700,3645,29995.0,235489
6.525397301,3632,56951,-3262,-491,56652,22084,3002918,10177,306,8726,148461,52089,520,1396,173,3997,2727,113374,2066,5562,366,-608,384,248,1366431,2989,15851,3006,30989.0,241305
6.526376724,3272,56263,-3659,-786,54923,21255,3001406,10494,749,8465,145521,52808,511,1539,82,3959,2431,114214,2522,6379,50,-780,331,232,1365141,2702,16997,3472,31338.0,236805
6.527357578,3466,55815,-2962,-707,55835,20717,2997728,9616,548,7913,140939,50776,596,1066,135,3844,2408,114825,2413,5269,-1162,-690,416,179,1361470,2604,16768,4475,30929.0,230553
6.528337955,3531,55923,-3886,-492,56964,20774,3042373,9840,170,8255,136810,50846,627,958,148,3839,2152,111703,2160,5906,-1133,-1370,342,196,1371382,2521,17193,3520,29597.0,226878
6.529318333,3652,54448,-3239,-272,56990,20177,3042656,9557,486,8374,134536,51812,552,922,124,4166,2763,113577,2104,6069,-1271,-1570,462,240,1368755,2725,15313,3853,29449.0,222370
6.530298233,3123,52206,-3303,-613,57342,20004,2952060,9176,52,8225,134432,51040,505,953,136,3720,2843,115591,2477,6399,-1039,-1607,526,307,1361390,3013,16348,3589,27439.0,218941
6.53127861,3277,54281,-3597,-724,56003,20629,2922529,9290,620,8252,140910,52108,582,1126,183,3927,2585,116089,1474,5810,-346,-484,383,180,1342964,2571,16397,3408,27740.0,228387
6.532258987,3074,52752,-3984,-666,57282,19526,3050730,9499,642,7783,132681,51669,643,1083,101,4136,2370,115607,1524,6149,-907,-1090,506,247,1351585,2597,16904,3863,26303.0,217532
6.533238888,3212,52798,-3518,-529,56631,20146,2998083,9500,693,8492,135836,50999,502,1045,154,3816,2693,116915,2301,5654,-742,-968,471,376,1340688,2385,16032,3272,29260.0,221492
6.534219265,3241,51660,-2992,-772,56811,19318,2949993,9302,796,7904,132261,51775,475,927,77,3709,2044,114664,2089,6060,-827,-1464,426,208,1343912,3165,15996,4172,27170.0,215782
6.535200119,2927,47920,-3585,-607,57227,18562,2964975,8598,730,8019,123846,52436,610,941,136,3799,2338,113899,1676,5711,-1247,-1617,542,332,1343108,2507,16574,3403,25080.0,201853
6.536180496,3385,51418,-3111,-731,56688,19413,2947710,8841,719,7998,126207,51605,687,943,106,3886,2396,110965,2127,5688,-1619,-1482,325,265,1346959,2788,17026,3947,25104.0,209264
6.537160397,3257,50037,-2957,-428,55864,18830,2938054,9054,578,8228,130592,52412,700,1081,179,3962,2390,110195,2242,5516,-1406,-1345,464,352,1354053,2490,16601,3635,25827.0,211770
6.538140774,3057,53400,-3268,-716,56802,19272,2949852,8803,154,8443,134391,51385,653,1266,159,3914,2086,110480,2281,5742,-1125,-738,432,459,1342987,2346,16225,3594,26405.0,218923
6.539121151,3378,53060,-3471,-953,55557,19798,2993295,9465,688,8435,137541,52722,601,1159,126,4324,2577,113487,2079,5836,-975,-1241,300,215,1359004,2826,15713,3639,28912.0,223242
6.540101051,3051,52435,-3412,-561,58823,19505,3000437,9477,1599,8818,134220,51234,687,1020,127,3989,2398,114625,1964,5563,-1370,-1404,362,268,1369957,3187,15964,3839,27715.0,218688
6.541081429,3111,52060,-3198,-676,57107,20696,2939900,9191,750,8365,134814,51647,770,1114,220,4133,2261,112902,2610,5591,-1706,-951,495,339,1375929,2998,16838,3792,28053.0,219872
6.542061806,3198,53821,-3541,-677,57807,20213,2991523,9335,225,8489,134589,54350,763,1086,185,4148,2622,113453,2032,5195,-995,-1097,429,240,1381811,2534,16352,3115,29066.0,221156
6.54304266,3099,51503,-3385,-769,57050,18667,2942799,8935,390,7933,122274,50079,800,843,123,3972,1760,109416,2353,5269,-1949,-631,600,245,1382947,3307,17204,3095,27154.0,204478
6.544022083,3260,54489,-3025,-682,58332,20701,3030579,9760,740,7989,130384,51494,644,946,174,4164,2112,113042,2228,5792,-1638,-1663,451,300,1384676,2694,15581,2877,26962.0,218594
6.54500246,3427,54979,-3591,-651,57838,21146,3016860,9158,545,8999,132389,52961,696,966,128,3714,2800,113572,2405,5711,-1697,-1314,513,258,1386381,2734,16792,4271,29062.0,221099
6.545983315,3166,53183,-3084,-443,56435,19742,2985903,9397,639,8856,132915,52707,643,1013,166,3805,2072,114859,2420,6721,-1585,-1905,582,482,1388950,2361,16412,3829,31748.0,218403
6.546962738,3325,52284,-3787,-479,58148,19977,3008721,9418,320,8685,133430,48667,718,992,193,3982,2561,116478,2430,5891,-1335,-688,504,290,1392502,2598,16926,3226,33052.0,218434
6.547943592,3217,53139,-3408,-507,56299,21370,2981311,10181,795,8822,137761,51059,653,1102,169,4096,2335,117201,1872,5810,-1617,-1151,393,344,1394205,2776,16915,3994,32626.0,225668
6.548923969,3206,52938,-3492,-786,55356,20883,3036193,9785,14,7974,133163,50513,780,1062,110,3823,2464,120851,2146,6003,-1666,-1597,527,270,1391353,2814,16555,3876,31204.0,219975
6.549904346,3151,52242,-3555,-703,55760,21430,2969935,9679,724,7898,135608,50736,770,946,123,4196,2144,119798,2678,5964,-2079,-1602,378,357,1387132,3068,16458,3822,34205.0,222110
6.550884247,2911,50669,-3125,-196,56164,20132,2996511,9187,981,7775,132270,50158,734,910,85,3789,2132,118054,1748,6230,-1569,-1600,422,325,1384403,2737,16156,4322,27572.0,215169
6.551864624,3011,50862,-3563,-713,54650,20333,2825964,9374,283,7348,132570,50968,905,938,165,3905,2402,118379,2048,6516,-1641,-935,543,179,1378110,2724,16805,4202,33479.0,216150
6.552845001,3133,51947,-3033,-462,54812,20448,2729108,9825,586,8144,132381,53053,760,1070,111,4178,2605,114827,2648,6130,-1546,-600,494,328,1373829,2708,15161,2923,36484.0,217734
6.553825855,2881,49724,-3411,-636,55937,19140,2735346,9098,461,7868,125027,50727,762,993,81,3885,2566,113979,1898,6493,-1074,-1093,521,218,1368868,2858,16102,4030,33088.0,205870
6.554805279,3038,50904,-3151,-786,54717,19801,2783672,8469,533,7599,125485,52299,792,898,95,3832,2526,113481,1952,6059,-1160,-1198,499,157,1375857,2468,17415,3308,30135.0,207697
6.555786133,3114,54940,-3468,-506,54389,23069,2723618,10123,491,7380,135432,49916,792,988,123,3555,2631,115108,2184,5543,-2009,-1114,481,282,1368789,2688,16214,3525,29578.0,226678
6.55676651,3609,60610,-3251,-597,55023,26622,2682450,10945,351,7275,144866,50758,820,1146,168,4039,3057,116027,2212,6642,-1144,-1416,456,261,1375745,2799,16879,4562,30392.0,246652
6.55774641,3730,66946,-2930,-555,55736,31735,2610337,12167,445,7393,166557,51800,841,1312,184,4183,3061,118747,2111,7585,-541,-728,438,208,1382906,3546,16558,3849,35871.0,281135
6.558726788,3945,67204,-3163,-648,58859,31633,2633854,12805,715,6979,173014,52658,912,1346,200,4424,3548,120506,2566,7145,-1532,-824,627,341,1380489,2718,17055,4008,35484.0,288601
6.559707165,4022,70525,-2821,-623,58763,34680,2572497,13020,220,6660,175862,53014,787,1248,68,4333,3683,122401,2490,7355,-555,-763,339,249,1380529,2478,17695,3651,37062.0,298109
6.560687542,3924,67133,-2472,-441,58236,34091,2414622,13377,267,6207,177342,47244,768,1272,123,4353,3641,116966,2756,7183,-1734,-1419,586,362,1380995,2864,18155,4262,36574.0,295867
6.561667442,3838,66132,-2725,-419,59587,33467,2443563,12135,922,6403,166347,49862,829,1291,101,4454,3754,120013,2342,7187,-1534,-1328,521,287,1383434,2954,18289,3938,36225.0,281919
6.56264782,3801,64886,-3305,-584,56655,32558,2413471,11837,596,6366,163347,46138,742,1220,130,4353,3291,115696,2323,7493,-1431,-1000,467,218,1383483,2666,16663,3839,34796.0,276429
6.563628674,4087,69401,-2475,-251,56374,33981,2572404,13004,518,6202,172824,49722,740,1398,226,4365,3476,121460,2346,6999,-710,-993,598,252,1378294,2286,17373,4181,38089.0,293297
6.564608097,3935,62323,-2635,-489,56146,26636,2665365,11641,1207,6087,161802,50129,622,1257,110,4463,2959,123703,2408,6827,-957,-876,571,237,1364694,2944,16849,3866,40303.0,266337
6.565588951,3482,58003,-3710,-501,57509,23861,2711699,10434,1335,6797,152044,49483,698,1189,179,4126,3009,123675,2714,6806,-477,-683,427,162,1352621,2180,15495,3894,39376.0,247824
6.566569328,3807,59552,-3191,-559,59899,25233,2777222,10951,953,5999,159755,52786,719,1181,130,4286,2925,126491,1882,7126,-1671,-928,501,354,1356474,2829,15391,3644,37433.0,259298
6.567549706,3171,51935,-3707,-822,58564,18733,2920085,9131,661,6617,132672,51701,506,959,124,3988,2210,125507,2202,6478,-926,-1208,560,246,1357175,2439,17025,3707,32056.0,215642
6.568529606,2980,49052,-3520,-1221,58314,17279,2821311,8463,586,6329,122481,49953,434,939,188,4180,2626,125056,2151,6313,-929,-1281,420,261,1339451,2743,16535,3857,27460.0,200255
6.569509983,3647,59432,-3078,-671,57631,26659,2599230,10687,629,5921,147456,49175,597,1248,151,4156,2948,122002,2232,7379,-398,-611,435,244,1331290,3007,17495,4095,32569.0,247881
6.57049036,3335,51334,-3343,-968,55321,18373,2668024,9544,-42,5644,125234,51975,632,1052,56,4075,2290,118474,2502,6245,-805,-953,518,265,1325769,2756,17618,3234,27544.0,207820
6.571470261,3335,52329,-3135,-479,58638,19654,2679226,10025,568,6022,139446,50287,3128,1121,69,4084,2574,120767,2462,6535,-450,503,1831,229,1332167,2545,16494,3633,32723.0,224789
6.572450638,3082,50229,-3643,-989,55839,18872,3062399,9347,1098,7046,123226,53461,535,971,216,3995,2233,125495,2531,6512,-750,-957,327,344,1334544,2952,16062,3842,27750.0,204756
6.573431015,2853,48646,-3957,-778,57759,17018,3082071,8787,541,7260,118847,49728,558,959,129,4038,1961,123302,2112,6355,-1298,-1151,340,229,1331743,2108,16397,3513,24048.0,196151
6.574411869,2804,48844,-3620,-631,59613,17494,3158411,8369,577,7212,117539,53529,593,869,77,3635,2323,125137,2505,6278,-1975,-1186,507,339,1336334,2723,16964,3347,24780.0,195050
6.575391293,2857,51116,-3825,-862,55813,18595,3101624,9331,636,6681,125998,54371,569,873,107,3671,2307,124898,2149,6421,-1913,-1061,354,271,1337790,3264,16267,3168,25024.0,207897
6.576372147,3380,53717,-3481,-709,56969,19778,3086220,9262,900,7776,131293,54148,560,1072,197,3803,2412,124696,1975,6026,-1202,-1668,510,383,1343659,3255,16362,3711,27255.0,217430
6.577352524,2930,53873,-3548,-853,57000,19855,3091177,9396,1005,7921,135293,54642,561,1072,129,4252,2732,125803,2236,6147,-1021,-889,478,423,1341535,2883,16590,3889,26436.0,221347
6.578332901,3349,54371,-3617,-730,55780,19453,3070724,8973,1052,8304,137320,53736,719,1253,50,3925,2516,124937,2322,6106,-1175,-698,488,253,1353639,2388,16452,4209,26627.0,223466
6.579312801,3406,54075,-3689,-745,53593,19720,3039309,9388,688,7823,134938,53809,640,1227,255,3815,2538,124370,2677,5967,-631,-797,405,364,1359066,2656,16025,3652,29250.0,221527
6.580293179,3260,53847,-3751,-930,55988,19370,3013513,9083,950,8437,136159,51706,654,1128,66,3855,2099,124926,2602,6324,-726,-835,479,144,1369328,3044,16982,4039,28153.0,221719
6.581273556,3479,54686,-3583,-496,56267,19698,2983965,9429,822,7884,138610,54482,793,1440,162,4079,2520,123685,2285,6952,-860,-847,479,246,1361541,2573,15963,3888,29973.0,225902
6.582253456,3303,53336,-3967,-1113,57684,18790,2987508,9321,342,8084,132123,51647,791,1245,136,3978,2571,124018,2362,6868,-1559,-834,360,300,1367329,2237,16863,3505,29379.0,216873
6.583233833,3188,53275,-3664,-846,58107,19438,2942731,8919,612,7440,132669,53709,632,1080,117,3931,2404,125160,2106,6299,-756,-1129,373,172,1361602,1947,16647,3404,29588.0,217489
6.584214687,3008,52303,-3234,-814,57555,18715,2946872,9249,413,8090,132180,50668,669,1085,165,4003,2403,125933,2459,6680,-890,-1241,426,188,1369707,3180,16838,3008,29241.0,215455
6.585195065,3013,51212,-3519,-1176,57278,18329,2934399,8922,523,7657,129519,48689,693,1050,153,4029,2681,125128,2061,6116,-1312,-1265,628,253,1369371,3214,17050,3351,29560.0,210995
6.586174965,3044,52105,-3405,-756,56750,18822,2929480,9456,392,7549,125981,51975,543,1006,179,3990,2808,123037,2223,7098,-740,-979,533,258,1369526,3151,18073,4175,29401.0,209408
6.587155342,3023,50976,-3926,-1161,56807,17857,2923561,8737,539,7680,124769,52080,542,895,115,4299,2700,123769,2154,6623,-2009,-1541,361,430,1368354,2661,16240,3964,29173.0,205362
6.588135719,3029,52288,-3871,-856,58218,18202,2940736,8828,528,7197,125931,52078,666,1058,108,4234,2069,124174,1850,6479,-996,-667,385,114,1365350,3042,15991,3424,30094.0,208278
6.58911562,2838,48843,-3971,-628,60021,17322,2934522,8906,232,7234,121700,49812,645,921,81,4023,2540,123756,1872,6352,-1935,-1802,429,275,1371962,2588,16693,3898,30211.0,199609
6.590095997,3051,48281,-3122,-354,55905,16726,2774582,8431,171,6631,120422,51850,463,921,152,4280,2252,120779,1945,6048,-819,-957,443,285,1370542,2842,18062,3282,28831.0,196911
6.591076374,2860,48567,-3196,-930,58020,17261,2923221,8658,597,7562,121853,51688,557,1062,193,3846,2255,123253,2392,6287,-944,-907,362,250,1370558,2748,16012,4220,29078.0,199199
6.592057228,3136,50170,-3786,-943,60392,17707,2995679,9205,461,8015,125310,54510,626,913,71,4443,2372,127262,2479,5925,-1816,-1306,548,283,1368475,2181,16652,3236,28268.0,205528
6.593036652,3180,51523,-3992,-1153,58517,17867,2999183,9277,510,8301,123146,50090,586,917,163,4189,2257,123508,2142,6598,-2048,-1924,393,267,1371775,2642,16148,2997,28397.0,204993
6.594017029,2602,49206,-3770,-934,58698,17639,2971294,8505,74,6954,117260,50025,539,797,104,3868,2504,120741,1868,5896,-2353,-2445,456,389,1359912,2809,17392,3242,24710.0,195212
6.594997883,2449,44259,-3357,-975,51200,16129,2699548,7827,677,6632,112515,46917,424,859,99,3782,2233,115050,2042,5518,-1045,-1680,355,246,1362156,2556,15855,3664,24007.0,183179
6.595977306,2493,43830,-3036,-629,51517,15764,2574010,7559,437,6413,110503,44679,502,939,113,3501,2820,111986,2083,5911,-1299,-1118,469,352,1371473,3129,16169,3353,27657.0,180149
6.59695816,2485,42298,-3043,-888,49515,16240,2530271,8479,423,6215,116391,47042,503,979,84,3701,2488,119422,2077,6254,-871,-728,340,160,1369600,2509,16528,3834,28048.0,185893
6.597938538,2809,47099,-3185,-832,50945,18312,2783873,8217,586,6811,118274,45406,466,865,161,3797,2470,116368,2098,6040,-765,-558,577,266,1374343,2882,17397,3375,27709.0,194711
6.598918915,2433,42322,-3073,-958,52215,15990,2602076,8711,552,6469,111163,48701,514,849,230,3917,2207,117177,2312,6226,-1355,-1061,379,159,1355657,2904,17512,4674,25984.0,180619
6.599898815,2208,43886,-3638,-892,55063,16345,2696703,8270,693,6799,113293,49201,591,1000,118,4173,2523,119409,2094,6082,-1318,-1405,529,255,1351912,2804,16980,3726,23865.0,184002
6.600879192,2635,46572,-3702,-1206,56996,16615,2866291,8159,-262,7594,117745,49074,557,986,119,3699,2786,121452,2338,5927,-1194,-1543,392,242,1366277,2118,16866,4000,26164.0,191726
6.60185957,2362,43793,-3569,-762,55341,16100,2774768,7971,549,7483,113460,43682,611,967,162,4317,2356,119126,1812,5426,-1758,-1056,478,291,1359056,2447,17612,3493,24484.0,183686
6.602840424,2267,41498,-3387,-898,54898,15813,2730747,8086,419,7912,104943,45958,622,950,122,3887,2577,119175,2295,5864,-1748,-1695,487,287,1357680,2170,16557,3560,24700.0,172607
6.603819847,2009,38183,-3244,-982,52650,13861,2476731,7012,788,7113,97810,51944,526,890,77,3665,2613,113477,2197,5929,-1955,-1924,381,320,1348464,2654,16348,4062,23929.0,158875
6.604800701,2346,41550,-3302,-1071,50330,15968,2564672,6981,786,7002,105464,48039,566,907,191,4168,2279,113738,2144,6120,-1081,-1343,390,274,1348333,3142,16798,3895,24523.0,172309
6.605781078,2393,44507,-3402,-1191,54780,16323,2667731,8472,454,7540,107905,47694,463,914,165,3522,2732,116464,1988,5483,-920,-1459,322,313,1342196,2486,15833,3414,26040.0,179600
6.606760979,2401,43661,-3575,-1160,57844,17746,2645429,6738,898,7030,102297,52756,519,866,135,3899,2293,118407,2232,6355,-1097,-1330,371,271,1323555,2847,15349,3638,25106.0,172843
6.607741356,2888,51714,-3745,-725,59848,20931,2884392,8589,118,6958,116382,48974,637,918,194,4347,2629,122433,1941,6221,-1102,-1049,375,202,1327922,2638,15631,2873,25839.0,200504
6.608721733,3007,52364,-4174,-941,59143,20833,2947849,8247,522,8382,114984,50555,611,882,163,3935,2890,119735,1937,6094,-1176,-1032,323,186,1322652,2406,17406,3297,27045.0,199435
6.60970211,2832,52218,-4187,-1323,58160,20692,2962149,7720,688,8297,108130,49328,629,947,109,3999,2843,116090,1770,5974,-1283,-1335,540,222,1323772,2668,17122,3275,27171.0,191592
6.610682011,2891,53705,-3644,-1423,55302,23011,2940926,7991,82,7963,104927,52319,1011,1186,174,3719,3265,111407,1866,5982,-1698,-1004,546,220,1323181,2963,16745,3530,27052.0,192525
6.611662388,2815,53278,-3758,-620,56049,23215,2949561,7476,806,8453,100933,48380,3581,1261,70,3484,2661,110961,2669,6049,-51,568,889,371,1325361,2463,16262,3670,28077.0,187717
6.612643242,2993,55484,-3749,-1141,57820,24564,2957772,7635,655,8337,103659,49405,921,1028,143,3536,3197,110185,2076,6351,-1271,-1309,486,170,1324819,3320,16377,3224,24950.0,194335
6.613622665,3306,60314,-3926,-1159,56278,29399,2890671,7417,369,9310,108605,50582,622,1165,174,4013,3694,108175,2500,5764,-1039,-629,538,272,1324043,3120,16999,3943,25887.0,209041
6.614603519,3243,66112,-3268,-858,56060,36024,2802736,7983,300,8942,114355,50470,546,1041,202,3504,4787,106833,2482,6874,-910,-1354,483,319,1332998,2580,16382,4000,24988.0,227717
6.615583897,3697,67259,-3598,-1229,55996,35719,2783268,8550,389,8826,115038,48167,575,1089,193,3614,4056,105748,2090,6101,-762,-1533,430,275,1357780,2811,16877,3504,24526.0,230263
6.616564274,3542,66446,-3356,-814,55795,37763,2752508,7892,-14,8693,120979,50238,660,1018,187,3890,5010,104328,2370,6788,-1145,-1387,493,174,1361306,2658,17103,4117,24496.0,236622
6.617544174,3697,68573,-3257,-989,54816,38599,2742906,8429,-61,9296,118805,48414,502,1113,120,3631,4811,105738,2527,6728,-223,-1247,641,250,1372928,2029,16830,3194,25647.0,238103
6.618524551,3815,70581,-3145,-733,55079,41123,2699368,8225,-354,9142,119712,46332,542,1025,264,3514,5354,103287,2822,7096,-1002,-962,473,320,1378806,2916,16731,3700,23738.0,243456
6.619504929,3977,73331,-3588,-842,53773,44568,2682916,7630,347,9312,119355,47855,1215,1141,123,3691,5724,101038,2721,6881,-1890,-422,634,263,1381167,3077,16508,3142,23575.0,248861
6.620484829,3457,70082,-3421,-838,52947,40994,2699218,8358,282,8797,123113,49792,1143,1159,98,3514,5668,103913,1971,7881,-1544,-586,646,207,1395237,3424,16086,3585,25070.0,246004
6.621465206,3053,60117,-4091,-961,51971,32210,2804123,7953,634,8831,116938,47643,1267,1091,27,3611,4902,106896,2072,6875,-2358,14,687,308,1359167,2562,16172,3960,24885.0,220271
6.622445583,2949,58796,-3003,-658,48028,38499,2345639,8464,1027,8069,111785,43644,1366,1017,173,3529,5387,94781,2632,6678,-1369,-771,839,341,1360284,2379,16228,3839,25644.0,220493
6.624405861,3032,53346,-3709,-999,55266,22852,2935642,7446,169,8402,112519,47009,701,885,126,3691,3123,111087,1862,6565,-1658,-1389,392,315,1121859,2422,14407,3567,22769.0,199195
6.625386715,2624,48027,-3724,-995,53808,20484,2853650,7425,448,8737,106059,48055,707,1013,194,3465,3116,110097,2251,5986,-1706,-1338,428,262,1128339,2807,14357,4099,23192.0,184619
6.626367092,3614,62105,-2890,-702,50337,33670,2676049,7794,112,8486,115465,46102,647,979,131,3573,4050,106743,1902,5821,-1248,-1155,522,204,1122616,2652,14592,3351,24823.0,222648
6.627347469,3906,76575,-2984,-730,48004,49609,2611491,8892,746,8868,123033,49274,542,978,166,3562,6330,102231,2485,7741,-1059,-1424,515,170,1122912,2848,15410,3686,24035.0,262015
6.62832737,3761,67094,-3566,-1020,51724,37430,2760608,8608,244,8382,122028,50182,558,977,204,3582,4504,108869,2744,7232,-784,-1264,360,341,1118674,2474,15081,4346,25550.0,238921
6.629307747,3435,59200,-3601,-1309,51287,27003,2976097,8316,550,8790,117218,51733,560,861,133,3661,3277,115383,1976,6843,-1517,-1306,536,337,1116857,2733,14428,3215,25950.0,215172
6.630288124,3520,56408,-3566,-1159,51419,20516,3016148,9242,303,8004,131421,50963,506,948,62,3657,2956,117040,2412,6504,-1292,-1717,536,330,1114681,3169,14866,3653,26858.0,221107
6.631268024,3045,53417,-3769,-1235,50150,18035,3029675,8698,310,8650,120134,51657,495,989,90,3613,1887,116485,1932,5945,-1065,-1450,583,264,1114818,2691,14260,3674,25695.0,203329
6.632248402,3615,57704,-3614,-1182,50168,21986,2831036,9893,145,8025,143629,50996,435,961,127,3642,2838,117131,2369,6413,-755,-1130,417,326,1120110,3170,14661,3531,30113.0,236827
6.633229256,3815,58976,-2862,-925,51481,22513,2704983,10265,141,7854,147773,49673,567,1326,111,3565,2691,111240,1956,6737,-481,-937,538,197,1120346,2650,14942,3294,31191.0,243342
6.634209633,3443,57363,-3169,-625,51643,21248,2696500,10180,4,7603,146475,50589,643,1248,152,4000,2670,112922,2117,6242,-257,-455,492,214,1127760,3148,15594,4457,31368.0,238709
6.635189533,3544,56851,-3417,-775,54041,21146,2730373,10464,255,8498,148155,49278,545,1104,117,4063,2400,115910,2482,6488,-643,-408,432,234,1124331,2324,14258,3905,30438.0,240160
6.63616991,3575,57670,-3534,-739,52847,22148,2657257,10890,58,7288,156444,49240,448,1128,93,3794,2700,115942,2449,7185,-586,-1140,408,452,1129758,2167,15263,3811,34334.0,250727
6.637150288,3426,56812,-3340,-647,54002,21487,2694139,9951,1262,8277,146849,47422,583,1123,104,4068,3123,119283,2388,7034,-1097,-1055,524,281,1136319,2577,14725,4271,31913.0,238525
6.638130188,3194,51799,-3987,-1168,51381,18920,2828825,9454,630,7486,131518,51388,560,1157,177,4020,2262,118047,2340,6412,-132,-138,419,158,1140071,2569,14678,4094,30948.0,214885
6.639110565,3126,51161,-3376,-616,53835,18899,2784800,8730,611,7780,129267,46447,484,1042,160,3724,2459,120994,2308,6668,-433,-868,396,153,1133427,2888,15092,3776,28966.0,211183
6.640090942,2991,52052,-3758,-952,52602,17878,2993668,8520,-5,7730,114777,48814,551,959,105,3747,2680,119280,1852,5968,-1428,-1217,458,215,1144572,3044,14929,2911,26792.0,196218
6.641071796,2852,49369,-3356,-1109,51204,17808,2936648,7430,-58,8028,109845,50735,393,914,105,3544,2058,117029,2282,6558,-365,-1314,444,212,1147011,2104,15716,3746,24604.0,187304
6.64205122,3060,51389,-3924,-1010,53407,17948,2900021,8199,183,7770,113406,50118,548,852,49,3812,2214,115768,1938,7175,-1421,-1280,333,225,1149047,2708,15383,3033,24685.0,194002
6.643032074,2907,50564,-3854,-816,53804,17954,3015854,8264,385,7953,113691,49620,514,976,77,3986,2863,121085,2258,6964,-1220,-1456,446,485,1156126,2866,15710,3245,25098.0,193380
6.644012451,2590,46609,-4367,-1438,52602,16868,3056290,6374,55,7757,100772,51873,563,909,152,3516,2509,119337,1877,5822,-1595,-1523,425,408,1154476,2754,15844,2814,22976.0,173213
6.644991875,2620,46157,-4076,-1225,52992,16247,3123816,7347,-182,8406,93779,50609,547,920,94,3490,2575,118512,1383,5930,-1506,-1260,440,293,1151332,2744,15910,3760,19579.0,166150
6.645972729,2500,43829,-4322,-917,53061,13948,3222035,8148,438,8043,95791,50588,586,895,92,3634,2115,119969,2114,5772,-1450,-1028,463,269,1151456,2821,15936,3138,19740.0,164216
6.646953106,2700,41508,-4857,-1040,54464,12145,3291792,7132,185,8984,87790,48485,590,968,78,3789,1961,120148,2205,5424,-1700,-1523,552,349,1149333,2555,15565,3503,19465.0,151275
6.647933483,2291,43061,-4791,-1172,54602,14642,3219841,6900,563,9521,89155,50495,701,1059,40,3778,2020,119582,2135,5925,-1034,-747,535,213,1150859,3043,14564,3793,19248.0,156049
6.648913383,2543,43237,-4486,-1222,53346,12949,3311620,6802,120,8853,91444,51847,777,839,118,3218,1939,120877,1732,5881,-2106,-1147,502,386,1149996,3029,13739,3374,20776.0,156975
6.649893761,2197,42573,-4298,-1014,52452,13384,3349499,6589,993,9545,92051,51762,767,838,102,3416,1745,120953,1805,6025,-1832,-831,434,309,1150678,2739,13895,3703,20198.0,156794
6.65160799,2409,43875,-4217,-954,53394,14026,3344656,6745,192,8735,93657,51716,586,872,139,3247,1962,119371,2115,5925,-1465,-1400,322,319,1144742,2646,13966,3294,19198.0,160712
6.65160799,1983,38970,-3924,-770,56085,10953,3161339,6213,300,9150,84185,50071,486,814,101,3437,1178,116749,1853,5581,-1474,-1542,354,282,1331910,2849,16860,3276,17606.0,142304
6.652588367,2331,39750,-3942,-750,54986,11474,3146109,6562,-173,9004,86357,50030,645,821,124,3677,1660,112468,2210,5331,-1390,-1176,421,291,1326190,2331,15345,3185,18231.0,146474
6.653568268,2159,38685,-4377,-880,53723,10379,3163313,5938,-239,8934,80288,51302,381,780,41,3317,1570,113518,1929,5487,-1348,-1541,314,355,1338432,3447,15661,3393,16459.0,137449
6.654548645,1643,33269,-3546,-1010,47651,8822,2782498,6174,599,8240,74419,46717,501,702,95,3231,1230,107558,2063,5239,-1807,-1448,413,281,1338658,2977,15213,3492,16143.0,124327
6.655529499,1726,35154,-3686,-958,54404,9580,2899773,6938,423,7992,80048,48984,606,694,167,3617,1447,115057,1811,5859,-982,-1161,502,261,1343001,2835,15340,3242,18349.0,133446
6.656509876,2345,42414,-3629,-1167,56196,13666,3005744,7097,38,8247,101082,50074,477,820,178,3743,1992,117748,1637,5627,-834,-1109,281,267,1359991,2738,15741,3707,19623.0,166604
6.657489777,2250,41055,-3929,-1116,57401,13275,2949514,7937,232,7881,101050,52199,494,831,112,3467,2075,117587,1101,5955,-891,-481,361,240,1365269,2921,16123,4253,20646.0,165567
6.658470154,2551,41553,-3418,-758,55993,13440,2873123,7888,489,8026,97167,49777,519,853,69,3472,1595,113535,1849,6058,-671,-280,318,90,1372539,2648,16984,3122,21613.0,162599
6.659450531,2368,42584,-3785,-576,54793,13348,2793879,7105,-59,7428,96837,50402,479,766,111,3588,1304,113350,1736,5244,-1510,-922,381,195,1372134,3210,16346,3461,22341.0,162242
6.660430908,2531,43728,-3441,-963,55863,14770,2791979,8867,621,8068,105692,51340,442,848,137,3796,2159,115654,1368,5811,-1105,-1126,394,230,1377994,3111,17019,3211,23411.0,175588
6.661410809,2221,42925,-3666,-393,55505,13485,2702171,7937,527,7218,104951,52160,476,800,115,3468,1946,113818,1583,6525,-635,-1343,372,332,1376822,2368,16236,3062,24811.0,171519
6.662391186,2568,42293,-3374,-711,57120,13496,2750920,7691,-73,8065,104099,50035,467,836,70,3779,2036,112810,1991,6269,-1374,-852,458,297,1378245,2668,16586,3655,27596.0,170147
6.66337204,2236,42260,-3363,-560,57534,14808,2750405,7391,647,7853,96890,49298,348,743,58,3659,2417,111941,1552,6830,-815,-1752,458,226,1371986,2610,15478,3159,21702.0,163585
6.664351463,2410,43145,-2928,-632,55922,15542,2705318,8156,209,7989,98049,50717,712,916,101,3501,2087,112410,1888,5669,-1917,-1199,447,262,1371934,2500,15877,3268,22838.0,167302
6.665331841,2502,42637,-3341,-677,54888,13469,2633484,7959,154,7076,96487,49519,509,957,134,3803,1553,110693,2093,5263,-916,-253,394,115,1373160,2459,16139,3466,27393.0,163054
6.666312695,2344,41892,-3142,-472,60582,13794,2633640,8222,668,7894,102452,48291,505,854,98,3971,2027,113128,1804,6383,-1146,-1736,292,296,1376107,2176,16073,3747,27825.0,168704
6.667293072,2475,42501,-3004,-600,58247,14686,2615444,8523,584,6910,105703,49055,655,1009,191,3863,1799,115610,1890,5489,-1195,-601,435,318,1377674,3208,16309,3598,24420.0,173888
6.668272972,2387,40754,-3202,-427,56134,13210,2501653,7799,412,6768,101641,49126,559,882,139,3807,2251,112378,1736,5341,-1468,-1437,458,237,1374151,3143,15732,3912,28974.0,165791
6.669253349,2558,42553,-3228,-853,56467,13371,2655716,8247,309,7510,101874,49516,683,991,122,3829,1915,111451,2057,5678,-872,-746,331,153,1374932,2566,16542,3539,31161.0,168603
6.670233727,2381,42052,-3226,-791,58106,13951,2695469,7897,290,7872,103242,49490,742,860,126,3892,1963,113003,1569,5895,-1474,-1436,427,226,1376078,2635,16347,3302,30871.0,169523
6.671213627,2391,41141,-3323,-701,58978,13291,2698122,7764,-89,8150,102353,50623,807,895,42,4036,1900,110540,1696,6052,-2091,-1030,588,403,1364718,2674,17788,3650,29698.0,166940
6.672194004,2840,41899,-3088,-889,56895,12631,2710140,7550,13,8167,97392,49043,670,854,103,3751,2427,107992,1671,5674,-2223,-1064,429,272,1363507,1932,16667,3936,28835.0,162312
6.673174381,2432,43313,-3239,-816,55939,12907,2794086,7850,134,8565,97095,49648,829,1034,124,3757,2604,111943,2218,5341,-1669,-881,365,368,1362418,2287,16236,3697,29734.0,163597
6.674155235,2374,40929,-3626,-980,54120,12577,2770976,8024,-31,8191,89194,50223,621,808,174,3588,1993,106886,1871,6191,-1058,-1447,504,300,1355567,2246,17348,2998,27414.0,153098
6.674973965,2335,39925,-3316,-617,56129,12048,2766912,7534,111,8784,89584,48913,444,752,37,3902,2045,107650,2164,5493,-1231,-1065,423,270,1356816,2235,16737,4189,27677.0,151426
6.675711632,2268,39813,-3614,-926,52849,12400,2808354,7054,-53,9425,87896,49284,839,913,187,3171,2265,107925,2088,5653,-1617,-1046,587,285,1341214,2483,16369,3476,26028.0,149431
6.676449776,2304,40736,-3457,-616,54834,13470,2948620,7794,207,9437,88775,50770,551,904,233,3624,1771,111800,1998,5975,-681,-1113,433,229,1332716,2325,17332,3931,26505.0,153079
6.677187443,2319,40021,-3928,-892,54589,13216,2907986,6538,326,8677,87660,50559,480,767,143,3751,1727,110798,2283,6209,-1094,-1244,386,376,1316817,2617,15814,3239,23952.0,149754
6.67792511,2125,37525,-3312,-605,54758,12715,2702975,7047,418,9206,83652,50745,466,684,117,3522,2162,107073,1668,5657,-1235,-1183,175,291,1315614,2259,16142,4385,23453.0,143064
6.678663254,2110,39286,-3657,-863,55645,12391,2768509,7741,-313,9094,89518,48661,624,787,202,3772,2020,107681,1790,5486,-1158,-1025,483,303,1315944,2806,16369,3020,25283.0,151046
6.679401398,2114,38415,-3452,-1138,55401,11528,2805862,6599,599,8500,87595,50263,377,795,172,3559,1676,108474,1530,5890,-686,-1095,378,285,1312327,1977,17680,2894,21773.0,146251
6.680138588,2340,38041,-3820,-954,56559,11184,2880133,6880,-122,9350,86278,50659,410,714,79,3627,1347,111704,2145,5434,-1027,-1031,350,139,1313266,2217,16178,3370,23676.0,144723
6.680876732,2074,37675,-4250,-1041,59733,11459,2934042,6636,674,8540,85731,49887,368,821,103,3527,2086,111124,1468,5913,-573,-990,275,232,1315254,2850,16935,3801,23020.0,143575
6.681614399,2312,40076,-3673,-1229,58104,11704,2910639,7240,331,9084,91541,49501,483,793,37,3318,1776,113642,1615,5811,-2204,-1778,593,390,1325485,2613,16181,4134,23738.0,152873
6.682352543,2228,38711,-3614,-1067,61329,11590,2920335,6936,262,9498,91481,51232,451,786,65,3854,1807,114267,1919,5870,-1272,-984,428,253,1321426,2675,16203,3575,23316.0,150946
6.68309021,2346,42943,-3301,-862,58998,14931,2853292,8380,429,8402,110757,49684,488,882,146,3565,2567,117730,1945,6026,-936,-980,441,284,1327520,2459,17273,4136,24996.0,179357
6.683827877,2697,44715,-3406,-699,58431,15462,2893624,8762,478,9024,114718,50476,501,961,112,3805,2053,118509,2238,5532,-1130,-850,445,336,1342106,2448,17515,3264,26412.0,186354
6.684566021,2643,47543,-3600,-1210,58952,16726,2898727,8372,295,8484,119227,51912,427,1011,133,3827,1985,119778,2153,6885,-624,-1248,390,269,1338152,2558,16553,3194,27683.0,194511
6.685303688,2870,50570,-3414,-699,56502,18284,2837299,9916,7,8118,130190,52856,501,1055,249,4027,2672,119523,2299,5869,-816,-870,386,219,1347110,2241,17103,3409,29185.0,211830
6.686041355,2834,50807,-3541,-1033,56114,17383,2807045,8928,65,8249,129053,50183,527,1140,147,3995,2480,120073,1941,6099,-901,-471,547,209,1351274,3456,16059,3308,29917.0,209005
6.686779499,2709,50202,-3641,-1321,55431,18041,2780702,9184,382,7680,129386,52397,471,968,72,3900,2380,120861,2145,6622,-1287,-1196,400,260,1352054,2915,16769,3701,30081.0,209522
6.687517643,3114,51352,-3361,-757,56620,19083,2692991,10020,643,6833,136435,52277,497,1047,121,4150,2472,120377,2228,6471,-1142,-1565,391,283,1365556,1891,17063,2874,32686.0,220004
6.688254833,3018,50771,-3455,-700,56853,18978,2712432,10470,491,7042,135826,50326,600,1159,98,3967,2547,125687,1999,6822,-991,-971,583,276,1357757,2927,17516,3539,31852.0,219063
6.688992977,2943,52076,-3170,-889,56944,19621,2705863,10502,106,6162,131557,50548,595,1164,38,4050,2455,125219,2008,7011,-1471,-1599,652,385,1361444,2764,17155,3493,33282.0,216699
6.689731121,3438,54040,-3522,-698,57666,20042,2713720,10827,452,6275,135261,48927,699,1219,144,4218,2735,127761,2205,7364,-1022,-1443,433,274,1366770,2562,17878,3641,33895.0,223608
6.690468311,3526,55109,-3329,-821,58253,19967,2686359,10828,220,4906,135440,48795,590,1245,189,4133,2426,127869,2127,6271,-358,-1362,483,203,1360779,2348,16988,3565,32401.0,224870
6.691206455,3273,54400,-3230,-867,57718,19920,2709106,10788,865,5618,135898,49908,603,1314,109,4064,2411,127952,2123,8142,-335,-1455,496,300,1365119,2738,17681,3307,33621.0,224279
6.691944122,3372,54227,-3804,-944,55301,19678,2785094,10847,411,6264,131038,50098,670,1283,86,4065,2439,129485,1662,6817,-351,-680,386,171,1368047,3063,16908,3258,33676.0,219162
6.692682266,3458,54155,-2941,-1010,52344,19081,2618205,10412,-70,5211,130484,49077,590,1164,114,3628,2252,120076,2325,6770,-765,-1048,434,139,1363809,2433,17636,3484,32421.0,217590
6.693419933,3123,53752,-3501,-386,52426,18353,2574725,10381,318,5472,128241,50009,567,1188,161,3700,2136,115773,1875,6530,-492,-403,489,136,1368593,2804,17840,3195,32277.0,213850
6.6941576,3163,49202,-3134,-802,54378,16088,2808822,9033,465,6950,125443,50829,635,1048,173,4033,2576,121872,1971,6675,-842,-946,473,226,1367072,2308,17561,3638,29614.0,202929
6.694895744,2553,45273,-2960,-1105,52981,12713,2796144,7862,-82,7239,118587,52279,646,1082,75,3762,1768,117669,1843,5687,-1150,-760,339,276,1362086,2657,18105,4440,27152.0,186988
6.695633411,2516,45960,-3314,-776,55208,14037,2845498,7941,83,7266,119269,49683,891,1256,255,4226,2221,122866,2003,6062,-1043,-1043,412,309,1366324,2697,16118,3101,25920.0,189723
6.696371078,2599,43447,-4140,-926,55369,13453,3099899,7597,85,8578,99803,51537,470,841,83,3565,1760,124921,2096,6153,-1317,-1127,456,174,1374675,2457,17104,3657,25407.0,166899
6.697109222,2026,40168,-4527,-1546,55921,10272,3122585,6200,-51,8657,88215,51120,518,807,114,3373,1556,121807,2095,5368,-1106,-1251,404,247,1368875,2005,16349,3009,21496.0,146881
6.697847366,2574,44583,-3845,-1166,55132,13007,3090259,8258,-170,8952,99175,52555,608,796,44,3723,1968,125048,1800,6005,-2141,-1218,439,360,1367457,2878,17792,3992,26867.0,167597
6.698584557,2542,43653,-4179,-939,57351,11986,3143680,8279,202,9303,95118,49851,490,775,167,3821,1817,123540,2457,6114,-1469,-1222,454,222,1369557,2891,16608,4213,22754.0,161578
6.699322701,2260,40936,-4712,-1182,56966,11580,3261027,6828,-231,9346,87164,49513,517,833,147,3546,1417,118823,2036,5466,-1697,-937,398,302,1366347,2872,16304,3109,20586.0,148768
6.700060844,2460,42963,-4289,-1325,55569,11692,3190748,7359,-61,9049,92017,50801,445,741,94,3496,1782,119527,1724,6195,-1524,-980,397,245,1364106,3049,16739,3298,20259.0,156491
6.700798512,2463,44507,-4398,-945,56723,12121,3209808,7508,240,8902,95944,51088,503,876,105,3632,2133,124382,1820,5739,-1347,-1599,405,256,1360232,2711,16611,3301,23472.0,162543
6.701536179,2864,47792,-4722,-1040,58005,15350,3006026,8624,755,8140,105504,49944,613,1108,129,4007,1820,125908,2152,6795,-405,-1121,448,233,1364422,2924,16970,3600,24322.0,180134
6.702273846,2433,44333,-4341,-1260,55364,12862,3113788,7353,165,7986,97410,50692,548,846,108,3725,1986,125004,1862,5639,-2036,-1466,212,326,1368350,2692,16232,3593,24639.0,164391
6.70301199,2516,42972,-4289,-1038,57462,12759,3148863,6813,-155,8931,96055,49309,456,896,126,3930,1366,120810,2142,5711,-897,-485,230,253,1366637,2515,16925,3452,20894.0,161115
6.703749657,2323,42624,-4173,-1107,56712,13242,3117923,7189,-170,9833,101778,50305,456,832,96,3458,1799,120014,1856,5734,-1115,-1426,355,342,1363424,2201,16828,3419,20730.0,167156
6.704487324,2508,42885,-4247,-955,57150,13387,3105570,7419,214,9324,101162,49361,377,710,86,3671,2222,119258,1814,5503,-1470,-1457,314,295,1357297,2860,16830,3563,20525.0,167361
6.705225468,2551,42936,-4179,-1090,56393,13129,3042537,7646,212,8780,102020,49671,473,863,58,3511,1886,118039,1765,6157,-1470,-1369,347,262,1350918,2737,17351,3210,21222.0,168282
6.705963612,2190,42253,-4112,-884,57624,12944,3037212,7136,181,9476,98336,47923,493,838,71,3425,1853,116374,2184,5515,-2660,-1830,485,469,1342348,2666,16779,3394,20691.0,162859
6.706700802,2368,42224,-4047,-1204,55627,12110,2999931,7160,568,9274,99045,48667,390,909,134,3559,1775,115437,2299,6202,-679,-1109,427,311,1342911,2356,16868,3124,21817.0,162907
6.707438946,2203,41751,-4251,-1182,55093,11639,2995776,7217,105,9012,94865,50624,559,998,63,3738,1903,117854,2033,5384,-1461,-961,459,276,1337485,2291,16441,4178,22120.0,157675
6.70817709,2406,42581,-4008,-1210,55168,12529,2999023,7213,-231,8883,102154,49352,435,964,137,3692,2240,118646,1471,5976,-780,-1625,319,403,1337990,2448,16127,3188,22987.0,166883
6.70891428,2169,40612,-3831,-1408,54696,11654,2929222,7232,70,8431,95209,50256,483,740,93,3865,2100,118915,1866,5500,-1198,-643,324,215,1332368,2253,16261,3637,23269.0,156876
6.709652424,2278,42213,-4327,-1280,55777,12027,2979693,7129,276,8569,95031,51065,616,784,154,3689,1329,118886,2333,5801,-1499,-968,339,205,1335665,3054,16156,3438,24602.0,158678
6.710390091,2326,42351,-4360,-1537,57353,11588,2986436,6551,103,7959,91814,49053,521,765,28,3670,2317,119774,1800,5694,-1068,-910,1498,441,1333684,3198,16486,2612,23718.0,154630
6.711128235,2556,43149,-4069,-811,57128,12826,3018874,7230,318,7921,95997,50656,513,900,121,3748,1705,119194,1999,5928,-817,-1375,316,254,1342641,2468,15884,3289,26018.0,161758
6.711865902,2280,42013,-4294,-1145,58783,12238,2935711,7104,727,8379,98973,47177,507,831,135,4003,2132,119778,2109,5705,-2073,-1874,343,401,1348967,2122,16281,4135,26069.0,162608
6.712603569,2965,44451,-3959,-1206,57587,12329,3016920,7227,607,7355,98993,47570,718,969,177,3804,1445,123557,1761,5584,-1443,-1742,367,273,1358138,2366,16897,3382,24606.0,165965
6.713341713,2528,43000,-4067,-1106,54194,11967,2889089,7259,561,8168,93548,49697,891,918,127,3403,1496,116025,1956,5792,-2387,-1365,480,294,1364040,2399,16938,3431,26690.0,158302
6.71407938,2388,39637,-3822,-535,56044,11030,2750275,6831,635,7780,93308,47332,802,887,152,3484,1681,114119,2172,5490,-1481,-1218,576,217,1364807,2727,17208,2912,25486.0,153194
6.714817047,2159,37934,-3720,-904,51063,10565,2686759,6895,363,7491,93755,47770,764,802,87,3318,2039,111412,2001,5384,-1582,-758,437,222,1341001,3177,16657,3969,25654.0,151308
6.715555191,1905,34347,-3337,-1337,43899,7356,2443283,7176,520,6729,86248,40135,644,698,85,3154,2046,104636,2275,5358,-1916,-777,390,283,1309895,2326,17050,3636,24918.0,137032
6.716293335,1378,32779,-3169,-889,43769,7792,2213000,5936,385,5794,76555,48424,685,711,69,3292,1614,93600,1366,4508,-1496,-1024,460,302,1325339,2066,15862,3177,23075.0,124440
6.71924448,2101,33928,-2709,-501,49760,10231,2440456,6670,429,7375,82642,46446,530,803,131,3664,1713,109588,1830,5084,-1295,-919,539,136,1343687,2334,16870,2863,24804.0,135572
6.719982147,1802,35572,-3174,-604,50186,10498,2623926,6500,825,7966,82087,49983,497,755,114,3836,1770,114603,1309,5129,-1050,-736,354,142,1338011,2852,16365,2659,23401.0,136459
6.720719814,2199,40236,-3785,-573,60004,13565,2992948,6642,392,8603,91445,48019,613,878,126,3834,2223,123020,1475,5761,-1186,-1085,269,219,1320168,2761,16361,3644,23602.0,154087
6.721457958,2286,39549,-3191,-78,59130,13128,2888381,5875,278,8537,86466,50822,492,796,132,3955,2168,118755,2058,5640,-1559,-1737,439,436,1311374,2818,16499,3459,21401.0,147304
6.722195625,2428,41013,-3854,-233,58043,13190,3133997,6744,176,9062,84080,53504,508,808,90,3576,1738,121103,1801,5625,-1294,-1038,576,221,1313093,2604,16202,3267,21478.0,147455
6.722933292,2647,40310,-3604,-247,58799,13287,3210168,6891,473,9396,88057,50681,535,872,239,3568,1424,122212,2159,5200,-597,-642,534,231,1315448,3306,16042,3674,21504.0,151192
6.723671436,2085,39541,-3985,-692,62376,13025,3211818,6992,462,9402,85607,51320,586,850,151,3636,1558,124017,1467,5841,-854,-1411,542,282,1320262,2688,16856,4352,21487.0,147250
6.72440958,2338,40436,-4098,-733,58442,12944,3281723,7028,389,9355,86790,54230,480,828,162,3571,1790,122326,1922,5259,-860,-1257,460,320,1319161,2683,16204,2898,21469.0,149536
6.72514677,2408,39930,-3591,-636,56558,13380,3120687,6240,346,8975,87346,55230,564,827,89,3703,1932,121193,1648,5457,-1653,-1240,380,263,1320104,2427,16102,3710,20876.0,149304
6.725884914,2223,39896,-3569,-351,58625,14651,3174739,6487,455,9342,88916,53281,532,771,156,3463,1982,122930,2214,5857,-1544,-1483,206,283,1324000,2376,15857,3475,21794.0,152173
6.726623058,2236,37994,-3849,-472,54689,12943,3026251,6211,1118,8780,81355,51711,749,846,118,3421,1961,116625,1866,5300,-1890,-1245,438,249,1320394,2495,15896,4535,21341.0,140739
6.727360249,2170,37969,-3743,-837,55016,12997,2932996,6065,1076,8612,82854,52270,608,800,181,3361,1747,115090,1800,5039,-1657,-581,414,268,1324001,2740,15364,3117,20482.0,142055
6.728098392,2199,39303,-3974,-890,56952,13211,3026601,7055,250,8278,87445,49608,686,815,106,3275,1694,116448,2213,5801,-1297,-553,369,280,1327858,2612,16603,3031,22480.0,149213
6.728836536,2195,38674,-3840,-942,58429,13645,2991747,6947,409,8802,90394,52569,839,951,133,3364,1806,118470,1328,5371,-1806,-1260,251,307,1334175,2744,16107,3945,22649.0,151855
6.729574203,2358,41479,-3909,-728,60356,14629,3095465,7363,84,8563,101350,52437,713,866,113,3744,2070,121911,1816,5691,-1291,-1002,372,156,1343862,2563,15944,3880,23655.0,167179
6.730311871,2199,43206,-3712,-511,61073,16136,3153552,7624,671,8689,100183,49986,876,957,70,3842,1845,123796,2371,6670,-1771,-612,331,229,1349033,2798,15370,3640,23355.0,169348
6.731049538,2421,43819,-4130,-652,58868,15951,3165820,7899,223,8467,104237,53572,1042,984,128,4117,1996,123525,1897,5266,-2072,-821,764,187,1356567,2441,16325,3135,23881.0,174327
6.731787682,2502,43675,-3314,-798,58535,15635,3124708,7472,182,8242,107614,51414,706,882,59,3650,2335,125400,2136,6386,-1656,-1076,370,203,1365801,3472,16366,3285,24326.0,176898
6.732525349,2401,43348,-3628,-598,59669,16762,3098852,7637,762,8845,106013,53990,589,796,151,3661,1895,124983,1990,5724,-1537,-909,493,281,1368418,2895,15477,3556,26236.0,176161
6.733263016,2697,44137,-3737,-660,58918,15950,3112881,7834,85,8207,107835,52810,612,901,129,3598,1801,126412,2213,6218,-877,-1209,483,250,1362996,3060,16508,4096,25525.0,178453
6.73400116,2165,43973,-3711,-690,58303,15529,3131752,7698,548,8184,111292,52059,516,894,66,3515,1711,125480,2601,5783,-1903,-1431,363,355,1366750,2784,16448,3999,24601.0,180657
6.734739304,2377,44065,-3805,-1085,60060,15503,3120272,7310,189,7658,115288,53095,527,892,155,4064,2348,123843,1867,5918,-1536,-1115,360,367,1359546,3109,17038,3268,23665.0,184543
6.735476494,2617,43676,-3548,-438,60856,15890,3134475,8023,183,8529,108243,51771,514,888,176,3971,2042,126262,1643,5519,-1290,-1308,428,257,1358199,3263,16202,3603,23424.0,178449
6.736214638,2613,43447,-3238,-601,59282,15095,3087787,7437,136,7866,107704,52884,523,768,61,3753,1925,124081,2170,5847,-1330,-1694,333,239,1360974,2932,16618,4261,23134.0,176296
6.736952782,2470,42625,-3446,-697,55486,13579,3052811,7143,504,8384,102160,51249,522,889,22,3743,2384,122466,2312,6260,-1598,-1028,459,278,1357133,2403,16757,3343,23696.0,167977
6.737690449,2587,43772,-3675,-855,57234,15848,3114320,7707,436,7519,106676,54294,487,952,107,3785,1546,126854,2242,6187,-672,-973,463,273,1354334,2137,16424,3153,23542.0,176590
6.738428116,2783,44743,-3793,-744,58236,15018,3221462,7343,200,8400,103122,54060,476,934,149,3786,1887,123900,1494,5555,-529,-1065,264,330,1357572,2785,16158,3466,22502.0,173009
6.739165783,2681,43541,-3803,-512,59583,14513,3195241,6845,255,8396,101722,52871,586,840,109,3860,2106,124106,1725,5938,-1237,-900,362,261,1367169,2799,17524,3331,24289.0,169302
6.739903927,2468,41915,-3829,-985,57212,13894,3140081,7254,20,8529,97112,53292,509,819,64,3614,1972,120895,1898,5283,-1719,-1071,255,229,1369732,2423,16219,3233,23796.0,162643
6.740641594,2466,40942,-3398,-664,57494,13003,3118697,6917,229,8670,90341,52194,428,865,117,3719,1685,118896,1921,5963,-687,-1575,307,217,1369058,2034,15460,3503,21287.0,153669
6.741379261,2425,39852,-3699,-866,54394,12099,2983970,6629,174,8503,87906,53794,462,696,37,3262,1938,114781,1550,5805,-1913,-902,332,221,1356718,2064,16216,3216,20201.0,148911
6.742117405,2426,39849,-3384,-650,52856,12049,2907360,6690,401,7373,84707,51932,515,769,90,3534,1598,114535,1749,5183,-1449,-1017,497,256,1358674,2183,15282,3591,21228.0,145721
6.742855549,2043,39735,-3251,-840,54412,12154,3011482,6348,179,8437,85205,52452,454,828,154,3797,1800,116617,1925,6166,-1354,-1564,274,374,1360097,2357,15865,3426,19684.0,145485
6.743592739,2346,38558,-3307,-568,52794,11733,2862282,6362,333,7778,83203,54662,471,641,66,3237,1985,112915,1576,4905,-2161,-1762,272,217,1358817,1891,16761,2761,21181.0,142202
6.744330883,2171,39662,-3491,-622,55455,11816,3036899,5884,536,8567,92371,53783,474,787,124,3801,2265,118532,1447,5181,-1394,-808,455,303,1366455,2150,16139,3463,19154.0,151904
6.745069027,2223,40130,-3866,-652,56080,12334,3028836,6905,288,8192,95355,52490,552,890,136,3726,1770,121055,1945,5917,-1171,-1175,482,208,1367539,2347,16432,4039,18383.0,156947
6.745806217,2329,39058,-3423,-757,56017,11857,3017339,6180,34,8797,88389,52602,408,869,122,3284,1828,116785,2110,5103,-64,-621,257,228,1358084,2215,16760,3594,19180.0,147813
6.746544361,2166,37852,-3444,-654,54554,11561,3085941,6077,538,8804,79662,53547,563,728,115,3533,1427,113098,1597,5013,-2064,-1499,388,344,1359899,2692,16879,2853,17345.0,137318
6.747282505,2196,38145,-3898,-566,56486,11707,3173366,5567,-103,9307,80456,52234,448,850,61,3403,1724,116857,1596,5339,-1493,-1329,444,286,1358512,2912,16231,3900,18099.0,138071
6.748020172,2224,37544,-4221,-703,59068,11554,3316407,6224,538,10086,78798,54874,573,711,91,3432,1707,119133,1718,5278,-1415,-627,325,157,1360801,2470,16996,3896,16279.0,136344
6.748757839,2039,37477,-4296,-615,60337,11317,3327564,5659,380,10074,78936,53688,520,709,165,3360,2115,119425,1995,6095,-1239,-321,341,234,1364213,2959,16785,2963,16945.0,135428
6.749495506,2208,39069,-4094,-815,60769,11546,3355726,6008,-36,9957,84420,53037,482,799,179,3446,1695,118277,2135,5647,-1080,-1092,427,305,1365114,2525,16498,2937,16714.0,143251
6.75023365,2303,40471,-3981,-527,60875,13222,3311149,6000,190,9953,89514,55915,459,827,86,3444,1716,121275,2743,5572,-877,-1282,354,233,1363965,2420,17123,3178,16761.0,151510
6.750971317,2257,39944,-4045,-764,60854,12921,3322851,6453,225,9978,92433,53470,417,879,132,3345,1567,120285,1685,5575,-833,-1155,290,262,1366566,2606,16606,3947,17851.0,154008
6.751708984,2275,40836,-3631,-443,58947,13562,3324856,6047,274,9834,89300,53754,416,768,103,3725,1581,117074,1808,5203,-1157,-1124,443,230,1364236,3177,15960,3630,17444.0,152020
6.752447128,2286,41001,-4127,-973,58523,13125,3323898,6250,458,9763,90941,52683,449,812,106,3821,2087,119157,1449,5804,-1472,-1368,472,428,1367828,2260,16626,4204,18633.0,153603
6.753185272,2227,41349,-3996,-878,60489,13526,3339722,6746,439,9328,94205,52993,481,801,154,3765,1641,118860,1267,5502,-1145,-1179,344,288,1375291,2916,16303,3446,19700.0,158053
6.753922462,2168,41264,-4262,-629,62552,12619,3342863,6501,408,9799,84744,51348,545,831,86,3987,1871,119136,1655,5041,-2148,-1314,499,379,1370574,2952,16267,3484,18802.0,147296
6.754660606,2267,41489,-4188,-1048,62010,13401,3315657,6372,95,10216,91285,52708,559,798,121,3772,2380,120993,1720,5196,-1741,-1341,403,276,1373105,2651,16279,3174,20355.0,154814
6.75539875,2103,41002,-4178,-741,60588,13055,3287528,7155,287,9543,92479,54762,584,860,129,3879,1750,120153,1923,6069,-1048,-1237,347,202,1371553,2346,16073,3315,20378.0,155794
6.756136417,2684,43205,-3933,-769,59086,14241,3273427,6707,550,9432,100207,53201,805,876,149,3804,1916,120980,2108,5537,-2140,-1523,423,251,1368562,3113,16401,3908,20225.0,167044
6.756874084,2519,43683,-4213,-380,59388,14249,3254764,7399,956,9716,101236,52768,586,854,149,3717,1945,120938,2161,5188,-1698,-1299,439,311,1363230,3113,16958,4150,22847.0,169086
6.757612228,2499,42788,-4000,-900,56775,14285,3217197,6810,397,9448,98824,54194,395,795,185,3517,1426,119708,2216,6162,-342,-771,328,225,1361283,2830,17062,2881,22705.0,165206
6.758349895,2631,43777,-3993,-1026,56212,14776,3213545,6632,535,9120,97482,53894,489,825,94,3813,2266,119649,1392,5457,-1355,-538,395,277,1361300,2885,17133,3585,22078.0,165298
6.759087563,2596,44247,-4197,-921,58743,14322,3198648,6588,1296,9394,100269,51384,488,854,117,3706,1955,120126,1725,5801,-1196,-1048,288,299,1349092,3265,16314,4189,22953.0,168022
6.75982523,2495,44823,-4288,-885,58391,14993,3175720,7210,350,9564,102455,53413,534,892,139,3749,2398,121716,2126,6028,-915,-164,439,301,1343550,2588,15565,3132,24288.0,171976
6.760563374,2426,42573,-3543,-852,55948,13573,3132531,7035,17,8843,95510,51791,495,905,191,3809,1830,117701,1946,6068,-738,-572,444,199,1338637,2420,16478,3756,23948.0,161117
6.761301517,2314,43033,-3836,-586,56393,14245,3133515,6632,769,9256,95372,52139,595,859,147,3691,2057,118692,1248,5287,-1262,-977,455,289,1332592,2884,15851,4456,25302.0,161596
6.762038708,2576,43750,-3627,-683,54581,15436,3108252,7090,930,9330,99274,52255,596,904,121,3750,1801,121497,1647,6013,-944,-940,435,226,1330781,2764,16668,3933,24476.0,168126
6.762776852,2552,43155,-4082,-654,57995,14367,3147304,6704,352,9499,96403,50256,558,835,125,3692,1659,118806,2160,6209,-1294,-715,376,179,1331738,2351,16418,3651,23338.0,163181
6.763514996,2627,44075,-4284,-1034,55572,13066,3195706,6879,741,9393,95579,52743,407,819,149,3825,2092,120848,1685,5778,-1032,-1284,288,282,1336812,2883,16641,3533,24599.0,162226
6.764252186,2404,41826,-4214,-602,57373,12466,3189705,7127,-64,9925,90050,53917,440,771,121,3760,2284,120219,1684,6059,-1375,-1206,522,324,1333326,2575,16552,3157,23649.0,153873
6.76499033,2646,42888,-3769,-625,58704,13715,3203331,7351,247,9141,88583,52361,521,773,76,3774,2068,125341,1428,5873,-1619,-1408,351,338,1334901,3044,16452,3543,27554.0,155183
6.765728474,2407,42494,-4172,-730,58911,13832,3168472,6833,761,9730,92670,52711,445,725,99,3671,2150,123729,1666,5101,-1218,-1126,431,290,1336746,2537,16482,4417,25975.0,158236
6.766466141,2641,42642,-3590,-893,55985,14087,3010577,6995,350,9118,93366,53759,414,791,97,3514,2009,116212,1591,5046,-1301,-1041,419,207,1339384,2557,16506,3823,25245.0,159731
6.767203808,2574,41633,-3585,-1092,56666,13300,3130928,7339,580,8344,93842,51568,609,792,117,3832,1618,121086,1853,5152,-1589,-1371,586,304,1343905,3004,16431,3059,26533.0,158688
6.767941475,2134,39293,-4076,-751,54039,12617,3097264,6717,267,8883,84260,47701,459,776,60,3294,1547,116480,1341,5610,-1220,-1245,957,396,1342171,2584,16169,3077,22270.0,145021
6.768679619,2000,38368,-4286,-1277,52312,11178,3134212,6045,345,8774,79894,52454,497,805,102,3241,1585,115391,1546,5533,-1351,-1129,402,234,1347925,2371,16024,3013,21349.0,137485
6.769417286,2304,41463,-4389,-776,53946,12588,3184384,6655,135,8865,88070,52198,497,768,79,3429,1687,119752,1562,5901,-1858,-1128,269,320,1356590,2969,16257,3407,21987.0,151080
6.770154953,2416,40894,-3322,-825,51473,12598,2953264,6250,437,7649,85964,50859,443,685,64,3202,1525,112963,1942,4906,-1993,-1097,450,315,1354027,2443,16247,2676,20273.0,148122
6.770893097,2123,40474,-3665,-1025,50773,13007,2924257,6247,-1,7878,85818,52386,457,667,101,3255,1702,112413,2099,5743,-1638,-1260,300,188,1360675,2777,16140,3737,20138.0,147669
6.771631241,2539,43007,-4160,-970,53926,13601,3146424,7317,445,9021,93154,53743,571,892,115,3500,2082,120732,1764,5318,-1120,-790,340,258,1373023,2725,15960,3370,22285.0,159618
6.772368431,2162,42419,-3759,-690,54960,14060,3066239,7119,456,8643,97857,53002,540,847,127,3547,1771,122465,1673,5982,-924,-899,256,184,1367795,2510,16523,4270,22057.0,163617
6.773106575,2467,41899,-3641,-601,52159,14234,2989166,7152,609,8262,100869,52307,417,829,144,3521,1853,122356,1658,5793,-888,-895,422,376,1373125,2888,16879,3222,22517.0,166621
6.773844719,2599,43393,-3901,-1062,52234,13378,3005542,6698,407,7937,99802,49969,501,750,95,3511,1806,121682,2165,6102,-1885,-1885,325,332,1360711,2828,16206,3652,21299.0,165870
6.774582386,2635,43292,-3979,-1223,53676,13199,3081335,6570,247,7459,94677,51974,455,803,59,3641,2461,125116,1058,5722,-1128,-1221,346,295,1369154,2928,16629,2871,21904.0,160373
6.775320053,2718,44933,-3858,-760,55053,15133,3066056,7392,149,7521,102896,52208,448,800,114,3778,1725,130227,1463,5880,-1685,-1486,298,353,1366068,2633,16325,2822,22556.0,173072
6.776058197,2371,45674,-3631,-351,56443,14799,3129209,7183,129,7915,105207,53144,487,931,138,3909,1910,130713,1992,6051,-937,-1330,490,293,1364917,2508,17167,3770,23762.0,175234
6.776795864,2674,46195,-3878,-587,58111,15000,3128144,7562,147,8307,108574,51270,433,855,104,3604,2407,131940,1697,6298,-672,-971,268,155,1361928,2600,17251,2896,23840.0,180005
6.777533531,2738,47250,-3835,-954,59704,16011,3138753,7830,256,7896,111114,51884,502,894,191,3487,2111,132915,2424,6470,-1061,-1199,608,286,1363269,2606,16161,3620,24510.0,184943
6.778271198,2628,46323,-3972,-761,57001,15241,3113700,7649,389,7513,104438,54879,511,844,100,4077,2125,130860,1405,5891,-1296,-1290,332,216,1362861,3021,16487,3869,24647.0,176279
6.779009342,2715,44911,-3489,-884,60406,14938,3074669,7965,293,7345,103968,52868,448,896,42,3721,2408,130990,1968,6307,-1696,-1659,424,345,1363643,2392,16527,2919,24641.0,174497
6.779747486,2647,44398,-3971,-897,58972,14785,3020613,7593,688,7295,101045,51164,584,815,229,3753,1744,129490,2102,5391,-1896,-1941,292,372,1360574,2319,16369,3272,24436.0,170468
6.780484676,2781,45368,-3599,-904,58275,14227,2995961,7690,142,7810,104852,54143,513,803,146,3624,2111,127531,1914,5515,-1301,-1173,296,147,1354909,2757,16094,3730,24703.0,174918
6.78122282,2868,45843,-3286,-634,58760,14387,3016040,7268,175,7328,106457,53020,559,818,161,4031,2028,125107,2240,5695,-1050,-1524,461,313,1347294,2334,16486,3128,25766.0,176823
6.781960964,2590,43673,-4153,-792,56982,12608,2945866,7249,-94,6947,97160,51800,1028,931,71,3885,2399,123346,1578,5635,-1540,-1238,694,197,1348463,2706,16104,3480,22578.0,163280
6.782698154,2653,45420,-4002,-791,56604,13583,2923796,7472,452,7457,99470,51791,744,946,168,3757,2049,122310,2115,5548,-1628,-1569,478,261,1347683,2423,15862,3955,25794.0,168598
6.783436298,2544,43187,-3474,-850,55568,13498,2833308,7459,826,6940,95389,50393,571,836,133,3585,2340,121842,1973,5519,-1888,-1221,344,284,1342788,1911,16014,2800,26004.0,162077
6.784174442,2879,45808,-4026,-565,58125,13602,3025864,7628,54,7823,104659,51089,620,880,123,4048,2059,127820,2404,6182,-1447,-1070,595,270,1347380,2536,16445,3907,28044.0,174576
6.784912109,2261,44723,-3800,-884,57753,14086,3045346,7597,651,8166,107294,49407,554,938,110,3713,2376,126796,1783,5694,-1280,-1021,689,263,1335751,2670,16291,3676,26281.0,175961
6.785649776,2749,44349,-3257,-448,60725,13937,3076288,6901,408,8736,103024,50868,590,875,65,3862,1806,127899,1792,6505,-2260,-1281,447,374,1328014,2707,16223,3522,27191.0,170960
6.78638792,2523,44927,-3719,-875,59042,14171,3048799,7558,86,7762,102974,52898,477,743,128,3805,1714,126584,1971,5946,-1883,-1807,360,255,1319848,2522,16105,3220,25044.0,172153
6.787125587,2850,46872,-3622,-936,57616,14449,3051151,8585,177,8063,107299,53412,546,904,42,3463,2052,124481,1654,5640,-1462,-1437,459,197,1307359,2297,16156,3229,25736.0,180055
6.787863255,2651,44579,-3550,-1053,57834,13034,2963711,7511,591,8913,100523,52213,555,780,113,3652,1574,121952,2016,6131,-2652,-2061,323,491,1303178,2972,16342,2967,25792.0,168298
6.788600922,2722,43056,-4034,-1137,58205,12818,3001610,7645,312,8521,96986,50246,637,912,124,3522,1999,122599,1574,5562,-1404,-1024,436,212,1305117,2760,16357,3894,26286.0,163227
6.789339066,2370,42367,-3788,-946,58278,12600,3015244,7143,342,8238,97047,50070,483,851,123,3915,2109,123168,2078,5620,-965,-1332,494,390,1301722,2413,15540,3631,23985.0,161527
6.790077209,2386,40581,-3711,-1194,52419,11370,2894204,6299,340,7866,86918,50086,647,776,168,3480,1431,113349,1509,5224,-1860,-1306,383,241,1297492,2288,15852,2779,20953.0,147554
6.7908144,2279,38093,-3538,-1155,53574,10957,2793200,6143,498,7626,81901,50265,456,721,86,3086,1487,110558,1843,5574,-1709,-1225,383,167,1296542,1857,15833,3379,20604.0,139373
6.791552544,2207,37384,-3987,-1239,51869,11023,2823443,5497,978,7338,78988,48578,485,794,68,3232,1793,110585,1617,4930,-1853,-1531,282,349,1299504,2217,15580,3832,20240.0,135099
6.792290688,2039,37017,-4083,-1006,52801,11154,2926580,6208,475,7503,78922,47004,562,773,112,3385,1618,114558,1788,5006,-2150,-1960,338,374,1298350,3066,15494,3215,18892.0,135340
6.793028355,2153,38396,-3731,-805,53994,11418,3008685,6494,1150,8318,81581,49573,496,842,189,3215,1909,118053,2926,5246,-788,-1258,281,335,1311706,2216,15914,2916,21488.0,140042
6.793766022,2183,38402,-4088,-1231,55275,10963,3021751,5927,1418,7612,82466,49429,464,779,71,3504,2185,118405,1573,4843,-1869,-1875,397,335,1317563,2205,15208,3681,20597.0,139941
6.794504166,2278,37860,-4009,-1075,54361,11090,2995544,5271,1256,7763,81374,52804,490,785,115,3500,1716,117296,1760,4999,-1223,-1182,223,289,1328244,2595,15331,3279,19084.0,137873
6.795241833,2407,38105,-4097,-1274,55412,11423,3021888,5685,1015,7463,78911,51512,484,714,52,3345,1618,115792,1816,5102,-1611,-1068,321,295,1336293,2321,14828,2902,18270.0,136531
6.7959795,2315,38973,-3585,-986,55120,10408,3062137,6088,469,7836,81521,52405,498,704,82,3267,1367,115772,1147,4819,-1365,-929,385,259,1344112,2119,16378,3449,19329.0,139305
6.796717644,2239,37910,-3595,-720,57058,11283,3007557,5936,535,8237,81297,49807,496,719,82,3354,1735,117208,1462,5229,-1923,-1619,481,317,1349040,2827,16503,3700,21284.0,138665
6.797455311,2291,39300,-3822,-951,57677,11918,3043725,6363,-204,7747,84980,52355,408,677,110,4026,1963,118238,1553,6004,-1682,-1280,498,415,1348262,2671,15263,3328,20868.0,144852
6.798193455,2164,39950,-4626,-1249,57322,11150,3141558,6189,156,7671,84977,52554,462,769,86,3576,1599,119845,1525,5932,-1338,-1192,463,175,1357496,2845,17079,3251,21154.0,144430
6.798930645,2614,41412,-4375,-1079,60101,12020,3158468,6373,546,7975,90108,51891,501,868,109,3584,2060,122954,2074,5347,-1451,-1326,329,261,1356692,2224,16219,3844,21283.0,152527
6.799668789,2537,41337,-4271,-1196,61661,11360,3219316,6575,393,8004,85629,50806,663,858,64,3463,1240,125285,2458,6087,3,243,2681,159,1358006,2783,16476,4275,22971.0,147438
6.800406933,2548,43503,-4364,-1034,60555,12354,3170728,6777,822,8856,96352,52041,434,758,60,3950,2184,123899,1903,5621,-1948,-1636,456,275,1358305,3206,16393,3737,22881.0,161534
6.801144123,2550,42770,-4199,-1147,60610,12103,3150645,6886,47,8619,96759,51007,513,875,94,3772,1900,120567,2342,6696,-1090,-1634,342,261,1356027,2984,16770,3410,23545.0,161068
6.801882267,2299,43044,-4208,-1062,61481,12957,3172493,7181,129,8578,96926,50869,540,782,79,4057,1892,123342,1776,5352,-1397,-1084,479,265,1357684,2724,16674,3410,23938.0,162407
6.802620411,2652,43723,-4586,-1278,60359,12665,3243962,6764,517,8982,97453,52362,548,950,189,3576,2079,123854,1464,4848,-365,-506,327,259,1359927,2270,16452,2940,23365.0,163257
6.803358078,2691,43791,-4405,-1136,59052,12857,3239240,7441,142,8860,97173,53068,544,875,161,3718,2020,122008,1956,5242,-1661,-1489,533,444,1363142,2376,16509,3237,24746.0,163953
6.804095745,2584,43897,-4140,-1319,59164,12768,3228488,7278,410,9414,95293,51694,532,788,86,3783,2336,121764,1459,5788,-1896,-1596,417,379,1361784,2538,16899,3489,23951.0,161820
6.804833889,2829,42544,-4494,-1321,58574,12363,3233539,6826,590,9387,95142,53202,550,920,176,3492,1797,122568,2240,5508,-1059,-794,362,286,1362053,3123,17006,3914,23460.0,159704
6.805571556,2338,42003,-4358,-1476,58977,12264,3238479,6905,521,9048,97786,51486,470,754,164,3784,1806,121787,1875,5499,-1749,-1127,299,232,1362311,2556,16091,3077,22829.0,161296
6.806309223,2050,39684,-4302,-1168,59605,12007,3041813,6452,236,9107,92099,49880,535,866,166,3494,2105,117436,1981,5373,-1347,-1206,432,282,1360203,2029,16974,3002,23032.0,152292
6.80704689,2148,41478,-4492,-1314,56472,12496,3174800,6876,470,8911,97243,52110,516,838,95,3507,1691,119467,1594,5870,-1439,-1554,458,238,1359183,2843,16854,3156,23970.0,160241
6.807785034,2598,42222,-4788,-1468,58128,11340,3301833,6868,104,9447,95669,51187,521,913,122,3494,1719,121092,2246,5992,-1153,-1430,439,182,1362319,2900,16784,3308,23156.0,158697
6.808523178,2478,41982,-4122,-1339,57773,11844,3257182,6706,259,9245,94905,49782,483,846,144,3597,1764,119918,2043,5505,-832,-1261,347,259,1358144,2691,17758,3478,24052.0,157915
6.809260368,2091,40214,-4194,-1132,54665,11685,3091431,6590,332,8669,89286,52657,456,772,82,3374,1775,114531,2046,5699,-1095,-1494,531,330,1355430,2882,16953,3576,22921.0,149866
6.809998512,2415,42186,-4419,-1551,55919,12209,3220104,7061,142,7857,94180,52042,519,716,103,3524,1687,119337,1725,5845,-1596,-1344,325,287,1361086,2635,16589,3656,23950.0,158051
6.810736656,2715,43560,-4455,-1229,55250,12863,3233817,6359,-379,8755,96886,50497,522,862,138,3967,1960,117545,1662,5838,-1836,-1937,425,416,1355471,2255,16303,3057,23126.0,162383
6.811474323,2685,42893,-4330,-1189,52966,11676,3174330,6651,109,8551,90959,50787,492,808,156,3625,1796,115736,2263,5509,-1376,-1000,388,336,1355396,1968,16107,3885,24837.0,154864
6.81221199,2579,43950,-4610,-1270,55780,14794,3271761,6691,207,9017,97673,52510,500,777,82,3547,1410,119194,1723,5781,-1097,-948,320,187,1359381,2821,17056,3388,24281.0,165687
6.812950134,2726,45141,-4158,-801,56299,14695,3239614,6864,588,8913,102160,51104,532,939,96,3630,2312,120134,1087,5408,-992,-1423,341,302,1361354,2646,16025,2884,24287.0,171586
6.813687801,2462,44641,-4288,-1566,55158,12684,3188953,7032,5,8829,101077,50320,503,839,169,3450,2021,116881,1764,5420,-1598,-1452,295,274,1359821,2650,16157,3032,22432.0,167896
6.814425468,2668,42826,-4125,-873,55210,12847,3066586,6518,165,8702,99971,49463,505,921,140,3396,2116,115996,2146,5613,-1076,-929,365,182,1355127,2581,16795,2586,22377.0,164830
6.815163612,2534,41810,-4249,-1484,57234,13074,3068578,7319,506,8186,99647,51613,520,923,197,3588,2013,117215,1754,5302,-619,-1220,250,275,1351212,2209,17232,4032,22520.0,164384
6.815901279,2624,42799,-4281,-1378,56191,12623,3183119,6963,580,9392,100463,49797,486,846,153,3784,2340,117816,1907,5998,-893,-1056,445,159,1351766,2478,17130,3750,23107.0,165472
6.816639423,2593,42610,-4309,-1142,55860,12677,3226796,6851,341,9168,96314,52445,583,920,54,3598,1984,117009,1526,5207,-1858,-1233,384,355,1346338,2756,15928,3743,22831.0,161045
6.817376614,2148,42479,-4434,-1183,56904,12210,3204564,6539,-179,8963,98113,51431,510,819,103,3633,2024,116811,1653,5140,-1459,-767,365,332,1324826,3613,15824,3510,22234.0,161489
6.818114758,2576,42244,-4579,-1021,55128,11122,3249842,6195,222,9942,94037,51043,521,826,76,3565,1583,113261,1711,5888,-1619,-927,405,334,1320183,3073,15619,3362,20872.0,156174
6.818852901,2289,40983,-4916,-1367,55917,10463,3238921,6171,13,9320,92698,50456,530,806,259,3953,1835,113280,1841,5359,-1279,-992,386,387,1305323,2275,16120,3801,21441.0,152604
6.819590092,2232,40501,-4403,-1216,57035,11284,3242955,6823,771,9926,93178,49316,565,1085,30,3452,2103,115717,1757,5706,-827,-939,328,223,1302941,3006,16427,3236,20907.0,154018
6.820328236,2310,40253,-4739,-888,55298,11262,3260894,6272,291,9629,91515,49769,548,1766,54,3714,1759,113190,1907,5274,451,57,357,189,1310730,2501,16154,3579,21369.0,151612
6.82106638,2581,41454,-4588,-1381,54275,10211,3225479,6244,24,9744,92202,49583,461,1139,108,3455,2020,113001,1713,5592,-847,-1281,410,363,1309375,2632,15697,2798,22735.0,152692
6.821804047,2576,41500,-4219,-1302,54332,10755,3220262,6497,392,9224,92991,51149,502,787,97,3516,1590,112777,2074,5929,-1526,-1366,490,198,1315594,2361,16729,3766,22287.0,154319
6.822541714,2088,40753,-4954,-1695,56582,10219,3184756,6934,676,9100,91371,49570,459,834,147,3699,1997,116476,1965,5021,-1203,-833,447,153,1330995,2823,17277,3756,22790.0,151365
6.823279858,2587,41081,-4674,-1232,56265,10819,3206053,6392,-15,9449,92527,50213,553,844,85,3639,1962,115994,1878,5113,-1446,-883,372,204,1344477,2675,17694,3588,22009.0,153406
6.824017525,2331,40723,-4490,-963,56396,11425,3209241,6386,547,9103,90775,49786,491,775,194,3689,1634,113265,1602,5565,-1174,-1435,323,321,1364134,2740,16093,3303,21525.0,151640
6.824755192,2409,41040,-5101,-1470,56637,10519,3253691,6470,363,8738,92035,48676,600,929,176,3714,2051,114046,1946,4948,-1789,-1225,436,326,1377260,2351,17266,3287,22299.0,152473
6.825493336,2421,40304,-4501,-792,57965,10495,3228751,6543,314,9146,93181,49996,645,795,106,3496,1841,113565,1602,5413,-1863,-1427,438,271,1391085,2973,16937,3809,23351.0,152944
6.826231003,2171,38279,-4265,-1163,53768,10996,3120824,6867,328,8939,86889,49467,533,854,149,3793,1972,112614,1723,4849,-1401,-1179,362,249,1371687,2056,16566,4354,22395.0,145202
6.826969147,2112,36894,-3990,-902,54590,9460,2992890,6282,930,7973,85287,47559,546,738,168,3637,1318,111849,1957,5315,-1587,-1292,329,219,1380799,2707,17101,3260,23203.0,140035
6.829920292,1301,24810,-1993,-149,40307,7164,2141757,5430,688,6253,69231,41334,405,684,90,3121,2211,94947,1374,5065,-1453,-1324,276,259,1324876,2028,16747,2357,19134.0,107936
6.830657959,2383,39892,-3395,-805,53766,12812,3036725,6786,568,8365,91254,48800,463,776,90,3624,1596,113239,2026,5587,-1370,-996,389,334,1351090,2688,16881,4104,22651.0,153127
6.831396103,2153,39848,-3694,-594,52292,12473,3048972,6669,811,8743,90322,46746,551,808,48,3553,1786,111569,1762,5496,-1743,-1293,450,258,1342188,2627,16424,3237,24086.0,151465
6.83213377,2068,39200,-3616,-307,52975,13096,3022147,7005,411,8932,91362,49858,504,845,91,3367,1763,107653,2281,5509,-1332,-1028,350,339,1341100,3086,16031,2599,24200.0,152731
6.832871437,2078,37680,-3194,-507,48477,12441,2883082,6908,-110,8334,86955,49423,434,708,135,3319,1746,104621,1491,5082,-898,-1200,321,197,1333481,3344,16626,3349,24967.0,146062
6.833609581,2304,39363,-3567,-717,51415,11872,2910116,6828,-108,8038,84359,50024,531,775,156,3345,1874,105916,1855,5218,-1260,-1411,375,325,1328741,2720,16434,4601,26224.0,144726
6.834347248,2339,40399,-3636,-861,51721,12603,2890462,6400,226,8120,90606,51263,455,732,118,3217,1720,104430,2142,5034,-1360,-1229,277,316,1324374,2730,16558,3807,25874.0,152347
6.835085392,2269,40627,-2867,-798,51732,13025,2907570,6945,-31,7566,91837,53033,441,695,36,3349,1820,105940,1776,5551,-2211,-1143,481,372,1328464,3046,15936,3695,24386.0,154703
6.835822582,2383,42091,-3269,-508,54668,12653,2907432,6945,-56,8069,95140,52534,494,760,152,3345,1970,108110,1762,5215,-1561,-1242,359,179,1317701,3317,16008,3192,24273.0,159212
6.836560726,2690,42534,-3418,-883,53948,13880,2989524,6894,154,8665,95987,52625,514,774,100,3775,1345,107883,1655,6071,-1376,-1173,435,271,1322468,2688,15996,3787,26734.0,161985
6.83729887,2374,41162,-3347,-633,54178,12658,2924470,7237,80,7941,94971,53374,491,846,92,3536,1713,105928,2077,5407,-1138,-1093,498,213,1324977,2342,16895,3437,26641.0,158402
6.83803606,2563,40653,-3109,-669,51181,12823,2803179,6881,417,7629,92042,49621,475,935,147,3451,1901,105760,1280,4913,-434,-520,333,168,1335762,2651,15698,3860,26188.0,154962
6.838774204,2325,39175,-3218,-863,49525,11420,2675139,6582,457,7665,88006,54621,487,761,85,3560,1628,101696,2049,4855,-1093,-1001,460,277,1323300,2882,15913,3635,26417.0,147508
6.839512348,2383,39443,-2989,-487,51962,12928,2737080,7651,321,7327,90179,50664,477,733,27,3638,2027,103188,1662,5103,-1753,-1221,483,313,1335886,2018,15824,3900,26293.0,152584
6.840250015,2465,42324,-3508,-630,51574,13959,2919198,7224,-172,8241,93118,49758,527,739,101,3361,1964,109828,2044,5508,-1000,-1040,311,175,1341344,2789,15880,3312,27078.0,159090
6.840987682,2343,38584,-2867,-697,48310,11840,2726454,6624,706,8081,82103,51108,614,834,89,3151,1523,101663,1793,4467,-1623,-774,446,205,1341381,2329,15790,2823,27031.0,141494
6.841725826,2433,42328,-2896,-477,51997,12879,2920217,7390,262,7669,92065,51727,560,728,86,3250,1890,108941,1866,5034,-1836,-1176,502,260,1353448,2521,16306,3005,26325.0,157095
6.842463493,2580,44369,-3700,-751,52660,14680,3046921,7348,300,8109,95972,53256,515,814,72,3521,1781,112714,2094,5263,-977,-643,316,156,1356373,2891,15353,3431,25656.0,164949
6.843282223,2534,43803,-3309,-523,50426,14614,2884183,7189,213,7652,96533,52620,553,841,122,3501,1789,109900,2030,5030,-1263,-657,419,302,1352663,2322,16521,3083,26534.0,164673
6.844147205,2643,43447,-3237,-766,50410,14119,2848669,7311,107,7414,96937,52288,397,780,70,3372,1962,108457,1517,5198,-1593,-2010,507,335,1353347,2950,16060,3872,25627.0,164457
6.845012188,2489,44966,-3473,-726,51908,14869,2914191,7509,336,7234,100292,52733,442,908,130,3417,1859,111971,2056,5163,-1137,-1123,475,358,1355443,2164,15602,3413,26108.0,170125
6.845877171,2622,44351,-3292,-390,50372,14296,2848712,7253,364,7096,97636,52341,465,925,120,3325,2226,109129,1549,5428,-883,-672,410,302,1367101,2370,16403,3478,26720.0,166158
6.846741676,2548,46522,-3337,-679,51256,16032,2855707,8385,516,7252,107642,52525,554,836,174,3409,2188,111651,1986,4895,-905,-798,378,214,1366439,2644,16662,3463,26492.0,181129
6.847606659,3058,50654,-3225,-728,50404,17744,2780023,8670,623,6307,120018,50521,518,974,81,3583,2561,113259,2971,5497,-649,-1267,434,301,1369660,2784,16279,3271,30014.0,200144
6.848471642,3125,49218,-2764,-186,50143,18255,2617487,8666,239,6435,119374,50508,512,1002,89,3345,2195,109254,1887,5970,-875,-1018,230,243,1366586,2128,15846,2249,28960.0,198638
6.849336624,3413,56385,-2767,-328,53627,21396,2731142,10167,31,6738,141343,50650,609,1233,219,3758,2138,114428,2302,6436,-248,-808,372,304,1379978,2640,16540,3960,31638.0,232704
6.85020113,3399,55736,-2910,-685,51718,21093,2674209,10168,596,7098,145783,51103,550,1232,224,3656,2526,112664,2263,5482,-430,-1000,487,250,1376679,2276,16452,3664,31913.0,236179
6.851066113,2982,45910,-2479,-421,45908,16511,2423270,7924,723,6058,109631,51518,527,931,67,3007,2022,99139,1578,5052,-1353,-985,510,262,1368486,2691,15745,2907,27998.0,182958
6.854525566,2345,42868,-3535,-855,50721,13762,2790184,6893,293,8141,96117,52076,440,967,102,3493,2121,105559,1566,5156,-713,-1188,574,311,1373945,2573,16346,3920,26029.0,161985
6.855390549,2453,43590,-3545,-995,52433,13829,2940856,7196,246,8155,98986,52210,507,770,134,3402,1947,109372,1725,5869,-1306,-1287,430,223,1380368,3214,15699,3590,26525.0,166054
6.856255054,2343,43442,-3566,-740,53449,13482,2988017,7422,-98,8108,99607,50448,503,863,73,3378,1869,111156,1910,4682,-1180,-808,524,221,1377592,2846,16598,3741,25061.0,166296
6.857120037,2614,43180,-4048,-452,54102,13916,3051618,6819,-55,8110,95322,53088,422,712,148,3430,2091,111178,1892,5521,-598,-903,399,315,1376831,2548,16213,3618,25815.0,161851
6.85798502,2676,41590,-3491,-133,55090,12574,3077351,6634,597,8245,90742,52628,497,824,201,3300,1583,111022,1550,5463,-862,-1149,420,152,1377529,2531,16818,3631,23221.0,154216
6.858849525,2516,42811,-3349,-441,55322,14144,3073548,6785,-119,7926,93238,54360,501,679,81,3499,2050,112189,1949,6169,-1495,-1433,411,230,1375067,3092,16648,3510,23154.0,159494
6.859714508,2326,42526,-3203,-251,54515,13649,3112854,6764,238,8015,91703,54522,552,790,87,3845,1707,112163,1537,5321,-1800,-1358,487,341,1373206,2855,15848,3466,22423.0,156968
6.860579491,2544,43092,-3475,-683,54712,13427,3156124,7183,155,8372,92059,51982,395,734,131,3656,1733,114523,1743,6211,-859,-997,227,221,1375915,3051,15394,4146,23867.0,158305
6.861444473,2632,40968,-3428,-934,53752,12254,3087112,6404,-136,8102,91133,51841,475,741,189,3490,1831,111111,1912,5278,-1248,-578,327,192,1372694,2572,16095,3616,24198.0,153391
6.862308979,2691,41225,-4037,-605,53119,12691,3069280,6330,178,7872,87311,53427,520,706,56,3556,1658,110630,1892,5169,-1886,-1476,411,203,1369313,2139,16044,3078,23844.0,150248
6.863173962,2719,41291,-4059,-1043,52286,12688,2998348,6421,445,7670,86516,54759,537,753,170,3539,1853,107518,1650,5393,-1009,-1101,541,238,1358779,3333,16282,3653,23369.0,149635
6.864038944,2457,42132,-3998,-792,52116,12890,3142422,6866,202,8185,88364,54527,789,938,115,3780,1991,110611,1676,4761,-1907,-1063,557,309,1360387,2042,16618,2934,22554.0,152709
6.86490345,2665,43011,-3750,-863,54182,13685,3156957,6386,460,8363,90211,53917,598,855,108,3139,1813,111494,1652,5438,-1456,-933,311,175,1359794,3261,15922,2727,24865.0,155958
6.865768433,2399,42931,-3405,-919,53557,13654,3161814,7084,167,7817,91630,51727,612,863,56,3068,2019,110576,1920,5516,-1672,-1560,422,319,1361212,2917,16955,3842,24644.0,157698
6.866633415,2618,44833,-3852,-453,56977,14463,3134333,7239,605,7243,94524,52295,767,911,121,3592,1879,116989,2034,6142,-2295,-2055,456,358,1372601,2336,17323,3570,26177.0,163677
6.867498398,2567,43725,-3570,-885,53505,13126,3086693,6732,-195,7891,93593,53320,525,749,52,3398,1738,112849,1554,4944,-1501,-1260,389,230,1368112,2558,16059,4110,24458.0,159743
6.868362904,2479,42892,-3909,-661,53947,13695,3119800,6647,235,8172,93872,53472,427,730,94,3228,1832,111323,1988,5870,-948,-792,343,231,1366325,2170,16948,3340,24861.0,159585
6.869227886,2492,44370,-4166,-364,55432,14156,3156561,6811,750,8216,97499,52962,573,803,211,3481,1802,114197,1933,4796,-1004,-1036,372,197,1362073,2456,16453,3467,25496.0,165328
6.870092869,2659,45029,-3879,-731,54094,13929,3130808,6937,809,8336,98049,53648,553,816,226,3588,1853,112665,2354,5458,-1284,-808,353,324,1352681,2631,15951,3366,25488.0,166603
6.870957851,2366,43318,-3771,-981,53358,12827,3021066,6794,244,6982,92062,52819,479,699,171,3352,1681,109624,1573,5576,-1670,-1963,406,338,1335148,2302,16435,3747,25242.0,157367
6.871822357,2757,42680,-3467,-695,52563,12455,2953443,7271,203,7987,92362,51043,596,771,76,3289,1282,105587,2153,5183,-1889,-1322,416,388,1325362,2756,16359,3567,25942.0,157525
6.87268734,2419,44429,-3831,-742,52934,13576,2956576,7494,307,7586,97841,53278,482,828,165,3534,1878,110019,1770,6037,-995,-1574,347,320,1321489,2171,15608,3209,25536.0,165759
6.873552322,2760,43715,-3397,-806,52766,13515,2958271,6907,235,7288,99864,52710,508,835,154,3592,1563,111681,1847,5193,-1221,-993,315,353,1313226,2503,16570,3460,25291.0,166761
6.874416828,2728,43189,-3308,-639,51468,13202,2931814,6458,286,7694,95031,53838,474,753,133,3283,1982,107415,1858,5421,-1211,-818,455,233,1310267,2858,16272,3608,25298.0,160608
6.875281811,2620,43445,-4106,-1223,53931,12922,2996731,6846,319,7856,97842,52963,482,831,69,3436,1938,110610,1802,5451,-1142,-1096,387,207,1315135,2914,15604,3646,24689.0,163675
6.876146793,2421,40652,-3784,-757,51595,12073,2889424,6974,648,7699,88173,52835,805,1059,107,3556,1845,106279,2039,5058,-978,-280,269,262,1306724,2326,15784,3393,23642.0,150293
6.877011776,2178,40568,-3633,-1190,49101,12826,2882040,6029,1105,7534,89389,53382,577,800,88,3290,1939,104416,1719,5040,-1714,-1470,405,333,1309209,2301,15229,3915,21741.0,150990
6.877876282,2283,42662,-4352,-831,53203,13765,3056588,6574,501,7746,95326,52535,535,914,103,3373,1878,110727,1828,5462,-746,-294,257,201,1315434,2465,15916,3273,23525.0,160610
6.878741264,2594,43134,-3527,-1023,52799,13512,3055548,6045,127,7322,94198,53300,512,897,39,3442,1658,110435,1247,4962,-1422,-1256,314,389,1318779,2292,16550,3484,22812.0,159483
6.879606247,2489,42518,-3949,-1212,53083,14037,3098580,5975,94,7638,93903,53962,437,741,111,3013,1798,111145,1768,5774,-1231,-823,277,288,1320176,2568,15902,3240,21572.0,158922
6.880470753,2331,41062,-3869,-940,52536,12342,2980010,6547,246,7496,89811,53556,472,658,76,3313,1732,107550,1760,4882,-2132,-1617,296,318,1318707,2427,16500,3202,21581.0,152093
6.881335735,2540,41389,-3848,-624,53340,13067,2988938,6087,727,7301,89620,51536,486,800,173,3405,1504,108952,1548,5505,-710,-656,438,198,1315657,2372,15573,3395,21711.0,152703
6.882200718,2183,41552,-4154,-755,51725,12421,3018096,6224,338,7174,92324,54695,679,679,98,3366,2123,112041,1086,5298,-2133,-1170,427,297,1316333,2381,16468,3411,21690.0,154704
6.883065701,2339,42321,-3885,-927,53816,12666,3033553,6928,244,7661,95740,53382,563,859,137,3326,1967,115768,1986,5744,-1295,-986,260,217,1329266,2485,16468,4004,22874.0,159994
6.883930206,2214,41039,-3732,-1251,50421,13104,2909725,6441,485,7190,92234,53564,405,768,114,3273,1759,109006,1031,5336,-923,-1062,312,275,1331493,2908,16607,3649,21676.0,155032
6.884795189,2500,42779,-3545,-929,52228,13138,2929618,6589,-66,6915,95552,51032,527,798,143,3432,1541,114609,1793,5076,-1033,-806,301,280,1341502,2629,15731,3794,23874.0,160558
6.885660172,2488,41668,-3588,-1269,49243,12918,2982382,6343,340,7227,95442,50851,482,728,86,3412,1580,113839,2205,5506,-1376,-1872,520,330,1347740,2110,17295,3015,21749.0,158859
6.886524677,2578,42013,-3742,-884,51604,13262,2979027,7028,336,7389,95183,53196,486,774,136,3613,2009,112338,1841,5778,-1247,-1531,396,298,1339359,2297,15478,3264,21423.0,160064
6.88738966,2397,43538,-3858,-1074,52250,14394,3062503,6851,843,7553,99948,52736,407,725,88,3274,1782,114821,1440,5486,-1285,-1242,441,284,1345238,2535,16566,3440,20803.0,167128
6.888254642,2610,42914,-3814,-1269,52517,13483,3035109,6850,109,7396,98228,53485,523,831,74,3397,1881,113604,1947,5975,-1468,-1224,333,293,1349479,1911,17082,3580,21043.0,164085
6.889119625,2311,42520,-3647,-885,51930,13073,3016294,6547,1086,7633,95574,53125,501,937,32,3429,1820,112167,1629,5422,-1272,-706,415,279,1346661,3051,16534,3429,21210.0,160025
6.889984131,2524,43209,-4062,-1385,51003,13559,3040257,6705,-65,7394,98462,52573,428,977,103,3524,2160,113941,2140,5909,-668,-1397,323,330,1347685,2706,17240,4114,20892.0,164459
6.890849113,2373,42458,-3571,-1172,48701,12404,2941840,6444,396,7422,95324,51953,463,732,58,3015,1841,109653,1660,5474,-2034,-888,520,246,1348397,2404,16202,3556,21611.0,159003
6.891714096,2429,42539,-4100,-1167,49943,12644,2952937,6619,671,7255,92826,53581,478,804,89,3374,1651,108661,2093,5780,-1304,-1662,442,254,1352269,2510,15492,2850,20341.0,157057
6.892579079,2581,43975,-3871,-815,51697,13771,3099667,6081,8,7873,96038,52688,447,879,156,3190,2110,114431,2113,5503,-980,-590,369,257,1358853,2403,17310,3626,21617.0,162446
6.893443584,2533,44373,-3536,-622,53431,12857,3089333,7039,-84,7522,97060,53958,563,759,146,3178,2144,114312,1427,4874,-1790,-1563,287,374,1356539,3095,17268,3452,21153.0,163862
6.894308567,2733,43622,-3914,-1064,53538,13611,3142740,6667,311,7714,93582,55421,613,846,107,3486,1752,114746,2225,5341,-1575,-1270,319,232,1351776,2576,15552,3067,22183.0,160215
6.89517355,2622,46328,-4069,-894,53562,14490,3196725,6896,418,7769,98972,54895,785,1081,140,3390,1967,116932,1750,5193,-1943,-1518,529,418,1357785,2171,16354,3013,21931.0,169308
6.896038055,2839,45991,-3917,-968,53872,13486,3168671,6831,336,7845,99107,53613,571,892,135,3557,1687,115740,1796,5433,-1062,-1277,348,322,1359497,2099,16192,3688,22305.0,168254
6.896903038,2705,45724,-4271,-1185,53485,13660,3146549,6824,102,7179,100250,55204,801,896,134,3606,1819,114372,1947,5577,-1738,-1188,461,359,1358397,2701,16876,3930,22050.0,169163
6.897768021,2352,42544,-3962,-963,53007,13335,3062113,6791,179,7813,93886,54385,593,766,39,3770,2328,112517,1459,5639,-2205,-1539,392,421,1356653,3311,16058,3722,21899.0,158908
6.898633003,2447,43684,-4354,-799,53544,13669,3115339,6659,941,8571,92043,54076,539,733,46,3419,1877,114819,1833,5869,-1835,-1351,440,219,1359663,2597,16193,3506,22743.0,158502
6.899497509,2521,44011,-3773,-1198,52453,13209,3073632,7371,68,7654,94418,54941,599,782,104,3675,2126,115018,1533,5153,-2229,-1605,389,373,1360437,2513,16557,4324,23311.0,161530
6.900362492,2646,44797,-3926,-701,54036,13491,3042579,7129,161,8104,93302,50947,525,835,132,3420,2085,113676,2421,6070,-1215,-1229,638,141,1355024,2473,16283,3162,25884.0,161365
6.901227474,2675,44084,-3803,-1011,50769,12668,2915404,7290,386,7561,96124,52316,528,859,150,3563,1705,108651,1661,4987,-1016,-1289,323,309,1345472,3006,16869,3072,25485.0,162841
6.90209198,2649,44280,-3671,-1179,50575,12226,2953329,6632,165,7269,96263,51918,551,749,86,3201,1840,110782,1581,5088,-2274,-1470,598,406,1354925,2482,16230,3445,28425.0,162050
6.902956963,2650,43703,-3357,-1112,50562,12206,2900944,6749,295,7086,93185,50183,499,773,91,3539,1649,109883,1313,5374,-1061,-1075,210,336,1350153,2939,16055,3187,23941.0,158493
6.903821945,2539,43950,-3554,-988,50831,12487,2911948,6859,385,8055,95320,51357,469,814,116,3368,2083,110497,2080,5116,-1219,-1323,517,247,1344346,2152,16176,3095,25493.0,161155
6.904686928,2574,45356,-3641,-1019,50629,13465,2880120,7404,476,7380,95715,52541,552,823,88,3502,2379,110582,1171,5037,-1840,-1516,475,326,1337676,2186,15817,3670,27337.0,164514
6.905551434,2830,41523,-4046,-1158,53679,10931,2988743,6176,516,7753,84630,51744,457,841,76,2998,1597,112436,2236,5329,-854,-937,374,229,1334249,2676,17392,3136,25513.0,146090
6.906416416,2575,39807,-3802,-990,52063,10682,2923452,5830,746,7635,79965,53143,402,771,140,3307,2077,107850,1780,5440,-766,-1178,310,254,1323870,2174,16801,2951,22038.0,138859
6.907281399,2356,40731,-3887,-1198,52452,11018,3017095,6097,628,8060,81198,52443,544,667,100,3361,2088,110304,1461,5293,-1939,-1615,497,349,1320143,2337,16103,3763,23174.0,141400
6.908145905,2600,40476,-4290,-1082,55065,11155,3128254,6167,655,8242,82021,52338,569,824,172,3384,1461,114203,1797,5529,-1231,-871,394,263,1320967,2715,16489,3820,23031.0,142419
6.909010887,2177,39797,-4482,-1455,55034,10474,3120960,5610,317,7879,78411,53668,439,634,38,3160,1602,114677,1326,5439,-1868,-1133,267,220,1317871,2510,16766,3110,22150.0,136469
6.90987587,2266,40860,-3835,-1123,53964,10659,3148926,5783,126,7641,80958,54833,486,716,132,3337,2046,115906,1521,5676,-1357,-945,391,375,1316406,2260,15780,3197,21976.0,140526
6.910740852,2419,41234,-3885,-1459,53585,10899,3171986,6000,221,8320,81751,53909,534,1137,136,3652,1675,116263,1965,5137,-334,-357,328,290,1313371,2475,15976,3396,20604.0,142303
6.911605358,1927,37716,-4252,-1203,49175,10076,2990125,5610,205,7317,73817,50426,436,963,119,3102,1645,111000,1298,4923,-414,-371,334,264,1303025,2387,15383,3330,19349.0,129146
6.912470341,2493,40245,-4436,-1294,53951,10203,3251799,5613,14,7813,80268,51482,553,730,151,3328,1894,116616,1189,5219,-2024,-1325,336,321,1305234,2298,16490,3023,19468.0,138822
6.913335323,2498,40415,-4667,-1314,53792,10229,3234705,5739,61,8055,80816,51002,450,691,121,3113,1401,116157,1664,5378,-1009,-1086,403,144,1311887,2359,17013,3333,19250.0,139697
6.914200306,2196,41166,-4892,-1570,53248,11266,3277376,6123,399,8404,82428,50032,445,634,88,3193,1955,116821,1599,6118,-1454,-908,364,161,1304883,2390,16123,3378,19306.0,143179
6.915064812,2198,40858,-4275,-945,52538,10921,3189656,5431,272,7147,78533,51053,415,759,124,3088,1437,113578,1662,5236,-986,-1217,474,292,1308785,2425,15489,3172,19011.0,137941
6.915929794,2506,41245,-4270,-1204,51046,11988,3137552,6145,576,7935,83752,52433,401,780,150,3175,1776,113797,1251,4803,-847,-973,421,290,1311587,2331,15619,3305,18853.0,145636
6.916794777,2210,41464,-4562,-1456,52848,12091,3062014,6585,811,8105,85784,54314,452,613,44,3060,1839,110148,1742,5418,-2516,-1771,303,312,1310480,2577,15326,3064,17274.0,148134
6.917659283,2137,40614,-4325,-1261,52480,12230,3079501,5657,27,7557,84144,51541,488,781,85,3443,2171,109298,1816,4704,-1482,-1060,412,236,1325530,3194,15319,4217,18311.0,144782
6.918524265,2103,40279,-4124,-1118,52270,12121,3009987,6065,808,7565,77577,48337,432,636,122,3195,1831,106035,2033,4957,-1617,-1037,372,251,1323096,2045,16024,2999,17977.0,138145
6.919389248,2382,40672,-4040,-970,51306,12710,2977943,6074,526,8069,82445,48049,470,680,153,3308,1950,106531,1877,5042,-1375,-1413,286,259,1328196,1985,16464,3047,18549.0,144283
6.92025423,2336,40017,-3660,-1053,47729,13329,2721971,6383,1251,6744,84202,49922,405,726,98,3317,1546,101762,1659,4766,-1695,-1586,443,380,1332226,2369,16238,2897,17861.0,146267
6.921118736,2219,40155,-4131,-1359,50281,11907,2940048,5884,914,7297,79570,49722,509,697,51,3223,1447,107614,1404,4950,-2870,-1897,374,424,1332205,2401,15827,3714,18215.0,139735
6.921983719,2348,43071,-3793,-1354,49692,12911,2937357,6577,881,6965,87137,50334,526,726,155,3270,1695,108871,1498,5071,-1575,-1318,365,292,1338006,2335,16342,2791,19914.0,152044
6.922848701,2751,43906,-3688,-1164,50244,14371,2976270,7015,576,7556,94785,49028,597,887,118,3177,1908,111705,1717,4962,-1520,-983,564,305,1348462,2186,16360,3748,21458.0,162828
6.923713207,2572,45635,-3860,-1333,51850,14812,3059132,7325,286,7180,91347,49295,403,698,160,3218,1886,114222,1392,5463,-716,-1418,654,290,1348586,2415,16224,2872,22046.0,161691
6.92457819,2620,45889,-3571,-1199,50378,15092,2909740,7109,108,6733,98590,51066,512,752,157,3494,1629,111363,1766,5384,-1713,-1033,352,190,1349584,2339,16748,3459,23043.0,169300
6.925443172,2744,44853,-3633,-908,51110,14543,2915712,7088,532,6104,97768,48739,496,800,52,3477,2026,113398,1613,5571,-2284,-2343,326,383,1347765,2425,16546,3000,23120.0,166996
6.926308155,2574,44412,-3268,-826,48318,14651,2728291,6588,393,6536,101577,46503,465,823,16,3185,1873,108567,2127,6142,-1387,-1699,450,167,1346303,2395,15681,3083,23131.0,169802
6.927172661,3074,48816,-3759,-1081,49814,15925,2815120,7821,720,7328,112932,48607,594,849,103,3495,1910,110304,1885,5499,-1894,-1020,530,353,1350097,2820,16375,3048,25600.0,188568
6.928037643,2699,47280,-3551,-1144,49233,15251,2849132,7649,-12,6545,111666,51129,532,819,105,3566,1932,111094,2106,5358,-2062,-1623,364,320,1354436,3022,17342,2570,25466.0,184545
6.928902626,3295,49007,-4000,-1053,51060,15272,2946185,7689,138,6838,114053,51975,641,910,146,4004,2183,113750,1767,5263,-1300,-566,346,261,1357893,2804,16813,3753,25280.0,189316
6.929767132,3003,51882,-2915,-1027,53108,16570,2935743,8673,770,7362,120626,51175,651,1039,68,3653,2114,115585,1869,5811,-1283,-1048,585,294,1362913,2796,16788,3553,27497.0,200754
6.930632114,3143,47947,-3331,-1019,50982,14405,2943841,7699,405,7331,111039,50719,533,851,134,3451,2343,114056,2341,5683,-1410,-860,360,287,1358372,2501,16874,3365,25164.0,184233
6.931497097,2836,47145,-3291,-1060,50636,14390,2920562,7300,840,7772,110590,49707,614,974,54,3848,2510,114407,1718,5190,-1161,-777,345,241,1355399,2716,16647,3389,25130.0,182261
6.93236208,3052,46770,-3762,-888,52352,13769,2953488,7181,-65,7529,113775,49478,549,989,201,3379,2423,115018,1996,5455,-852,-1399,532,322,1358981,2455,17139,3719,24488.0,184547
6.933226585,2547,46878,-4007,-933,52750,12629,3061928,7338,-233,8116,106875,49515,538,813,55,3464,2373,114765,1807,6174,-1445,-1739,413,268,1363112,2495,16450,3675,25260.0,176267
6.934091568,2433,44516,-4062,-1274,52572,12981,3033891,7105,332,7459,99765,51984,579,790,81,3396,1955,113850,1960,6011,-1886,-1384,508,277,1362806,2697,16295,4114,26075.0,166800
6.934956551,2482,43978,-4090,-1235,51044,12780,3060534,6894,3,8252,100829,50435,547,791,227,3595,2064,114637,2184,5726,-1747,-1355,347,283,1357118,2275,16227,3194,24761.0,166963
6.935821533,2398,43894,-4826,-1245,52750,11984,3140857,6594,-483,7460,98242,52462,496,753,112,3267,1717,116633,2023,5921,-1542,-1259,400,277,1357778,2645,17063,3669,22270.0,163112
6.936686039,2414,43717,-4471,-1389,52656,12048,3114197,6630,279,8411,96593,52700,495,716,78,3146,1903,113736,1899,5907,-1648,-1889,382,191,1359143,2838,17174,3450,22256.0,161402
6.937551022,2356,42382,-4454,-1290,51111,12043,3076174,6534,537,7372,90860,52602,461,740,54,3222,1741,112469,2404,5957,-1271,-1481,245,281,1355606,2970,17158,3299,21063.0,154175
6.938416004,2243,41392,-4448,-992,49453,12392,3060000,5823,320,7767,87350,50557,489,730,133,3104,2436,111997,1701,5973,-1763,-994,460,110,1346365,2250,16333,3710,19806.0,149200
6.93928051,2659,42493,-3904,-1492,48769,12796,2953226,6270,653,7310,91677,48571,545,777,116,3164,2016,109499,1877,5809,-984,-955,376,164,1340986,2608,16284,4092,21453.0,155895
6.940145493,2466,42263,-3987,-1300,48074,12746,3049845,6365,363,7641,88919,51256,573,851,96,3054,1580,110323,1141,4859,-1562,-1207,532,239,1337730,2044,15619,3600,18309.0,152759
6.941010475,2520,41945,-4359,-1232,49185,12201,3036524,5660,270,7024,86046,50730,510,778,108,3232,1399,109149,1768,4862,-2022,-1451,367,401,1337273,2502,15512,2371,19496.0,148372
6.941875458,2596,44509,-4656,-1421,49550,12673,3104681,6698,365,7729,91017,49545,599,729,113,3100,1431,112925,1865,5836,-1450,-1062,275,202,1333935,2008,15914,3445,19439.0,157493
6.942739964,2229,44594,-4468,-1559,51174,13610,3182336,6986,460,8068,97255,50403,558,721,61,3451,1903,115902,2062,5625,-2095,-1546,428,284,1336406,2909,16124,3312,21223.0,164674
6.943604946,2747,45845,-4501,-1480,49205,13450,3184311,6547,305,7865,101431,52942,450,767,85,3500,1627,115649,1967,6048,-1652,-1822,425,276,1319473,2644,15837,3077,21890.0,170020
6.944469929,2137,46136,-4577,-1706,49408,14002,3116708,6711,31,7590,100758,52399,600,884,139,3303,1658,114578,1232,5114,-1242,-1119,401,225,1312826,2305,16343,3378,21174.0,169744
6.945334435,2474,44695,-4078,-1642,48922,12909,3058894,6940,24,7475,99553,52537,745,869,153,3315,1558,114458,1927,5508,-1412,-1060,349,235,1300626,2439,15354,3561,21646.0,166571
6.946199417,2760,45288,-4338,-1672,48326,12810,3032040,7461,441,6832,99565,52243,577,762,110,3237,2230,113151,1457,5635,-1365,-1408,594,357,1302219,2403,15745,3760,22452.0,167884
6.9470644,2017,40813,-4091,-1177,44600,11843,2792929,6745,189,6940,95046,47681,479,634,24,3199,1669,109015,1425,5609,-1823,-974,453,286,1305041,2480,15015,2811,21068.0,156464
6.947929382,2589,42723,-3869,-1281,46080,12664,2853411,6838,236,6661,98012,48184,548,767,84,3359,1529,111880,1619,6014,-1678,-1699,463,296,1309454,2332,16184,3625,22220.0,162826
6.948793888,2626,44072,-3725,-1079,47815,11877,2775046,7425,-50,6930,97934,49646,482,746,54,3523,2004,107119,1781,6006,-1867,-1543,302,301,1310887,2555,16724,2789,22510.0,163934
6.949658871,2831,46240,-4451,-1607,50973,12816,2977391,7741,-81,7596,105187,50344,516,770,200,3563,2119,113393,1713,5361,-1235,-1342,276,198,1328835,2510,17252,3529,24447.0,174815
6.950523853,2864,45844,-4389,-1299,50525,13261,2994898,7142,119,7296,106300,48681,492,801,85,3650,2165,114989,2263,6006,-1438,-1508,450,239,1335230,2681,17074,3615,23508.0,175411
6.951387882,2975,48968,-3976,-1029,52421,14988,3113325,8269,635,7392,109633,49972,655,894,159,3657,2170,118332,1208,5437,-1613,-1651,418,358,1352379,2702,16777,4029,24822.0,184833
6.952253342,2620,46865,-3712,-1084,53109,15098,3030943,8234,132,7367,106638,49605,652,977,193,3850,1843,121138,2184,5604,-1219,-1057,418,152,1358073,2807,16295,2857,25151.0,179455
6.953118324,2849,50455,-4715,-1250,54758,14289,3162352,7921,33,7835,119053,51688,561,909,131,3670,1879,120058,1567,6194,-1161,-1769,405,226,1378725,2315,17787,3009,24340.0,194567
6.953983307,2614,44949,-4350,-1342,53889,13001,3087246,7846,31,7646,110253,48470,648,1080,121,3620,1736,118460,2286,6231,-1022,-876,569,201,1367736,2688,17957,3708,28388.0,178663
6.954847813,2320,43255,-3996,-970,54131,13906,3003103,8341,568,6609,107113,50406,1068,1717,55,3677,1791,120484,1984,6427,-1006,-640,489,181,1333629,2950,17091,3992,25663.0,174935
6.955712795,1675,34695,-3173,-801,44514,10734,2502292,7094,817,5119,95638,41981,1154,1182,102,3634,2263,117910,1380,5622,-1752,-1095,346,283,1342547,2920,16051,4126,24636.0,149836
6.958307266,2369,38867,-3252,-302,46855,11420,2755981,7801,331,8012,90585,43795,793,742,121,3304,1825,118664,2667,5505,-1865,-1241,582,270,1359925,2966,15902,3897,30342.0,151042
6.959172249,2150,42395,-3698,-764,50284,12650,3033247,7182,945,8065,89891,52117,1191,663,-12,3724,2319,117589,2090,4899,-1048,26,1067,284,1354038,2507,16590,3264,30315.0,154268
6.959966183,2114,37330,-3348,-47,44191,10467,2719352,6784,-84,6944,82421,46635,580,755,68,3274,1918,109777,1720,5017,-1843,-1428,424,303,1336571,2293,15958,3470,25793.0,139116
6.960631371,2063,33150,-2816,-375,41279,8954,2536885,6610,-17,6685,74817,45803,524,664,104,2823,1557,102927,1786,5199,-1718,-1213,327,227,1339111,3069,15825,3417,25828.0,125594
6.961297512,2094,36002,-3393,-137,46326,10146,2810754,6249,269,7307,79362,48288,504,613,158,3292,1260,105592,1377,4624,-1099,-783,385,227,1309638,2169,14687,2645,24508.0,133853
6.961963177,2099,40119,-3728,-425,51179,11423,3054963,7100,490,7694,84989,51344,546,709,160,3316,1806,116177,2168,5335,-1101,-917,389,199,1315196,2548,15997,3762,26494.0,145730
6.962628841,2511,41584,-3940,-703,49981,12608,3118241,6750,302,7872,85359,53943,855,751,115,3334,1828,115637,1644,4874,-1759,-1069,415,337,1308997,2070,15093,2983,25710.0,148812
6.963294506,2328,40384,-3627,-737,49887,11932,3054256,6600,123,7953,80740,52211,565,796,96,3322,1445,113127,2211,5219,-1076,-1078,436,211,1311223,3057,16455,3561,24194.0,141984
6.963960171,2423,40406,-3702,-303,49616,12278,3145791,5998,429,7466,81620,52378,526,710,101,3348,1728,117948,1799,5305,-1627,-769,416,310,1307519,3040,15699,4179,23026.0,142725
6.964625835,2142,38274,-3729,-915,45854,11853,2955710,6268,20,6940,78652,49098,597,680,85,3254,1404,112645,1987,5284,-1709,-732,434,203,1305435,3070,15522,3397,23108.0,137189
6.965291023,1901,34519,-3267,-623,39554,9648,2739626,5539,-81,6478,69645,47841,554,610,133,2897,1415,106411,1775,5314,-1598,-1236,295,327,1303417,2738,14628,3193,20593.0,121252
6.965957165,1718,33851,-3221,-456,37973,8891,2640735,6198,275,6349,69661,46045,519,582,34,2787,1401,103132,1475,4742,-1907,-807,366,346,1304933,2132,14759,3163,20168.0,120319
6.966622829,2217,43033,-3813,-531,46638,13985,3185134,6470,441,7406,89952,47773,532,723,35,3303,1211,118836,1848,5841,-1459,-1236,371,299,1305789,2698,15474,2796,21690.0,155657
6.967288494,2818,43037,-4050,-877,48174,13150,3260725,6517,315,7235,84930,52422,646,781,126,3136,1895,124853,2039,6149,-1175,-1526,302,335,1313084,2661,15720,4214,21640.0,150452
6.967954159,2645,45345,-3855,-885,49246,14773,3147519,7375,725,7255,95112,50191,682,825,130,3390,1865,122219,1912,5578,-1955,-1484,448,290,1330757,2257,17091,3523,23647.0,165250
6.968619823,2693,50047,-3515,-532,48135,17253,3205137,7793,242,6942,106016,54397,599,916,211,3496,2062,125907,1791,5420,-1229,-1393,410,397,1340749,2837,15846,3670,24212.0,183802
6.969285488,2836,49410,-3402,-336,47909,16747,3177368,7540,719,7098,109197,52923,676,958,69,3423,2063,127574,1754,5742,-1723,-513,354,293,1348400,2304,16088,3412,25796.0,185730
6.969950676,3099,50016,-3776,-303,50221,17197,3132068,7709,454,6394,107916,52861,575,780,75,2993,2032,129206,1757,5802,-954,-1198,275,163,1355280,2706,17509,3062,26096.0,185937
6.970616817,3022,51540,-2814,-492,47440,19126,2844339,8269,408,6626,124528,48791,609,990,195,3436,2220,125327,2238,6617,-695,-1378,321,210,1359099,3092,16046,3146,28360.0,206485
6.971282482,2919,53788,-3350,-255,47231,19085,2891303,8644,578,6840,131404,50136,616,951,91,3585,2385,122118,2759,6718,-1357,-941,541,270,1362170,2602,17005,3225,30028.0,215840
6.971948147,3244,55004,-3275,-476,48576,20126,2891895,9117,481,6376,135910,53273,622,931,81,3583,2504,123094,1445,6726,-1163,-926,518,224,1366480,2596,16825,4040,30870.0,223401
6.972613811,3371,55907,-2690,-187,48993,21411,2915676,9304,628,6219,137296,51368,667,1060,164,4128,2352,126066,1902,5742,-1459,-551,457,374,1367817,2636,16397,3569,29006.0,227289
6.973279476,3594,56790,-2954,-312,48407,22340,2749283,10345,398,5685,146088,50691,599,1109,128,3552,2625,125210,1911,6752,-670,-584,423,292,1370055,2907,16304,3151,30633.0,239157
6.973945141,3629,59857,-2993,-259,50011,23312,2757816,10575,451,5134,154362,51820,654,1143,161,3716,2446,127238,2221,7087,-1082,-1410,395,225,1373870,2545,17330,4285,31885.0,251735
6.974610806,3677,59700,-2857,16,49862,23271,2751694,11162,599,4778,154315,50453,789,1230,135,3731,2501,124478,1581,6153,-1403,-600,505,211,1374632,3297,16385,2590,33035.0,252125
6.97527647,3684,61476,-2592,128,51350,24636,2807048,10714,555,4500,156343,49443,802,1250,139,3537,2826,124903,2163,6802,-1280,-1216,412,316,1381297,3230,16581,3390,32053.0,256853
6.975942135,3268,54895,-3312,-639,48190,19514,2916083,9155,746,5653,130741,53677,938,1202,156,3601,2383,128061,2505,5822,-1789,-888,593,192,1376887,2364,15432,3521,32207.0,217573
6.9766078,3237,55553,-3161,-192,50570,21403,2845012,9331,326,5577,139441,52717,938,1134,109,3618,2614,126304,1516,6606,-1414,-825,413,231,1372683,2439,15964,3178,30837.0,228965
6.977273464,3061,52248,-3377,-476,48840,19192,2905813,9566,446,5957,128944,52216,726,952,87,3682,2532,126195,1958,6596,-1130,-1217,417,230,1377880,2170,16995,3132,30163.0,213011
6.977939129,2952,48508,-3545,-327,50800,16552,2991697,7994,250,6261,110548,52894,473,807,111,3527,2346,124733,1989,6551,-784,-1164,499,215,1377931,3205,16475,3138,27784.0,186554
6.978604794,2998,46851,-3651,-414,49241,14856,2930498,7508,464,6582,103960,51353,565,814,56,3354,1904,120308,1713,5082,-1919,-628,461,249,1373524,2697,15497,3539,26656.0,176173
6.979270458,2998,47852,-3972,-702,51029,15556,3043219,6609,248,6494,105537,55112,511,761,66,3611,2018,124548,2043,5930,-1224,-1361,349,269,1373154,2287,17444,3676,25062.0,178552
6.979936123,3038,46438,-2975,-447,48942,14526,2874326,6912,32,6524,102213,53007,636,759,81,3726,1868,119225,1543,5590,-2058,-1120,513,219,1372338,2735,15262,2936,25169.0,173127
6.980601788,2419,44040,-3206,-276,47530,14142,2835281,7183,51,6518,97794,48888,629,848,241,3494,1839,115792,1285,5181,-1650,-1285,372,303,1371422,2650,16107,2913,23097.0,165578
6.981267452,2425,44138,-3619,-559,46181,15110,3002828,6500,506,6148,94878,53088,504,803,137,3492,1596,118043,1554,5277,-1485,-1236,360,337,1377343,2456,15933,2969,21637.0,163051
6.981933117,2740,43946,-3495,-781,48941,14039,2871765,6511,1213,6805,93369,51459,434,801,174,3480,1943,118445,1746,5337,-460,-1184,473,396,1374674,2990,15322,2729,22449.0,160605
6.982598782,2785,45522,-3537,-773,48973,15644,2800350,7699,544,6534,105331,52807,504,809,154,3385,2035,117458,1827,5717,-1874,-1508,368,232,1377848,2661,15763,3317,24971.0,176981
6.983264446,2334,43340,-3403,-586,51226,13739,3007202,6612,295,6533,94223,51699,569,744,145,3738,2476,121654,2028,5789,-1605,-1179,472,321,1378125,3086,15962,3231,23668.0,160248
6.983930111,2285,41650,-3877,-652,48713,13243,3006865,6376,409,6319,88337,50611,470,644,47,3388,2195,116434,1384,5094,-1477,-731,363,269,1373585,2592,16578,3655,19613.0,151891
6.984595776,2366,40177,-4007,-885,47078,13108,2942392,6155,638,6632,86627,48031,599,754,104,3331,1597,116936,1785,4744,-1749,-1167,422,280,1366958,1923,16041,3271,18120.0,148433
6.98526144,2389,41897,-3474,-483,51447,12335,2968045,6271,446,6205,87877,50893,573,699,155,3163,1964,119275,1356,5056,-1792,-1206,384,311,1370502,2805,16092,3044,19765.0,150769
6.985927105,2487,41845,-3554,-600,55105,13422,2945757,6515,493,6479,92427,50816,572,766,73,3497,2014,124868,1209,5653,-1467,-962,410,314,1368988,2330,17249,3145,20723.0,156696
6.98659277,2462,43592,-3188,-682,53636,15143,2861413,7091,540,6494,101703,49699,651,1078,126,3916,1827,123675,1779,5739,-1162,-942,563,241,1367216,2522,16692,4543,24262.0,169991
6.987258434,2676,45313,-3240,-205,53181,14662,2760185,7804,637,5867,103224,50641,989,2242,110,4061,1978,123829,1727,5828,203,46,469,183,1364913,2636,16559,3291,25420.0,173679
6.987924099,2722,47109,-2978,-282,54539,15111,2723454,8648,467,5759,106297,50689,882,1977,71,4303,2265,126078,1311,6083,-610,-502,492,226,1368841,2496,16782,3866,30160.0,179887
6.988589764,2472,42139,-2536,-436,52707,13328,2777643,7142,547,6344,89203,51593,557,991,102,3639,1939,120636,2820,5708,-1081,-564,385,245,1358413,2985,17439,3806,25397.0,154284
6.989255428,2234,41267,-3204,-335,106678,13055,2674500,7163,838,6146,95088,44485,720,856,110,3515,1484,118880,1372,5653,-1584,-1334,463,193,1355166,2563,15963,3214,23345.0,158807
6.989921093,2375,40910,-3219,-618,54996,13177,2905973,7012,536,6781,92093,51976,629,858,63,3575,1820,120679,1757,5476,-1599,-1464,433,332,1359915,2716,16295,3080,23163.0,155567
6.990586758,2331,38639,-3489,-511,54222,11027,2933041,6278,757,7017,82343,51022,471,740,69,3400,1570,115721,1557,5350,-2167,-1989,402,433,1351692,2666,16348,3069,21334.0,140618
6.991252899,2004,36351,-3137,-708,50678,9862,2855371,5931,583,6779,74439,52000,463,686,150,3393,1545,108948,1068,4616,-1522,-1809,505,388,1348846,2459,16338,4259,21116.0,128587
6.991918087,2502,39397,-3958,-959,52682,10922,3001738,5589,273,7310,79263,50000,608,718,180,3570,2111,115612,1250,5339,-1536,-1470,530,281,1347364,2561,16596,3690,20468.0,137673
6.992583752,2255,40234,-3273,-871,54155,11778,3033662,5809,955,7596,83126,52388,558,735,63,3571,1669,121207,1756,5387,-2147,-1299,388,330,1347419,2492,16784,3014,20643.0,143202
6.993249416,1992,40069,-3910,-1114,55947,11939,3104376,6215,357,7278,82362,51498,517,730,68,3774,1423,120695,1716,5431,-1446,-1426,338,179,1338845,2473,17207,4219,20291.0,142577
6.993915081,2069,39133,-4230,-838,55842,10521,3126954,5543,20,8281,80294,48775,504,707,74,3418,1574,117482,1753,4952,-1788,-1082,470,200,1333313,2509,15634,3178,21079.0,137560
6.994580746,1981,36580,-4030,-761,51985,9012,3055197,5661,251,8101,74796,51820,377,641,90,3502,1783,112790,941,4905,-1388,-1446,385,198,1320712,2505,15379,3469,20874.0,128030
6.99524641,2142,36961,-3943,-842,53340,9469,3030022,5387,722,8214,72893,51772,419,671,86,3118,1223,110733,1617,5118,-1647,-1658,422,281,1319753,2240,15401,2925,20894.0,126852
6.995912552,2016,37097,-3826,-1361,53044,8943,3023396,5482,406,7728,73328,52639,483,591,111,3224,1562,111556,1389,5504,-1690,-1386,418,216,1327037,2518,16541,2982,21536.0,126866
6.99657774,1836,36385,-3691,-1164,52371,9390,2960531,5501,822,7767,71289,51765,545,621,93,3586,1761,107484,1214,5018,-2165,-1380,348,271,1323146,2720,15944,3070,22225.0,124401
6.997243404,1840,35800,-3843,-1073,50440,8409,2865587,5262,1034,7646,68527,52868,466,566,81,3163,1285,104141,1598,4983,-1729,-1231,249,230,1320316,2244,15134,2606,20265.0,119838
6.997909069,1914,37369,-3905,-926,52129,9119,3001094,5640,257,7987,73703,52581,461,677,122,3340,1446,108776,1499,4145,-1828,-1229,387,280,1326480,1936,16199,3705,22030.0,127745
6.998574734,1878,34089,-3345,-1178,45943,7498,2625710,5307,907,7140,65186,50501,394,635,109,2829,1617,98461,1195,4888,-1105,-1387,259,245,1310524,2374,15049,2906,18857.0,113958
6.999240398,1692,32939,-3315,-1024,46480,7112,2681997,5031,477,7060,62430,54779,504,711,174,3059,1430,100228,1772,3914,-1709,-1141,495,253,1331304,2259,15523,3497,21203.0,109204
6.999906063,1493,29063,-3531,-1198,43882,6137,2513711,4510,1675,7381,59553,53461,482,680,85,3129,1403,96538,1433,4625,-1799,-1562,269,321,1342767,1973,16226,2774,20889.0,100756
7.000572205,1540,29399,-3179,-1149,42417,6602,2466712,4142,769,6979,57871,52139,772,864,43,2981,1593,95737,1325,4503,-1800,-915,514,320,1335659,1827,14326,2943,18814.0,99554
7.001237392,1799,30425,-2973,-1022,40781,6865,2395301,3993,634,6317,56435,53658,867,952,60,2654,1376,91768,1297,4113,-1380,-943,442,222,1335333,2193,14692,2154,18083.0,99517
7.001903057,1806,32579,-3387,-861,43356,7603,2572906,4715,1101,7242,57111,53961,911,711,112,3054,1455,98411,1377,3833,-2108,-1050,476,288,1349121,2477,15220,2553,19622.0,103814
7.002568722,2053,35045,-3405,-1150,48387,8336,2838726,4923,1329,8096,64445,51395,520,687,47,3186,1024,103796,1450,4540,-2300,-1134,303,266,1352181,2514,14994,3268,18935.0,114802
7.003234386,1863,35770,-3952,-1060,47291,7982,2876163,4961,962,7583,66909,51160,430,636,50,2734,1368,102587,1218,4337,-1939,-1743,271,257,1355104,2333,14752,3059,19429.0,117485
7.003900051,2301,37282,-4193,-891,49114,9602,3018916,5390,272,7535,69254,50746,419,672,66,3041,1442,109385,1721,5016,-1818,-1958,338,288,1366423,2664,16220,3584,19409.0,123829
7.004565716,2019,36180,-4161,-1664,48479,8210,2959118,5091,825,8224,66996,52271,490,878,94,3033,1538,107481,1014,4173,-951,-1456,369,264,1361418,2730,16445,2730,19030.0,118496
7.005231857,1960,34513,-3475,-1108,46962,8825,2785807,5457,1316,7410,64111,54973,402,669,128,2832,1201,101606,1376,4358,-1123,-1322,283,318,1359129,2027,15941,3468,17926.0,114866
7.005897045,2395,36546,-3667,-691,48808,8734,2979530,5301,431,7497,67923,51240,510,588,82,3190,2024,109714,1072,4829,-2408,-1221,438,322,1360573,2458,15572,3564,20206.0,120899
7.00656271,2129,35881,-4084,-1086,49023,9219,2993146,4897,460,8101,65221,55730,459,1053,87,3116,1298,109240,1683,5465,-103,-799,433,270,1362323,2618,15586,3486,20459.0,117347
7.007228374,2258,37435,-3572,-510,45423,9551,3077860,5955,849,7290,69748,56208,8644,3210,-13,2966,1467,108817,1358,4677,-57,566,1369,271,1352559,2102,14889,2881,20391.0,124947
7.007894516,2041,37661,-4091,-892,47273,9952,3073879,5672,601,7073,68144,51595,510,1954,217,3157,1705,113763,1718,5095,493,-755,513,333,1356637,2451,15780,3618,20824.0,123470
7.008559704,1875,36344,-3791,-987,46708,9890,2959052,5266,1258,6871,67852,50594,525,795,180,3210,1276,106548,1046,4885,-1135,-1337,395,247,1351233,2247,15120,2896,20484.0,121227
7.009225368,2380,39143,-4450,-1205,48276,10676,3178745,5896,28,7519,73232,52975,438,723,158,3353,1142,114101,1675,5314,-1094,-1105,341,177,1355956,2485,16482,3443,21313.0,131327
7.00989151,2236,40156,-4242,-1039,49415,10867,3260350,5847,194,7501,75638,52110,449,700,149,3332,1588,118880,1446,4929,-1400,-1636,253,299,1357478,2400,15693,3320,21416.0,134744
7.010556698,2396,40977,-4695,-1235,51607,10312,3327156,5668,237,7323,72779,51410,504,768,86,3151,1571,117874,1005,5446,-929,-1008,318,176,1355317,2656,16607,3941,20447.0,132132
7.011222363,2257,41903,-4607,-1223,49458,11059,3287760,6120,-21,7335,75947,53949,456,695,48,3152,1734,116061,1055,4810,-2311,-1892,534,425,1351768,2770,15633,2978,21358.0,137286
7.011888027,2489,41622,-4366,-944,47594,10917,3153836,6336,285,6955,78829,51121,440,722,120,2908,1490,112045,1777,5315,-729,-1421,433,256,1345160,2060,16355,3612,22350.0,140193
7.012554169,2182,40808,-3884,-813,45090,11849,3099587,5527,1076,6656,77181,51627,450,621,176,2860,1763,112116,1913,4937,-1618,-732,410,179,1338038,2842,16219,3444,20863.0,137547
7.013219357,1913,40244,-3575,-1166,39855,12051,2826302,5997,948,5761,80203,53481,362,703,109,2485,1178,108032,1659,5187,-823,-889,320,280,1331359,2056,16099,3146,21934.0,140408
7.013885021,2545,41920,-3106,-1427,43782,12725,2868650,6031,1345,6064,85596,51736,454,635,35,2829,1736,108223,1142,5355,-1855,-1373,360,192,1331364,2227,16010,2732,21466.0,148817
7.014551163,2103,39540,-3132,-939,41290,10843,2730413,5618,1305,6006,78607,50242,484,708,110,2348,1658,102861,993,4462,-1399,-838,459,212,1309848,2150,15741,2830,18400.0,136711
7.015882015,2140,40017,-3717,-847,42417,11260,2782232,5861,943,5958,79103,50476,656,878,112,2651,1597,105665,1299,4803,-1627,-1385,426,259,1299263,2025,15933,2845,19284.0,138381
7.01654768,2506,44604,-3789,-944,49062,13951,3044360,6557,427,6881,91378,48821,684,1012,150,2905,1305,115304,2107,5696,-1677,-1029,330,370,1322980,2949,15588,3376,21523.0,158996
7.017213821,2313,45147,-3712,-1101,44853,13747,2961874,6817,961,6588,93674,51215,609,682,117,2797,1251,110821,1318,5333,-1591,-1078,295,243,1317892,2679,15727,3122,20996.0,161698
7.017879009,2570,43538,-3760,-1186,45314,13759,2882433,6859,924,6397,94380,51573,464,803,114,2863,2093,109129,1716,4941,-1810,-1675,463,284,1319172,2183,15001,3046,18504.0,161106
7.018544674,2481,41188,-2910,-943,41049,12577,2720396,6109,870,6294,87751,49070,627,899,93,2969,1837,106058,1137,5686,-2116,-1348,373,376,1309888,2280,15551,3438,20319.0,150106
7.019210815,2109,43345,-4057,-1196,46654,12918,2998241,6699,1331,7012,95266,52517,704,786,68,3029,1758,114147,1626,5545,-1319,-874,397,294,1318178,2523,15753,3500,21842.0,160337
7.019876003,2233,41604,-3932,-887,44137,12202,2907901,6519,305,6336,93018,48379,627,730,103,3131,1987,115326,1365,5513,-1968,-572,305,217,1313616,2788,15706,3483,22109.0,155576
7.020541668,2220,38573,-3194,-1452,42340,10713,2800903,6143,400,6075,83743,50255,597,767,109,3165,1389,108888,1407,5125,-1295,-1058,431,173,1299069,3241,14742,3020,22155.0,141392
7.021207333,2504,41319,-3730,-1588,43962,10486,2861760,6452,390,6559,87490,50746,500,743,87,2780,1802,111693,2062,5092,-1218,-965,535,397,1300067,2450,15232,3380,21934.0,148251
7.021873474,2431,41752,-3927,-1611,47385,11336,2995542,6599,1022,7424,87695,50235,527,750,99,3266,1883,114683,1736,5493,-1391,-1368,413,227,1303535,2040,16150,3461,22191.0,149813
7.022538662,2430,42975,-4232,-1122,47504,11858,3084535,6183,153,6965,88219,50180,513,754,72,3263,1549,114590,1542,4781,-1876,-940,388,288,1300335,2500,16559,3562,22597.0,151665
7.023204327,2694,43190,-3978,-1035,47631,11520,3062870,6026,712,7036,87484,51539,562,700,45,3093,1692,115283,1581,5327,-1598,-732,436,175,1303182,2383,15482,3477,23139.0,150914
7.023870468,2636,41981,-3585,-970,48372,11950,2928800,5706,1093,7080,84719,49746,558,610,84,3057,1591,109906,1258,4795,-2330,-1585,336,383,1296082,2930,16454,2939,23268.0,146992
7.024536133,2182,38831,-3617,-1329,41408,11359,2692057,6203,1064,5698,77359,47369,499,620,27,3003,1743,102164,1120,4398,-1675,-1142,290,233,1298721,2063,15435,3012,23287.0,135934
7.025201321,2319,40650,-3480,-816,43888,11826,2725411,6241,732,6181,82089,48619,479,748,79,3010,2023,105878,1212,5095,-1697,-1328,360,262,1297467,1956,15255,3223,23255.0,143125
7.025866985,2311,40486,-3350,-733,46404,11270,2755322,5785,557,6385,83813,46673,448,707,53,2907,1709,106494,1929,5571,-1498,-1373,442,269,1304720,3221,15793,3012,24507.0,143665
7.026533127,2569,42723,-4041,-1365,47977,11707,2966916,6239,28,6987,87444,50810,565,784,129,3233,2175,116308,1961,5285,-1173,-1205,527,429,1311350,2525,15937,3208,24988.0,150682
7.027198315,2079,41160,-3773,-1007,45389,11231,2911788,5688,254,7026,81401,52741,508,723,163,2839,2014,111320,1385,5292,-730,-1211,410,234,1318927,2597,15743,3741,24907.0,141559
7.027863979,2416,42886,-4169,-1378,44931,11996,2991296,5483,-301,6541,85490,51476,435,665,73,3087,1767,113934,1600,6222,-1505,-956,478,228,1321810,2868,15504,3850,23643.0,148271
7.028530121,2263,41473,-4060,-1155,46919,11645,2951345,6029,451,7094,83335,49064,469,709,141,3172,1939,113118,1546,5281,-937,-1016,325,154,1336213,2720,14847,3438,24055.0,144745
7.029195786,1955,42506,-3951,-1151,46241,12418,2929471,6409,370,6879,80455,52567,564,688,90,3147,1970,112792,1817,5212,-1709,-1603,439,307,1335324,2627,16458,3934,25356.0,143743
7.029860973,2095,40935,-3985,-809,46358,12092,2948554,5288,41,6791,76665,48769,474,732,57,3413,1951,111545,1594,5209,-1665,-1675,377,209,1339434,3595,16242,3667,23243.0,137075
7.030526638,2200,40604,-3742,-1106,45930,12412,2857400,5332,768,6387,76085,49955,444,644,178,2743,2357,108179,1400,5215,-731,-1684,425,343,1339012,2142,15521,3004,23090.0,136633
7.03119278,2128,40189,-3514,-867,45088,11774,2862845,5527,514,6856,75734,50051,458,682,97,2894,2052,108287,1574,5486,-1326,-1069,394,202,1344054,2599,15089,2700,20995.0,135352
7.031857967,2110,37705,-3727,-631,42745,11580,2880419,5396,533,6913,71828,50731,426,699,114,2786,2266,112250,1869,5040,-1411,-2145,476,369,1330374,2246,15393,2630,19455.0,128619
7.032523632,1437,34480,-4494,-1633,41787,12516,2950450,4846,513,6452,67194,53133,518,769,60,2941,1843,109284,1353,4989,-1771,-1345,603,257,1332133,2387,15711,3284,18273.0,120473
7.033189774,1593,34835,-4194,-1523,43167,12089,3039432,5140,837,6952,68797,56579,497,715,57,2938,1627,111470,1261,5776,-1746,-1001,509,222,1341859,2606,15703,2502,16114.0,122454
7.033855438,1507,37673,-4474,-1264,41891,14264,3093987,5767,492,7319,71376,52393,528,716,223,2861,1985,113464,2016,5042,-1615,-1302,405,303,1340312,2185,14408,2554,16736.0,130587
7.034520626,1783,39856,-4260,-1561,41726,16780,3051380,5019,1095,7148,70702,53760,506,640,88,2978,2171,111770,1017,5139,-2389,-1465,568,366,1336653,2142,16673,3503,16402.0,134140
7.035186291,1922,40519,-4106,-1965,41987,17541,2980131,5386,933,7371,71607,54858,479,717,120,2976,2334,108614,852,5176,-1524,-1609,534,247,1335211,2132,15387,3187,16114.0,136975
7.035852432,1572,42355,-4331,-1314,41358,20545,2869006,5755,910,7357,70591,55153,531,710,172,2791,2513,107824,1594,5663,-2072,-1773,463,319,1336041,1879,15315,2854,16111.0,140818
7.03651762,2255,48633,-3549,-1572,40627,25866,2747369,6246,546,6975,76476,53889,391,865,97,2771,2959,104421,1568,5565,-727,-1078,516,291,1338495,2449,15633,2829,15509.0,159476
7.037183285,2302,54098,-2941,-1267,39312,30758,2687899,6690,1044,7163,79664,51680,409,813,150,2830,3565,104144,1458,5678,-1371,-1472,473,250,1338868,2611,16313,2944,15789.0,173512
7.037849426,2051,51095,-3071,-1191,36439,29630,2519479,6367,866,7842,75852,49162,434,854,68,2978,3864,100554,1649,5902,-1235,-1562,544,226,1340500,2597,15838,3250,16268.0,164995
7.038515091,2142,47636,-2558,-1096,37285,22304,2391757,4956,1267,6442,64954,50189,403,727,159,2616,2879,92680,1558,5315,-1130,-1544,532,355,1330626,1811,15507,2891,15782.0,141992
7.039180279,2773,58663,-3698,-1332,43463,25212,2839510,6487,885,7080,80532,49413,441,798,109,2998,3052,108076,1629,6103,-1449,-1302,446,220,1345783,2299,17201,3554,17467.0,173667
7.039845943,2277,47777,-3495,-964,40335,17678,2789191,6155,889,7241,72699,44080,464,750,87,2797,2647,107850,1072,5188,-1620,-1381,406,236,1345801,1848,15187,2697,19570.0,146586
7.040512085,3153,60047,-3561,-1104,41858,26007,2800772,6670,585,7259,80038,47755,455,760,29,2700,2749,105284,1264,5626,-2137,-1775,641,368,1342627,1824,16938,3006,16826.0,175915
7.04117775,3183,62518,-3092,-1307,41901,31086,2580666,6706,964,6463,86894,44579,468,1002,161,2842,3867,103096,1890,6176,-792,-1411,502,134,1347177,2586,16739,2988,17597.0,190387
7.041842937,3088,58237,-3262,-717,42305,27642,2762046,7298,685,7015,89699,45902,441,872,159,3070,3676,107921,1646,6254,-1177,-1220,368,283,1346247,1922,17334,3857,17028.0,185964
7.042509079,2480,46728,-4155,-1655,46688,14044,3089345,6594,513,7087,91856,51768,453,716,78,3087,1890,117559,1713,5490,-1835,-1626,323,297,1340081,2022,16957,3169,18205.0,161702
7.043174744,2725,46543,-3892,-1299,48449,13440,3053672,7160,447,6690,91849,50614,429,729,132,3289,2107,118470,1669,5883,-1740,-1325,431,247,1343529,2497,16720,2713,20604.0,161717
7.043839931,2756,46550,-4105,-1478,48591,11778,3132683,6653,708,6501,91736,51352,465,796,138,3239,1652,119034,2018,6407,-1530,-1386,429,231,1346973,2686,16306,3009,21091.0,159473
7.044505596,2479,45690,-4026,-1298,46874,13017,3000256,6191,1019,6554,91531,51647,543,778,77,2983,1728,116170,1651,6095,-1562,-837,285,236,1342664,2479,16205,3618,21569.0,158908
7.045171738,2546,45311,-3599,-1362,46256,13058,3037561,6137,884,5804,89827,50384,455,805,64,3150,1218,118746,1746,5499,-1257,-1448,346,229,1341673,2811,15910,3376,21693.0,156879
7.045837402,2318,46280,-4242,-1447,48349,12534,3043772,6461,194,5946,88449,48950,540,784,126,3076,2013,120648,1839,5806,-1907,-1963,336,271,1340040,2043,16443,2785,22933.0,156042
7.04650259,1938,42082,-4273,-1335,44728,10924,2905785,6489,661,5957,78873,47392,2352,799,82,3387,1710,121407,1571,5361,-456,490,752,159,1327074,2895,16825,3062,22459.0,140306
7.047168732,2284,44161,-4568,-1398,48193,12089,3029784,6460,275,5090,81444,48442,633,753,130,3626,2271,127927,1546,6125,-995,-1122,269,221,1321478,1940,17138,3023,23820.0,146438
7.047834396,2297,43457,-3801,-1138,46721,11340,2877806,6707,351,5827,89581,46677,589,811,114,3372,1625,119397,1415,5512,-1768,-1417,370,278,1333559,2513,16602,3843,25944.0,153382
7.048499584,2338,40336,-3786,-1712,41942,9741,2683964,6329,588,5736,78627,47295,632,827,132,3051,1899,110427,1627,5661,-2117,-1471,516,281,1334658,2391,16212,3168,26030.0,137371
7.050497055,1752,32158,-3280,-1516,37210,7671,2164919,5289,717,4741,71141,46947,517,663,114,2835,1401,101791,1544,4804,-1651,-921,343,258,1292183,2153,17001,3100,22373.0,118011
7.051162243,2166,43500,-3878,-1352,45001,12141,2598321,5986,1199,4727,89221,47998,722,831,66,3270,1902,111723,1239,5182,-2454,-1702,441,463,1292831,2072,17908,3500,22098.0,153014
7.051828384,2275,46345,-4208,-1375,47582,12091,2891992,6910,227,6346,88682,49394,664,764,63,3225,1904,118150,2156,5480,-2639,-1471,360,265,1319627,2342,17470,3469,27244.0,156303
7.052494049,2388,42810,-4003,-1267,44507,10066,2860855,6349,810,6615,87313,47715,541,838,145,3315,2494,116198,1697,5871,-1531,-1466,499,420,1344935,2589,17623,2993,29322.0,148926
7.053159237,2525,43903,-3941,-861,45713,11622,2959547,6546,158,7170,90144,47250,507,768,116,3327,1745,118430,1674,5772,-1679,-1357,513,143,1340143,2588,16949,3887,28799.0,154740
7.053824902,2501,42081,-3731,-1111,43493,10959,2780280,5683,786,6546,84048,46870,558,775,99,3052,1368,112267,1675,4788,-2051,-1524,253,322,1337149,1978,18305,3418,27420.0,145272
7.054491043,2459,46342,-3830,-1158,42405,11998,2983068,7380,473,6828,89477,46667,2517,769,-13,2782,1657,116722,1535,4872,-369,337,650,241,1425429,2633,17850,3065,28748.0,157656
7.055156708,2312,42702,-4062,-1431,40104,9981,2863484,6792,1123,6411,85606,45721,1205,796,115,2364,1460,108932,1540,4677,-1715,-834,622,369,1440614,1802,17268,2949,23768.0,147393
7.058484554,1369,29753,-2509,-855,46449,10404,2534545,5309,1489,6242,68202,49943,532,707,82,2758,1348,102376,1641,4628,-2052,-1555,492,288,1307028,2300,15823,2727,19720.0,115037
7.059150696,1643,31522,-3192,-868,46081,11021,2668604,5074,1877,6767,68048,50536,528,664,85,2699,1260,104020,1029,4569,-1954,-1273,411,233,1303595,2222,15548,2304,19845.0,117308
7.05981636,2158,39275,-4655,-988,49667,12956,3209377,6170,525,7922,76804,48925,494,706,160,3325,1588,120675,1107,5125,-1849,-1554,403,321,1305936,2687,15866,2809,20344.0,137363
7.060481548,2002,39470,-3798,-297,56462,13654,3357548,6825,126,8564,83991,48583,532,746,116,3308,1705,123937,2045,5360,-1722,-1505,408,320,1308806,2599,16597,3713,19871.0,145942
7.06114769,2508,42084,-3488,-464,52501,13297,3219244,6350,356,8038,85143,49363,424,709,96,3500,1906,117613,2109,5114,-1238,-1112,466,270,1304020,2800,16548,3598,23236.0,149382
7.061813354,2380,39717,-3630,-449,50492,13024,3169770,6140,299,7832,79493,49329,496,765,53,2977,1537,116377,1692,4787,-2046,-1418,378,292,1304070,2204,16471,3596,20246.0,140754
7.062479019,2324,41064,-4452,-764,50426,11292,3301390,5944,36,8441,80411,50612,393,760,83,3166,1626,118448,1562,5297,-944,-838,377,242,1305124,2855,15966,3041,21647.0,141035
7.063144207,2067,40023,-4114,-645,48258,12106,3314073,5997,424,7966,77557,50231,491,741,94,2820,1557,119035,1359,5147,-1535,-814,446,229,1303809,2551,15416,3500,20380.0,137750
7.063810349,1890,36541,-3815,-588,43307,11213,3027211,5448,971,6852,66621,51932,466,686,132,2350,1535,107867,1241,4656,-1857,-1679,395,341,1300281,2431,15360,3184,17272.0,121713
7.064476013,1698,34945,-3797,-648,41880,11953,2953317,6039,1327,6517,68134,50867,463,669,178,2567,1258,106151,1275,4816,-1034,-910,290,216,1297221,2021,16512,2940,16255.0,122769
7.065141201,1889,36573,-4036,-814,41682,11567,3037056,6455,930,6820,72674,50767,408,711,55,2777,1694,112370,1379,5015,-1659,-1367,211,292,1303575,1709,15578,3027,17225.0,129158
7.065807343,1908,39936,-4300,-739,46422,12824,3198938,6104,1138,7636,79347,51081,505,769,141,2732,1517,117570,1651,5618,-1408,-1540,383,198,1315340,1819,15877,3376,17749.0,140119
7.066473007,2655,43694,-3869,-760,47931,13147,3247504,6882,696,7333,83435,48936,472,787,133,2779,1562,120268,1327,5387,-1061,-976,336,180,1319405,2673,15621,2672,19281.0,149813
7.067138672,2401,44729,-3877,-626,48760,14830,3331387,7328,714,6738,89182,52524,406,779,154,2926,1719,126535,1660,5588,-1436,-1814,396,368,1327657,2306,16602,3380,20278.0,158470
7.06780386,2751,46433,-3597,-629,48343,15502,3252564,7512,597,6830,94504,50453,527,867,140,3161,2139,124647,1150,5273,-1300,-1309,385,195,1331530,2692,15385,3282,20428.0,166702
7.068470001,2699,47351,-3610,-665,46064,16193,3116781,6848,561,6084,94044,50709,504,912,135,2826,1830,125646,1472,5701,-1193,-762,491,246,1337670,3113,16108,2995,22265.0,167135
7.069135666,2749,48682,-3500,-856,46532,15687,3039307,7381,1016,6128,102344,51394,514,980,93,2811,1818,125479,1741,5881,-808,-619,347,329,1337379,3064,15043,3263,22931.0,176843
7.069800854,2923,51017,-2831,-303,47351,17033,2994101,8068,1032,5743,107141,51655,626,868,135,3140,1747,124064,1330,5869,-1711,-1180,451,292,1346830,2480,15648,3031,24089.0,186182
7.070466995,2798,50224,-3123,-968,46207,16568,3021579,7823,809,5873,108189,50124,483,793,153,3339,2187,124308,1468,5778,-1045,-832,460,253,1346032,2416,16396,3723,25894.0,185602
7.07113266,3075,49291,-3541,-650,49582,16860,3084854,8026,1287,6670,109171,51647,537,877,57,3200,2134,127378,1352,6087,-1367,-1735,368,312,1360341,2839,15851,4117,24821.0,186423
7.071798325,2757,49189,-3863,-1104,49490,15886,3173948,7583,464,5970,104296,51749,525,845,131,3262,2518,131376,1615,6710,-822,-1312,359,236,1362518,2810,16181,3123,27352.0,179711
7.072463512,2630,50425,-3908,-560,51006,16682,3186053,7913,-155,4689,104225,52628,573,1260,158,3527,1875,137519,1828,6842,132,-951,322,285,1367464,2765,16027,3137,27738.0,181875
7.073129654,2870,48700,-3490,-526,52696,15874,3210370,7606,366,5977,104537,51539,552,1552,92,3676,1501,132487,1627,6173,-334,-393,495,309,1366575,2439,15946,3637,27482.0,179587
7.073795319,2930,48257,-3787,-866,48544,15205,3182243,7638,11,5764,102774,50898,606,1192,124,3508,2117,131348,1547,6005,-882,-1046,601,319,1367360,2996,15944,3182,28254.0,176804
7.074460983,3099,51850,-4131,-1034,46602,15756,3263620,7959,140,5187,104044,51490,781,1116,105,2956,1812,138220,1655,6081,-1705,-1437,478,382,1356087,2673,15634,3773,30178.0,182708
7.075126648,2670,45393,-3826,-1052,51458,13890,3077148,7472,423,6379,94947,52522,628,873,151,3357,1973,128862,1805,6101,-1151,-835,463,268,1363624,2852,16118,3701,27934.0,164372
7.075792313,2829,49379,-3659,-478,54242,15672,3123403,8241,518,4916,103494,49910,2518,913,133,3521,1841,135094,1875,5687,-367,301,548,171,1371877,2826,16627,3314,28273.0,179615
7.076457977,2486,43857,-4050,-440,53900,12846,3224888,6918,741,4810,78590,51918,1135,937,98,3204,1520,138855,1388,5926,-1749,-1057,810,229,1364521,2281,16955,3830,26305.0,144697
7.077123165,2611,45967,-4145,-494,55826,13636,3227181,7199,288,6646,92950,52461,640,829,148,3751,2018,130840,1751,7055,-1824,-1661,404,408,1370323,2763,17040,3606,28790.0,162363
7.077789307,2450,48560,-3727,-811,56532,14680,3209379,8091,184,7098,98426,52595,602,1006,119,3535,2346,131759,2622,6260,-1455,-1588,417,365,1371456,2582,16898,3061,29004.0,172207
7.078454971,2536,44718,-3711,-693,52881,13060,3046017,6912,321,6603,90700,51895,792,901,92,3314,1585,123276,1557,5792,-1041,-805,514,181,1368326,2498,15222,3819,28357.0,157926
7.079120636,2711,44342,-3199,-489,53461,12661,3025546,7527,299,6580,86055,53699,765,803,191,3638,1731,123209,2020,5511,-1806,-1629,376,335,1369786,2441,16277,3411,28347.0,153296
7.079786301,2563,44377,-3566,-739,53142,13695,2953774,6702,686,6332,86570,51512,712,734,136,3484,1642,122220,1518,5799,-1780,-1158,408,211,1361238,2057,15991,3304,26793.0,153907
7.080469608,2354,41085,-3169,-453,49963,12633,2805983,6557,599,5702,81803,49368,942,766,96,3507,1550,116701,1606,5475,-1545,-49,530,168,1360588,1828,15297,3220,25063.0,144432
7.081218243,2452,40503,-3185,-367,50969,11812,2821264,6385,435,5681,79410,49885,858,747,108,3389,1862,116432,1509,5133,-2100,-873,542,352,1360609,2524,16144,3351,25633.0,140562
7.0819664,2133,40401,-3228,-491,52014,12198,2832376,7065,575,5723,79973,50057,791,752,106,3383,1463,115109,1697,5108,-1508,-197,511,166,1361309,1987,15424,3316,26109.0,141770
7.082715034,2307,41867,-3300,-593,51885,12717,2938783,6808,708,6084,85809,51474,748,817,166,3478,1929,122169,1797,4905,-2513,-1478,465,318,1363366,2698,16815,2981,25864.0,149508
7.083464146,2386,40916,-3217,-312,51644,11649,2918920,6331,410,6492,83718,49927,654,860,99,3429,1803,119923,1817,5646,-1992,-1859,430,275,1359216,2905,15788,2670,25108.0,145000
7.08421278,2497,42073,-3213,-648,50859,12153,2919406,6507,227,5520,84976,50329,708,798,70,3766,1889,120116,2079,5433,-2127,-1246,350,290,1362649,2867,15141,3199,24375.0,148206
7.084960938,2598,44245,-3263,-766,51000,13511,2927862,7273,546,5576,95224,51221,737,882,64,3342,1873,123398,1294,5780,-1524,-792,482,242,1363568,3042,15652,3423,26548.0,162851
7.085709572,2465,41460,-3463,-895,50484,10916,3033112,6492,156,6461,80076,49336,806,862,130,3202,1710,118498,1352,4803,-1525,-1092,429,262,1360604,2792,15926,3376,25928.0,141409
7.086458206,2143,38648,-4521,-1043,50321,10694,3169567,5802,428,7856,72389,50413,903,930,32,3080,1344,117268,1604,5200,-2399,-1172,456,394,1359533,2601,16298,2984,24950.0,129676
7.087206364,2258,38273,-4802,-956,54260,9359,3342433,5678,44,8025,70056,50145,938,1189,131,3114,1400,120459,1387,4909,-1698,-1124,326,414,1360216,2676,16001,3340,19610.0,125624
7.087954998,2056,35926,-4827,-954,54651,8279,3498084,5467,774,8471,64833,49116,674,853,79,3253,1311,121400,1180,5138,-1864,-1275,374,301,1360100,2706,16601,3370,18107.0,116561
7.088703632,1922,35666,-4844,-646,52993,9263,3521484,5364,1,8437,62337,49062,772,892,162,2900,1138,120958,1879,4659,-1651,-1298,299,204,1355804,2276,15347,3531,18593.0,114552
7.089452267,1940,35113,-4900,-1179,50720,9017,3394839,4730,481,7826,57644,50674,807,647,91,2862,1280,114192,1188,4723,-1945,-1191,451,261,1348769,2411,15471,2581,19238.0,108444
7.090200424,1925,35488,-4455,-973,50986,8412,3396359,4951,67,8148,63293,48670,488,656,54,3062,1234,117878,1327,4686,-1888,-1325,358,245,1348596,2544,16221,3674,17962.0,114069
7.090949059,2069,36985,-5034,-1117,50877,8840,3518306,5183,6,8460,62491,49368,411,592,191,2804,1193,119696,1661,5539,-1102,-1740,585,322,1345301,2812,16480,3519,17359.0,115568
7.091697693,2001,36059,-5003,-1356,51257,8747,3470707,4987,-63,8109,64925,49384,463,604,142,2819,1653,118436,1037,5232,-1372,-1283,383,382,1342581,2388,16402,2557,16607.0,116719
7.092446327,1925,36402,-4475,-621,50625,8610,3318101,4988,-35,7922,64787,49025,503,681,136,2836,1608,114634,1266,4984,-1530,-1659,389,311,1342771,2785,14508,2962,17715.0,116712
7.093194485,2013,37532,-4696,-1280,48753,9064,3357695,4866,338,7893,66062,53023,479,590,116,2838,1928,115333,1398,5427,-1395,-1360,400,260,1322728,2495,15417,3037,17174.0,119537
7.093943119,1832,37116,-4387,-1374,46856,9231,3231474,5066,744,7661,64962,51771,390,601,87,2975,1440,114893,1324,5295,-1696,-1328,625,400,1322082,2888,15353,3191,16499.0,118207
7.094691753,2156,37562,-4585,-1019,48649,9567,3271781,5077,259,7149,68790,51922,475,665,184,2930,1403,113992,1423,4626,-653,-239,327,195,1308133,2431,16035,2976,17517.0,123152
7.095439911,2025,38442,-4952,-1268,52079,9260,3422146,5237,300,8270,68962,50776,334,517,83,3035,1696,119480,1098,5426,-1633,-1351,285,349,1324647,2398,15135,3002,18258.0,123926
7.096188545,2195,40373,-4688,-885,51605,10866,3382614,5744,-52,7657,77065,52668,547,720,120,3148,1800,119506,1567,5060,-1420,-525,461,213,1320991,2449,16114,3424,18709.0,136243
7.096937656,2165,43184,-4269,-1226,53524,11614,3424242,5912,592,7818,85042,51107,474,729,190,3183,1631,122991,1779,6005,-1470,-1171,420,367,1320930,2582,17051,3585,19107.0,147917
7.097686291,2264,42037,-4174,-869,52163,12365,3420288,6372,1063,8038,86890,51871,479,807,101,3149,1469,123233,2133,6020,-1338,-1172,456,217,1314993,3115,16914,3597,20408.0,149928
7.098434448,2463,43608,-4464,-772,50808,12549,3393076,6272,112,7542,88550,52425,475,842,110,3211,2137,122449,1418,5587,-1122,-322,445,298,1320691,2336,16156,2920,20401.0,153442
7.099183083,2522,43793,-4455,-995,52400,11736,3377404,6268,-214,7035,88550,51505,410,732,111,3249,1789,120798,1218,5091,-1381,-1321,386,414,1323211,2465,16180,3459,21209.0,152869
7.099931717,2275,42172,-4734,-1191,53424,11577,3391857,6015,167,7651,87110,51015,518,856,126,3502,1374,122049,1405,5566,-1296,-1534,414,322,1328491,2802,16861,3271,20977.0,149149
7.100679874,2411,42730,-4391,-878,51946,12089,3302736,6313,-48,7091,89702,51915,473,697,142,3549,1701,118965,1249,5319,-943,-1147,241,166,1327698,2738,16919,3763,20629.0,153245
7.101428509,2288,43812,-4130,-921,52724,13024,3322457,6744,555,7217,91335,52072,416,780,156,3400,2073,121275,1851,6195,-940,-873,291,202,1334115,2702,15793,3711,22498.0,157203
7.102177143,2289,43895,-4649,-1147,53708,12201,3338180,6757,245,7292,93445,50898,388,665,65,3364,1881,121503,1822,6041,-1942,-1695,323,333,1334082,2857,17505,3977,22892.0,158587
7.102925777,2238,43680,-4236,-1000,53271,11444,3385209,6172,263,8137,92018,51527,377,781,192,3568,1640,123032,1080,6008,-700,-1032,345,311,1344069,2845,16536,3920,21717.0,155552
7.103673935,2153,43811,-4409,-996,53618,12373,3386604,5868,344,7685,89300,52961,459,754,59,3179,1818,123903,1846,6092,-1454,-1018,370,175,1344219,3289,16689,3486,20907.0,153505
7.104422569,2204,43610,-4447,-828,55819,12069,3346197,6359,11,7441,89775,51829,463,743,119,3733,1831,123673,2034,5533,-1208,-1671,407,411,1353697,2854,16941,3027,21699.0,154017
7.105171204,2447,43714,-4135,-766,56055,10990,3317488,6120,562,8182,88965,52259,490,796,120,3655,1631,122307,2198,5912,-1072,-612,500,299,1361847,2981,16347,3205,22092.0,152236
7.105919361,2341,43476,-4202,-771,55679,11347,3324381,6645,456,7631,86063,49861,462,774,52,3732,1848,123359,1323,5765,-1215,-1082,430,322,1356256,2976,15569,3319,23304.0,149872
7.106667995,2390,44715,-4648,-1199,53263,11369,3267363,6544,415,7344,89315,50458,562,971,46,3267,2120,123603,1813,5608,-964,-1347,383,245,1355597,2245,14849,3186,23945.0,154333
7.10741663,2164,42842,-4566,-811,55719,11097,3294913,5893,687,7436,87591,52568,570,1385,126,3559,2108,122900,2050,5569,-661,-947,307,471,1363933,2637,16310,3710,24228.0,149587
7.108165264,2446,43623,-4242,-791,55322,11467,3221085,6889,550,7447,89751,50896,588,1049,107,3674,1499,123439,1872,5765,-666,-1107,384,224,1369632,3187,16707,3510,26017.0,154176
7.108913422,2656,45106,-4201,-802,57105,12367,3195567,6808,525,7454,94680,49296,555,814,212,4120,1540,125558,1983,5921,-1368,-1576,289,383,1367159,2215,16743,3633,24979.0,161617
7.109662056,2546,46635,-3915,-926,58122,13344,3184682,6860,-268,6224,100090,50678,493,743,101,3971,1696,129588,1864,6164,-1514,-1118,405,263,1367664,2302,17065,3921,23848.0,169475
7.11041069,2661,45929,-4018,-988,54634,12754,3216035,7415,372,7372,99641,51968,485,801,143,3728,1799,125651,2072,6633,-1147,-1482,450,268,1371137,1987,16877,3983,26230.0,168400
7.111159801,2631,45214,-4224,-1173,56216,12072,3219434,6345,696,7608,96803,50856,475,694,167,3664,1660,126274,1696,5745,-1357,-1268,312,217,1372415,2989,17491,3599,26869.0,163065
7.111907959,2511,43816,-3877,-1136,55731,12051,3170535,6369,42,6983,92353,51580,487,794,200,3461,2107,125676,1646,5223,-852,-1086,322,263,1372295,2653,16557,2660,26228.0,157100
7.112656593,2580,43140,-4038,-662,58004,11910,3205300,6353,358,7558,88128,51621,509,748,110,3701,1690,127098,1895,5996,-1629,-1477,398,241,1373342,2191,16743,3411,25719.0,152111
7.113405228,2222,41406,-3811,-834,57146,12008,3089864,6885,100,7242,89444,50461,562,762,98,3807,1594,122759,2119,5180,-1996,-1281,325,328,1372055,2374,17213,3617,25972.0,151965
7.114153385,2259,42744,-3457,-683,56031,12248,3073826,6287,-55,7086,91323,52102,538,719,63,3441,1798,121177,1513,5657,-1459,-894,369,190,1364860,2290,16625,3016,24712.0,154861
7.11490202,2383,42141,-4615,-1004,58216,11803,3217599,6829,563,7305,90240,51162,579,852,158,3648,1890,125658,1839,5642,-1567,-1192,477,261,1369908,3324,16134,3561,25998.0,153396
7.115650654,2490,42549,-4213,-995,58410,11853,3279999,6214,819,8027,89647,51209,610,811,53,3754,2134,126276,1729,5682,-1477,-905,432,268,1369226,2611,15342,4026,25455.0,152753
7.116399288,2014,41219,-4460,-1157,59069,12008,3323270,6300,268,8010,87204,52999,533,782,172,3558,2133,125363,1571,6024,-2275,-1875,443,332,1366708,2945,16264,3499,21865.0,148745
7.117147446,2197,41046,-4544,-1201,59922,10299,3332835,5829,447,8172,86825,49894,599,736,174,3480,1432,126540,1625,5479,-1177,-1302,340,136,1365126,3394,16920,3452,21707.0,146196
7.11789608,2220,40196,-4131,-1197,59180,11156,3311380,5942,524,7769,86736,51157,597,839,99,3812,1827,126168,1253,5634,-1541,-1557,291,276,1361755,2825,16056,2670,21220.0,146250
7.118644714,2278,39111,-4593,-925,59878,10697,3395759,5510,284,8517,81735,50273,751,981,216,3713,1609,125433,1532,5433,-1189,-919,353,301,1360775,2605,16649,3405,20190.0,139331
7.119392872,1867,37227,-4858,-1008,58482,9759,3425499,5329,154,8748,77110,49791,870,972,132,3572,1557,122899,1474,5238,-1643,-764,334,257,1356822,2546,16293,2921,17810.0,131292
7.120141506,2167,37141,-4844,-1060,56548,9424,3428082,5405,565,8685,74757,53308,514,706,82,3533,1441,123465,1407,4875,-1734,-1139,272,281,1351815,2335,17387,4029,18816.0,128894
7.120890141,1923,36200,-4732,-1201,56231,8449,3290890,5485,529,8432,67951,51299,582,644,79,3234,1123,116956,1376,4919,-1995,-1166,317,239,1348778,2471,16686,3504,18058.0,120008
7.121638775,1771,36029,-5137,-1379,57400,8631,3377904,4960,39,8526,69333,51519,580,696,33,3447,1871,119234,904,5181,-1957,-1124,295,197,1346406,2072,14930,4519,17851.0,120724
7.122386932,1690,34688,-5142,-1068,58499,7804,3373850,5172,-5,8345,68087,49372,666,814,66,3290,1347,119935,1766,5454,-1857,-934,376,186,1343195,2459,15841,3830,16824.0,117441
7.123135567,1714,35910,-5080,-1137,58028,8237,3395758,4974,794,8436,70933,48978,809,816,62,3622,1739,120869,1613,5267,-2050,-947,634,294,1338362,2720,14911,3249,17703.0,121768
7.123884201,1665,35649,-5225,-1184,57908,8567,3456084,5251,189,8126,67470,50222,798,902,118,3448,1239,118797,1469,5249,-1561,-1296,482,355,1326657,2756,15515,3803,16931.0,118602
7.124632359,1932,36374,-5183,-1235,57058,8472,3454064,5446,502,8409,65265,51177,1318,702,60,3503,1710,118248,1291,4073,-1281,-119,794,265,1316572,2251,15994,3790,17821.0,117489
7.125380993,1952,35614,-5215,-1313,53473,7861,3379432,4713,-222,8204,66037,52200,633,665,75,3158,1382,118222,1127,4864,-1511,-839,461,162,1314378,2258,14867,2841,16589.0,116177
7.126130104,1853,36877,-4890,-1095,53960,7459,3398046,5076,287,8059,66138,49986,419,625,80,3334,1807,117280,1271,5315,-1939,-1441,362,309,1305134,3028,16168,3078,16882.0,117403
7.126878738,1926,37045,-5248,-1395,55542,7475,3468542,4957,302,8689,67690,50005,592,714,113,3472,1168,119260,1299,5142,-1630,-926,307,320,1308523,3414,15395,3521,16589.0,119093
7.127626896,1913,38341,-5165,-1403,54681,8260,3482074,4668,-269,8422,69270,50036,348,616,155,3108,1169,119517,1825,5538,-1419,-1082,500,385,1315277,2746,15417,3758,17467.0,122452
7.12837553,1615,36830,-5568,-1646,56236,8534,3462512,5000,424,8540,69043,51103,482,629,65,3531,1004,119859,1722,5696,-1266,-582,548,138,1323499,2870,16946,2947,18436.0,121022
7.129124165,2086,38307,-5484,-1470,54944,8626,3445293,4777,107,8656,69453,51939,573,764,123,3454,1470,122117,1421,5199,-1308,-489,219,122,1322875,2402,16074,4057,17303.0,123249
7.129872799,1883,39856,-5233,-1246,51861,9316,3311581,6018,-38,8540,69220,52541,405,685,156,3265,1250,116456,1496,5715,-1003,-1360,463,271,1339734,2618,16131,2839,19245.0,126293
7.130620956,1770,39876,-4910,-1150,55561,9092,3334264,5386,477,9256,68427,51815,541,720,87,3448,1218,118573,1165,5259,-1539,-1097,401,275,1338044,2533,16075,3553,20438.0,124551
7.131369591,1860,44122,-4661,-1228,55401,9766,3286345,5853,620,9313,78375,50106,650,844,96,3835,1722,122655,1374,5394,-1134,-1028,438,148,1350769,2520,16309,3844,22256.0,139976
7.132118225,2258,47637,-4325,-1376,53706,10078,3268378,6472,608,8275,80614,52377,1086,1036,114,3715,1250,126167,1555,5241,-1579,-570,728,251,1343547,2638,16441,3686,21829.0,147059
7.132866383,2113,48251,-4728,-888,53808,9297,3233205,5752,105,7632,76422,51265,2667,1178,-40,4066,1685,127564,1209,5681,-988,556,1809,273,1346867,2592,15912,3909,23077.0,141835
7.133615017,2127,50838,-4369,-676,51406,10309,3066940,6491,590,7129,75160,52774,3504,1914,-31,3917,1719,129228,882,5124,-1019,101,1835,227,1348906,2980,16513,3510,25479.0,144925
7.134363651,1810,51643,-4246,4879,50271,9673,3078537,6325,-5,4530,133809,53142,96652,11128,-568,5172,1581,129220,484,5206,549,1473,12856,164,1344463,2592,15715,3968,25325.0,203260
7.135112286,2412,45316,-4597,-894,53582,10338,3242723,6357,926,5187,75515,52089,6493,2920,-60,4206,1797,139762,995,5711,-895,698,3403,52,1356335,2987,17373,3523,24430.0,139938
7.135860443,2293,42519,-4587,-920,52855,10638,3384597,6503,390,6436,78611,52726,1373,1082,84,3826,2151,136230,1156,6315,-1371,-207,1411,154,1351417,3196,14653,2980,20752.0,140564
7.136609077,2121,44838,-4644,-989,55636,9047,3232897,6089,787,5749,74240,50615,2607,953,18,3642,1511,137849,1347,5921,-461,255,1636,95,1354004,3015,15676,3495,21077.0,136335
7.137357712,1936,44161,-4529,-652,55605,9725,3195062,6053,-59,5230,68606,52034,4011,785,-52,3542,1770,136450,1621,5934,358,1273,1609,150,1351766,2611,16144,3329,21054.0,130481
7.138105869,2113,43247,-4275,1051,54056,9452,3211401,5694,517,5096,108316,51350,63428,2517,-376,4583,1329,132009,1482,5420,1665,1371,8818,4,1351259,2142,16643,3511,21555.0,168822
7.138854504,1949,43642,-4477,-810,57872,10547,3149957,5711,455,5453,76706,50564,4251,1276,-24,4225,2082,135189,1127,6063,-221,617,1932,327,1359501,2467,15319,3622,24971.0,138555
7.139603615,2246,42761,-4379,-1007,58408,10667,3191310,6198,272,6081,76139,52123,843,869,76,4187,1770,135453,1205,5534,-1885,-686,633,157,1361906,2786,15825,3427,22294.0,138011
7.140352249,1992,44356,-4305,-1243,59488,10133,3116248,6320,249,5682,83061,50259,1827,1139,89,4057,1520,133268,975,5220,-1923,-679,725,397,1364750,3088,15746,3249,22931.0,145862
7.141100407,2259,42990,-3879,-711,58388,9908,3142483,6184,591,5705,70893,49866,1431,1122,36,4087,1652,134866,1046,5096,-1809,-572,704,310,1365007,2228,17358,3152,22400.0,132234
7.141849041,2058,44369,-4609,-806,57548,11555,3093101,6703,510,5382,78972,51456,1042,1205,32,4436,2301,135426,1614,6448,-1556,-1360,622,226,1360403,2502,16813,2944,25510.0,143657
7.142597675,2517,44464,-3970,-794,58315,11627,3100777,6687,-167,6556,84967,50640,581,1004,199,4328,1834,131717,1592,6108,-351,-901,316,245,1361568,2387,16535,3145,24874.0,150262
7.143345833,2342,44133,-3724,-845,59002,10518,3097513,7343,355,6765,85540,49990,611,988,120,4129,2162,129202,1406,6669,-1801,-1392,541,356,1362927,2769,16215,3368,25350.0,149876
7.144094467,2293,44826,-4418,-1062,58276,11260,3093695,6978,403,6132,82685,50872,880,987,189,4036,1182,131136,1693,6232,-1417,-1440,526,197,1361546,2988,16178,3538,26365.0,148042
7.144843102,2090,43973,-4497,-1169,57519,11337,3114079,6717,90,6222,77235,51732,820,990,138,3908,1910,133534,1348,5306,-2032,-939,651,272,1361705,2067,17366,2873,24541.0,141352
7.145591736,2332,44797,-4604,-1105,56368,10740,3110409,6419,385,6121,76336,50941,762,945,79,3948,1837,133832,1460,6106,-1490,-1201,615,192,1359193,3047,16934,3766,24406.0,140624
7.146339893,2191,45409,-4540,-452,56763,10809,3067546,7574,306,5373,84144,48638,11437,859,-10,4072,1677,133148,1639,5385,1079,585,1918,149,1364286,2856,16596,3580,25367.0,150127
7.147088528,2216,43987,-4594,-530,57102,10664,3074721,6717,-131,6081,80966,49336,4220,988,25,4117,2250,132226,1510,5634,-122,575,1516,306,1363852,2769,16771,4028,26729.0,144550
7.147837162,2372,43728,-3979,-778,53002,9587,3053986,6731,126,6295,80574,47427,9648,1006,-55,3985,1914,129973,1805,5670,773,622,2986,137,1360160,3262,16141,3395,25597.0,142992
7.148585796,2534,44660,-4479,-1254,57386,10375,3107597,6500,473,6179,79227,49252,700,1039,-17,4162,1537,131694,1414,5814,-1505,-1052,1407,135,1354201,2187,16976,4391,24544.0,143296
7.149333954,2453,42459,-4294,-847,56596,11082,3038736,6884,129,5879,74993,49837,1668,1292,-22,3886,1913,129258,1565,5580,-1686,70,1376,148,1357129,2927,15836,3932,25090.0,137871
7.150082588,2385,42274,-4063,-815,57611,10771,3016925,6673,300,6080,74751,49498,1554,1903,68,3932,1882,128451,2069,5817,-2137,-1494,1515,348,1358187,2819,16526,3474,25172.0,136854
7.150831223,2270,43682,-4501,-1203,56962,10893,3099945,6456,123,7228,75575,49515,739,1003,34,3904,1662,128449,1616,6328,-1340,-1219,1097,242,1361883,3178,15704,2781,25188.0,138876
7.15157938,2117,43763,-4793,-1064,58999,10488,3234864,6218,-196,6827,76590,48203,671,1015,25,4047,2083,130602,1546,6009,-1299,-804,1114,264,1356409,2642,16311,3382,24602.0,139176
7.152328014,2193,43349,-4823,-1063,56999,10274,3257933,6919,233,7393,78887,50560,590,964,75,4002,2162,128637,1942,5740,-1837,-1328,691,371,1353303,2381,16315,2764,25688.0,141622
7.153077126,2339,43714,-4747,-1359,55029,10713,3329367,6534,172,8363,84564,51614,531,918,93,3669,1576,121646,1469,5986,-1365,-830,379,313,1353776,3086,15917,3528,23120.0,147864
7.15382576,2243,44284,-4108,-1478,51438,11663,3139391,6728,343,7724,83294,52160,490,889,115,3806,1581,117019,2241,5741,-1077,-1013,513,177,1344999,2930,16266,3449,24811.0,148212
7.154573917,2440,46116,-4168,-1453,54145,10827,3020656,5894,-81,7412,117637,50767,554,1054,161,3785,1861,115670,1335,5347,-1259,-1394,473,189,1339217,2211,16283,2853,25364.0,182914
7.155322552,2380,46467,-4684,-1417,54488,11571,3212109,6614,487,9257,89360,50680,463,852,79,3421,1678,119645,1871,5653,-932,-1306,388,193,1328379,2981,16042,3801,25995.0,156392
7.156071186,2431,48511,-4954,-1647,51908,12787,3184359,7207,375,8592,92280,51145,399,809,81,3511,1696,118754,1578,6344,-491,-740,421,205,1320498,2824,16679,3836,26680.0,163216
7.156819344,2445,47469,-4649,-1286,55175,13903,3122841,6793,194,8257,98146,48904,416,851,104,3663,2139,119138,1408,5978,-941,-1262,414,201,1326551,2903,16265,3853,27687.0,168756
7.157567978,2287,48959,-3950,-1408,53920,14539,3123424,7478,206,7830,97663,50970,562,905,116,3818,1448,120685,1669,5377,-1262,-1087,403,162,1326636,2452,15727,4090,26856.0,170926
7.158316612,2488,50226,-4403,-1357,53872,15039,3044569,7477,-148,7366,105212,48989,492,910,143,3661,2169,121480,1409,6229,-854,-662,398,176,1324409,2338,16040,3174,25573.0,180442
7.159065247,2734,52937,-3920,-1392,54165,17346,3016221,8141,403,7208,108824,49622,472,907,145,3702,2489,120710,1222,5976,-1126,-1907,545,452,1323591,2755,15976,3155,23745.0,189982
7.159813404,2721,52544,-3970,-967,55621,16645,3042815,7726,618,7715,107949,49451,482,866,97,3779,2711,121191,1698,6543,-1312,-1268,517,400,1334740,2932,16718,2740,23601.0,187585
7.160562038,2725,53155,-4089,-1518,56214,17536,2969591,8320,197,6696,111048,48433,480,857,78,3692,2556,121334,1834,6769,-1468,-1157,568,241,1354283,2781,16702,3907,24752.0,192784
7.161310673,2678,51575,-3730,-812,58467,17878,3048728,8079,1058,7460,112271,51119,553,937,143,4100,2401,124714,1752,6814,-1171,-1565,516,243,1373754,2827,16578,2994,24262.0,192481
7.16205883,2735,54508,-3834,-1164,55723,19359,3054964,7780,675,7148,113616,50699,475,948,130,3821,2352,122904,1616,6469,-952,-1382,412,340,1391319,2390,16891,2623,24412.0,197998
7.162807465,3153,54559,-3935,-665,56070,19313,3047803,8303,-19,7550,111994,47523,519,988,111,4046,2360,124853,1955,6400,-1458,-1368,471,132,1392060,2774,16900,3458,23755.0,197322
7.163556099,2863,54719,-3950,-1366,55964,20523,3021860,8585,-8,7177,116154,50426,517,981,231,3668,2238,125819,1979,5922,-246,-1058,484,268,1393123,2728,17085,3489,24653.0,202844
7.164304733,2525,52863,-4104,-1320,59460,18675,2948310,8726,412,6997,116513,49514,458,1012,96,3944,2366,126689,1760,7266,-1271,-1616,446,292,1391009,2588,17007,3029,26609.0,199302
7.165052891,2630,54607,-3673,-918,55002,24224,2703323,8483,824,7312,110642,48699,449,948,108,3719,3441,119122,1308,6553,-1093,-1163,543,450,1362735,2881,16600,3140,30120.0,200586
7.165801525,2454,48992,-3910,-1713,51633,19464,2671731,8707,1254,6766,110494,49217,533,844,120,4187,2768,121639,1659,7093,-1418,-1473,450,298,1390617,2621,16800,4270,29718.0,190111
7.167299271,2632,48842,-2771,-479,44353,20180,2549518,8244,1087,6090,95913,52683,592,1000,183,3330,2592,108518,1864,5637,-1176,-1317,383,202,1344044,2950,16036,2836,25210.0,175811
7.168046951,2583,52826,-2649,-530,49015,22564,2639203,7494,1230,6266,95462,51911,516,912,202,3505,2889,110994,2621,5958,-1010,-1323,454,302,1342863,2636,15748,4175,26167.0,180929
7.168796062,2772,51516,-2562,-371,45720,21387,2612034,6698,1218,6967,89374,53621,483,985,187,3303,2519,103493,1958,5864,-1084,-803,398,270,1332937,2022,16723,2631,24148.0,171747
7.169544697,3020,55896,-2528,-706,46330,24895,2536311,7628,1066,6434,97754,52279,443,941,170,3333,2614,102908,1828,6276,-574,-1020,323,281,1328125,2921,16200,3473,24800.0,189193
7.170292854,3047,55503,-2651,-614,46705,23262,2701959,7587,641,6695,99036,50543,486,989,185,3619,2821,112091,3104,6410,-1227,-1701,612,425,1327306,2188,15372,3181,26249.0,188435
7.171041489,2830,54054,-2789,-404,50061,22613,2714707,8433,250,6445,97983,51279,660,1020,127,3490,2351,115932,2587,6447,-1480,-1232,453,271,1330548,2791,17599,3680,26987.0,185913
7.171790123,2585,48495,-3601,257,50595,19046,2849264,7676,601,6789,109695,54615,28209,978,-71,3472,2847,114426,1493,5749,1046,1511,2900,274,1317160,2190,15519,3048,25461.0,187497
7.172538757,2574,44093,-3901,-584,51937,14799,3061227,6300,654,8302,83246,55066,488,685,198,3429,1686,112432,1396,5536,-982,-1164,310,193,1316508,2272,17075,3880,21592.0,151012
7.173286915,2380,43162,-3756,-1167,51569,13965,3045654,6588,253,8209,82394,56217,488,831,191,3200,1990,111508,1109,4842,-1394,-790,383,256,1330915,2736,16847,3745,20986.0,148489
7.174035549,2276,45851,-3833,-965,52174,14569,3036034,6668,646,7141,85583,57585,648,826,153,3562,2088,115240,996,5162,-1160,-1160,207,208,1333294,2791,17046,3372,22543.0,154947
7.174784184,2330,43421,-4224,-1018,51838,13836,3178146,5481,334,7903,77704,56090,595,784,115,3713,1957,114117,1619,4947,-1909,-1248,424,324,1337460,2430,16118,3346,19736.0,142772
7.175532341,2203,41647,-3764,-744,51393,11780,3222178,5313,320,8179,72138,53713,394,653,50,3174,2118,111451,1473,4746,-2160,-1477,359,285,1338928,2274,16813,3397,19353.0,133081
7.176280975,2205,39962,-4544,-955,50140,11326,3307662,5784,1315,8690,70499,55278,428,655,90,3080,1784,113887,625,5122,-1342,-996,445,269,1345089,2385,16293,3436,17855.0,129776
7.17702961,2030,40438,-4119,-1208,51093,13061,3278255,5489,481,8768,68777,53933,380,676,150,3435,1712,111716,877,5172,-1117,-1125,426,312,1341472,2581,16308,3418,17146.0,129795
7.177778244,2008,39451,-4676,-884,51682,11246,3290568,5470,475,8553,69072,52711,378,642,80,3043,1879,111400,1051,5365,-1461,-1010,304,257,1341023,3049,16557,3440,17126.0,127247
7.178526402,2058,36918,-4542,-901,48696,9766,3268273,4746,1087,8079,64533,53954,386,630,114,2777,1514,109696,859,4781,-1404,-1374,344,290,1340288,2831,16192,2983,16318.0,118021
7.179275036,1972,37339,-4601,-1246,48807,9061,3323704,5045,1338,7737,63441,52283,429,540,60,2805,1412,109263,1746,4877,-1975,-1120,394,278,1339575,2860,17069,3536,15988.0,116858
7.18002367,2195,37339,-4434,-770,47192,9042,3286396,4693,485,7920,60410,51038,432,606,113,2693,1455,105012,1446,5064,-1483,-1019,374,315,1343968,2258,17063,2945,16345.0,113679
7.180771828,2136,40042,-4611,-1087,46408,9898,3338234,5409,1191,7572,68233,51921,475,671,164,2592,1341,110742,1509,4861,-1460,-1197,372,371,1348688,2172,17113,3347,16101.0,125718
7.181520462,2360,41331,-4480,-879,47975,9839,3405136,5587,587,7415,69309,51384,549,769,88,2695,1737,114112,865,5627,-1529,-2032,381,292,1348579,2338,16468,3239,16567.0,128426
7.182269573,2309,41655,-4647,-1089,48451,11374,3336946,6586,584,7431,75369,51145,1484,1013,-2,3294,1310,116814,1144,4752,-1741,-492,868,252,1350091,2688,16719,3076,18991.0,137293
7.183018208,2296,42177,-4672,-1067,49040,10830,3398573,5825,559,7424,72292,51820,484,744,125,3317,1367,114358,1408,5240,-1145,-1274,330,270,1345902,2461,17187,3304,16311.0,133420
7.183766365,2400,42755,-4484,-1082,48393,11531,3415901,5559,511,8063,72982,52960,374,867,103,2855,1243,113856,1164,5149,-856,-1219,473,339,1351161,2872,16278,2909,16238.0,135227
7.184514999,2590,42617,-4659,-1218,49249,11444,3434980,5880,816,8365,70063,52806,1109,2131,27,3037,1299,113369,1057,4834,-493,-303,571,346,1347325,2584,15728,2970,17174.0,132594
7.185263634,2195,42331,-4333,-756,47882,11802,3323041,5827,730,7512,72388,53592,1551,2934,63,3051,1257,110532,1553,5291,-469,-94,553,338,1344296,2579,16099,3396,17425.0,134543
7.186012268,2374,41441,-4093,-1173,48223,11824,3219504,5723,1255,7487,72479,52817,1825,2619,27,2615,1371,108021,1690,5090,-1168,-328,925,276,1340873,2496,16688,3429,18206.0,133841
7.186760426,2406,41283,-3909,-485,50693,11863,3238348,5698,602,7395,73869,52068,641,1586,152,3105,1659,109865,1551,4985,-312,-447,426,295,1346164,2560,15710,3475,19670.0,135119
7.18750906,2239,41998,-4150,-1051,51543,11543,3334771,6112,777,7558,72291,51819,488,761,70,3014,1889,112427,1656,4763,-1529,-775,445,257,1347603,2345,15263,2553,19547.0,134183
7.188257694,2308,42786,-4516,-739,51290,11418,3312196,5839,739,8393,76790,52001,444,786,109,3329,1845,112681,1702,5199,-851,-1436,330,248,1348794,2151,16046,3053,19072.0,139141
7.189005852,2461,43740,-3727,-382,54111,12166,3327468,6504,481,8951,79847,51015,403,826,105,3164,2135,113296,1146,5042,-866,-1653,318,383,1358751,2180,17310,3155,20651.0,144718
7.189754486,2210,41636,-4023,-970,50369,11877,3152718,6273,1148,8479,77530,54322,409,741,130,3193,1353,109398,1172,4760,-1317,-856,533,374,1354180,2462,17746,3457,21881.0,139526
7.19050312,2203,41523,-4011,-966,50992,11578,3173188,5896,717,8034,76013,54482,398,700,203,3207,1555,107154,1510,4758,-633,-1318,283,288,1355720,3173,16627,3626,21668.0,137213
7.191251755,2381,42172,-4116,-660,53253,11054,3184723,6630,783,8673,79799,52843,448,727,276,3105,2168,110145,1920,4948,-913,-1212,446,364,1355404,2452,16570,2867,24011.0,142036
7.191999912,2286,42544,-3855,-453,52580,11843,3164452,6375,537,8399,78947,54046,496,749,168,3371,1931,111297,1787,4533,-1339,-945,370,229,1360596,2760,16321,3007,23699.0,141995
7.192748547,2451,43030,-3619,-309,50390,12501,3149343,6862,162,8919,85314,52757,459,813,114,3424,1206,113598,1632,5358,-1242,-1351,464,335,1373609,2726,17309,3372,26332.0,150158
7.193497181,2636,46033,-3206,-540,54635,13230,3270291,6751,210,8393,91293,55415,449,826,123,3441,2133,114890,1450,5620,-1177,-757,293,251,1376161,2558,16958,4124,29258.0,159943
7.194245338,2485,44998,-3741,-552,52439,12892,3183295,7413,492,8840,90730,54044,448,890,116,3427,1872,113981,1660,5304,-893,-709,335,271,1376921,3044,16531,3462,28142.0,158518
7.194993973,2199,42571,-3645,-875,49490,11846,3037468,6301,708,8593,83479,55584,495,765,100,3176,1533,108576,1856,5083,-1571,-1396,400,282,1372996,2505,16959,2663,26075.0,146396
7.195743084,2366,44233,-3695,-816,49440,12126,2994185,6915,686,8319,86798,55311,429,829,43,3068,1525,107944,1352,5386,-1491,-966,399,377,1372585,2757,15415,3719,27934.0,152438
7.196491718,2446,45425,-3456,-846,50302,11896,3069025,6826,568,8274,88418,54755,507,722,95,3070,2066,109348,1785,5046,-949,-912,288,136,1373548,2186,17229,3057,28669.0,155011
7.197239876,2938,46666,-3534,-864,53402,12552,3181314,7441,321,8360,92536,53726,473,875,76,3548,2149,113216,2257,5459,-1300,-1130,322,315,1373439,2740,17867,3329,28429.0,162133
7.19798851,2807,45731,-3583,-885,52164,12873,3128560,7371,-18,8259,88695,54328,525,870,211,3330,1573,110349,1289,5816,-1460,-916,438,232,1372564,2408,16789,3189,29476.0,157477
7.198737144,2964,48694,-3906,-889,51381,15126,3142386,7757,184,8602,100302,53224,453,807,185,3344,2101,114254,1785,5211,-602,-688,362,197,1373005,2849,16462,3465,29737.0,174843
7.199485302,2793,47825,-3673,-931,50266,14439,3054128,6967,108,7664,97955,53211,517,826,112,3356,2353,112268,1266,4980,-1410,-828,300,197,1371784,2372,17060,3072,29744.0,169979
7.200233936,2602,48396,-3306,-884,49603,13808,2998219,7332,107,7060,88638,53686,555,866,158,3586,2310,109064,1690,5387,-1171,-1147,516,282,1368735,2167,17610,4425,29604.0,160776
7.200982571,2878,47924,-3547,-920,49856,14525,2881905,7454,644,7337,99968,53083,458,855,174,3173,2072,106602,1632,5776,-561,-1006,319,212,1368262,1979,17495,2842,27484.0,172749
7.201731205,2789,50676,-3802,-877,50467,15196,2929119,8565,413,7611,105231,52093,602,900,109,3214,2388,109912,1964,5693,-1808,-1511,436,351,1367567,2467,17270,3851,29171.0,182457
7.202479362,2815,51534,-3273,-454,49799,18386,2946928,8335,604,7414,113255,52015,608,1102,134,3564,2018,109762,2057,5485,-967,-806,469,326,1359798,2767,16936,3766,26618.0,194325
7.203227997,2859,48389,-3258,-914,47630,15576,2840349,7465,559,7184,103832,53061,446,849,116,3487,2001,106098,1781,5641,-657,-1387,424,202,1353191,2345,17841,3494,25441.0,178121
7.203976631,2657,49066,-3406,-924,46554,16750,2843546,7893,819,7260,103507,54248,514,967,135,3369,2349,106507,1767,5655,-891,-1448,471,308,1348494,3097,16526,3081,25379.0,179873
7.204725266,2867,50256,-3392,-780,49671,16386,2980131,8344,223,7229,108714,53887,696,963,26,3256,2169,109740,1846,5976,-1922,-1678,670,276,1337782,2687,17297,3255,26392.0,186567
7.205473423,3229,53338,-3423,-715,47649,17894,2908316,8644,602,7011,117860,54036,522,921,82,3038,1663,110797,2013,5926,-1819,-1563,418,299,1331988,2122,16326,2691,26384.0,200965
7.206222057,3091,51586,-3389,-728,48734,17491,2948998,8058,619,6307,113354,53820,666,795,155,3167,2129,111633,1411,6175,-1341,-1215,424,316,1315572,2669,17053,3624,26772.0,193580
7.206970692,3236,53120,-3332,-760,48938,17919,2961687,8550,546,7180,117436,53420,516,928,140,3337,2405,112476,2189,5344,-718,-1295,314,242,1313803,2770,16893,3953,27324.0,200261
7.207718849,3000,52818,-2936,-841,46716,18554,2806536,8963,742,6631,121384,50952,559,927,190,3158,2428,110490,1853,5699,-1119,-1445,430,378,1307201,2729,16840,3437,27896.0,204719
7.208467484,2950,48061,-2563,-783,40526,16949,2556908,7703,411,6307,112038,49107,499,865,196,2863,1960,102004,1747,5187,-971,-1025,207,246,1291054,1967,15365,2917,24215.0,187701
7.209282398,3264,52991,-3102,-576,47321,18685,2863473,8898,860,7013,117219,55007,530,918,129,3208,1929,109706,2086,6103,-669,-264,330,163,1296929,2695,17083,3428,25533.0,201057
7.209282398,3041,54764,-3556,-724,52295,19192,3011744,9181,1089,6772,135466,51249,622,1098,145,3824,2303,114999,2281,6232,-1019,-1059,448,289,1372462,2928,15404,2975,29738.0,221644
7.210031509,3158,54357,-3569,-636,53028,18835,2936504,8979,138,6446,139874,50518,608,1464,176,3631,2565,112796,2446,5828,-493,-705,633,279,1376864,2536,16674,3111,30762.0,225203
7.21077919,3482,54635,-2929,-445,50736,19247,2923785,9065,429,6435,136229,51769,525,1426,67,3592,2079,111173,2272,6576,-197,-988,510,295,1370371,2656,15878,4106,32010.0,222658
7.211528301,3542,54647,-3246,-618,49635,17986,2889683,8944,30,6385,134173,52752,545,1158,144,3686,2409,110522,2052,6702,-746,-1167,569,267,1370906,2761,15905,3215,30876.0,219292
7.212276936,3356,52873,-3295,-630,49471,17308,2811773,8825,62,6320,126641,50295,476,1117,95,3393,2180,107244,2368,5707,-841,-1403,526,261,1373512,2601,15585,3833,29162.0,209003
7.21302557,3132,49337,-3107,-828,45942,15335,2611727,8267,176,5159,112665,49312,556,869,45,3192,2390,100645,1817,4995,-1754,-1364,480,361,1369257,2471,15733,3038,29895.0,188736
7.213773727,3037,51367,-3429,-751,48473,16607,2732972,8513,743,5721,120135,49092,512,963,76,3435,2609,106056,1850,5710,-1632,-1978,480,444,1376288,2622,15612,3521,29726.0,199659
7.214522362,3292,50700,-3269,-799,48571,16396,2714462,8410,266,5347,118625,49821,434,847,57,3361,2016,104235,1448,5643,-1319,-1409,525,324,1379561,2185,16196,3899,28153.0,197423
7.215270996,3161,52706,-3589,-630,50157,17727,2847000,8612,-324,5878,120474,51365,510,906,95,3574,2171,108220,1714,5575,-1305,-1362,360,252,1382711,2520,15352,3623,30692.0,202680
7.216019154,3173,53304,-3292,-554,49120,18123,2831003,8814,251,6407,124882,50623,535,929,122,3464,2578,108829,2698,6779,-595,-963,402,355,1385713,3119,16255,3855,29215.0,208296
7.216767788,3285,54355,-3021,-270,51336,18898,2872647,8915,342,6040,130568,51792,625,1145,62,3650,2910,110177,1909,6213,-769,-603,605,362,1386082,3072,15382,3804,29074.0,216021
7.217516422,3303,54433,-3010,-645,51159,18675,2846146,9187,612,5914,130665,48039,610,1126,92,3629,2696,110144,2150,6096,-596,-1534,610,420,1382961,3072,15443,3508,28985.0,216263
7.218265057,3264,54849,-3408,-824,52708,19450,2872979,8743,656,5814,132599,49458,587,1132,209,3907,2655,110811,1822,6536,-891,-637,612,218,1386895,2686,16380,4234,29410.0,218905
7.219013214,3362,56846,-3214,-686,50202,20039,2781917,8791,562,6036,140226,50284,536,986,38,3750,2395,109955,2413,6117,-1227,-992,412,365,1388844,3160,15704,3638,30316.0,229264
7.219761848,3410,56032,-3279,-685,48783,20224,2808373,8880,673,6374,135855,52201,635,945,153,3674,1993,109992,1668,5520,-1413,-1082,602,291,1378991,2810,16165,3943,30010.0,224401
7.220510483,3294,55783,-3026,-573,49034,19073,2826358,8916,605,5896,130653,50870,550,913,116,3486,2315,110068,1878,5936,-912,-1140,527,200,1386442,2812,16246,3895,28985.0,217719
7.22125864,3067,53953,-3100,-625,47532,18417,2712447,8933,192,5741,127224,50099,515,1013,107,3348,2195,106429,2190,6073,-939,-968,589,264,1381207,2921,15643,3232,29845.0,211594
7.222007275,3112,48359,-2949,-368,43413,15818,2500629,7938,689,5359,112185,48681,562,887,98,3164,2250,97259,1657,5323,-1329,-1516,525,218,1368653,2477,16052,4107,28013.0,187412
7.222755909,2978,49309,-3141,-735,45745,16202,2587568,7972,794,5736,114704,49704,561,926,142,2988,1951,101154,2335,5213,-1144,-841,555,185,1376256,2424,16035,3436,28304.0,191165
7.223504543,3205,51163,-3019,-669,45634,17470,2662263,7699,-256,5567,119981,49280,537,971,56,3266,2098,103524,1947,5610,-1149,-1332,441,204,1375296,2742,17083,3317,28966.0,199518
7.224252701,3349,52785,-3362,-503,48191,17749,2814943,7799,763,6399,125840,50445,519,1250,120,3171,2390,109048,1771,5868,-217,-916,494,230,1375376,3057,16848,3476,28709.0,207522
7.225001335,3567,53170,-3625,-601,49279,16888,2904030,8329,439,5912,123149,50262,537,1018,132,3377,2587,110965,1894,5809,-374,-953,415,289,1375969,2625,16819,3830,28524.0,205103
7.225750446,3158,53430,-3455,-764,50096,17636,2950713,8942,766,6549,125396,49946,614,930,134,3668,2025,111323,2336,6112,-1442,-1260,584,254,1377104,2524,16470,3239,29044.0,208562
7.226499081,2827,52925,-3620,-558,49939,17312,2953103,8395,102,6319,124357,51603,1338,881,161,3500,2256,112374,1988,5662,-1787,-544,733,192,1373813,2793,16092,3820,27835.0,205816
7.227247238,2784,51757,-3525,-874,50252,17734,2964750,8454,186,6227,124546,51110,449,891,90,3401,2185,111081,2004,5881,-403,-1592,389,355,1373018,2396,16234,3728,27681.0,205275
7.227995872,2954,52188,-3935,-987,48002,16033,2896220,8031,288,6072,122095,51692,563,917,125,3489,2354,109412,1977,6148,-1277,-866,350,212,1365285,2399,16644,4539,27478.0,201301
7.228744507,3280,50908,-3210,-839,48948,16241,2879685,7288,68,6038,117268,49859,481,899,86,3422,2137,106865,1675,5286,-1600,-1158,495,332,1355837,2526,16203,3686,26481.0,194985
7.229492664,3215,50087,-3362,-519,47826,15496,2724628,6650,1189,6442,111768,49304,438,835,99,3204,2132,104085,1774,5401,-1126,-1082,501,344,1358163,2796,15620,3446,25997.0,187216
7.230241299,2852,49321,-3728,-1170,44530,15557,2685416,7705,264,5103,109797,51941,508,829,52,3401,2346,101169,1768,5223,-1564,-1310,507,268,1345711,2281,16366,3543,27087.0,185232
7.230989933,2996,48875,-3355,-1023,45398,16022,2723118,7768,27,5310,111932,49648,528,886,74,3194,2316,101144,2062,5018,-1115,-915,373,164,1333570,2901,15910,3371,27474.0,187593
7.231738567,3294,52352,-3600,-849,48232,16569,2844880,8111,532,6024,121711,50028,451,859,186,3450,2324,106327,1854,5837,-971,-609,367,182,1331892,2380,15117,3426,28944.0,202037
7.232486725,3231,53874,-3524,-1202,48546,16281,2914166,8409,776,5732,123896,52041,490,960,193,3332,2167,108397,1991,5386,-475,-674,533,229,1326086,2401,15371,3789,31021.0,205691
7.233235359,3536,55181,-3431,-933,48540,17943,2939184,8853,687,5419,127139,51143,520,922,136,3456,2301,107476,1289,5148,-1540,-1464,421,366,1335979,2233,15806,3313,29932.0,212652
7.233983994,3222,54083,-3607,-949,47677,17291,2831545,8478,336,5623,127631,50432,615,978,135,3399,2332,105037,1906,5253,-1310,-900,505,219,1323409,3257,15902,3632,29424.0,210705
7.234732151,3437,55827,-3479,-1060,46391,17425,2848167,8996,353,5558,127025,51063,530,903,112,3462,2423,103764,1748,5092,-1149,-1042,375,296,1326505,2539,15904,3540,31083.0,212710
7.235480785,3588,55734,-3585,-1116,47670,18131,2854832,9337,6,5804,129123,52586,576,1017,121,3738,2500,104828,1608,5427,-1336,-1024,397,429,1332404,2320,14987,3363,32352.0,215913
7.23622942,3234,53891,-3098,-878,48484,16617,2807374,8673,2,5901,127609,49184,474,896,208,3497,2055,104453,1935,5662,-962,-1052,270,259,1329847,2155,16078,4193,31547.0,210024
7.236978054,3341,53026,-3608,-1027,48838,16606,2775653,8814,96,6170,125212,48790,627,1092,118,3586,2374,104950,2120,5287,-986,-539,324,202,1329346,2690,16462,3627,31828.0,206999
7.237726212,3108,52836,-3568,-1092,49623,15958,2783073,7818,276,5755,125290,51311,480,960,207,3536,2453,104671,1811,5730,-676,-648,518,311,1337571,2373,15421,3362,31322.0,205010
7.238474846,3323,54622,-3575,-1131,51714,17136,2879748,8167,-226,5948,132140,51096,521,1159,169,3515,2081,107170,1854,5683,-930,-622,409,234,1339610,2872,16843,3081,31144.0,215388
7.239223957,3768,55696,-3091,-982,52020,17296,2929692,8996,892,6151,131228,51364,534,1058,211,3622,2525,109972,2161,5784,-461,-818,308,276,1354039,2619,16175,4444,30509.0,216984
7.239971638,3291,55421,-3860,-1095,51592,17426,2912219,8855,305,5568,128973,51122,606,1170,131,3615,2173,107745,2064,5704,-641,-1387,456,221,1360150,3294,16481,3533,29326.0,213966
7.240720749,3052,55583,-4103,-1193,51724,16275,2982235,8172,-26,5800,130132,50704,579,1257,105,3647,2291,109593,2203,5800,-687,-1096,480,351,1364480,2970,16927,3692,29418.0,213214
7.241469383,3655,53920,-4062,-1131,50453,15759,2989775,8559,780,5655,125020,49621,517,1028,159,3610,2078,108837,1776,6249,-967,-1104,513,293,1365372,2200,16638,3652,27113.0,206913
7.242218018,3237,54350,-4401,-1573,50451,16153,2985723,8166,-8,5678,121180,52477,446,949,91,3746,2086,108820,1857,5783,-978,-551,452,191,1366766,2453,16529,4182,26669.0,203086
7.242966175,3096,54822,-3678,-1108,49609,16813,3035400,8319,827,6065,122119,51073,566,978,164,3527,2696,111200,1890,5732,-1123,-833,363,199,1368615,2595,16639,3365,28185.0,205169
7.243905067,3354,54870,-3499,-1038,50865,17849,3027503,8539,430,5692,124964,54040,491,973,135,3548,2453,112523,2104,5265,-582,-804,364,187,1368169,3017,17220,3512,28059.0,209576
7.244847298,3144,55412,-3738,-1084,49122,17905,3041094,8727,299,5651,125059,52437,651,1007,126,3600,2221,112910,2426,5959,-1235,-1302,429,284,1377380,2358,17049,3681,27684.0,210247
7.245789528,3547,55008,-4019,-789,50512,17873,3065915,8565,643,5599,123409,50869,3330,896,139,3633,2572,113172,1790,5587,-8,8,757,210,1372405,3025,16322,3490,27654.0,208402
7.246730804,3391,54402,-3542,-648,49715,17296,2927275,8222,615,5088,121217,53497,1666,892,60,3272,2401,109263,1987,4916,-1610,286,706,443,1369562,2080,16785,3804,27700.0,204528
7.247673035,3496,56447,-3736,-1073,50502,17448,3007768,8226,505,5130,124907,50755,526,942,218,3600,2409,112093,2531,5762,-1872,-1491,496,424,1364729,3053,15527,3247,26663.0,210524
7.248615265,3187,55353,-3950,-1143,49335,17548,3026154,8201,661,5368,126249,50773,460,1132,94,3692,2751,113450,2192,6903,-694,-1688,368,293,1370920,2494,15741,2972,27858.0,210538
7.249557018,3461,54834,-4068,-1530,48770,16106,3072705,8188,376,4758,121461,51096,518,1045,137,3404,2634,114216,2231,6297,-1209,-1647,566,396,1376154,2853,15383,3130,28677.0,204050
7.250499249,3004,53860,-3857,-967,50176,16786,2966384,8654,1023,5293,124605,48123,437,903,136,3479,2096,112981,2195,6581,-836,-1178,366,198,1372351,2486,16645,3220,28613.0,206909
7.251441479,2881,53163,-3954,-1128,51535,16825,2963800,8027,800,5567,124403,50741,542,963,162,3716,2316,113070,2025,5644,-1116,-1000,422,243,1375164,2671,17460,3595,28312.0,205299
7.252383709,2972,53104,-3785,-871,52163,17972,2959653,8286,326,5336,128354,50089,583,1144,156,3825,2176,114325,1821,6096,-669,-835,371,275,1374551,2993,16704,4538,27470.0,210688
7.253324986,2855,52743,-3986,-1257,50198,16671,2937711,7826,154,4933,123294,49631,464,995,104,3727,2282,114176,1936,6060,-948,-914,388,256,1372978,2824,17132,3115,27561.0,203389
7.254267216,2935,52552,-4314,-1380,52453,16499,2958948,8253,378,5188,129762,49986,560,1243,118,3784,2304,115258,2128,5951,-326,-712,349,228,1373627,2665,16943,4221,28165.0,210001
7.255209446,3182,52545,-3884,-1230,52859,16093,3002084,8391,266,5326,125490,50892,547,1258,107,3606,2478,115184,2274,6598,-721,-289,288,254,1372981,3361,16923,2827,27623.0,205701
7.256151199,2829,52408,-4274,-1500,53523,16512,2980495,8113,457,5684,124643,50235,508,1136,183,3821,2655,114669,2126,5964,-216,-849,433,246,1373663,3001,16499,3601,28059.0,204505
7.25709343,2885,53163,-3895,-1138,53064,16036,2989354,8053,476,5003,125022,49696,528,1279,93,3635,2285,113714,1728,6165,-458,-643,329,284,1371471,2570,16811,3697,26665.0,205159
7.25803566,2897,53303,-4159,-1446,52671,16666,3010261,7911,541,5422,121732,50477,502,1102,154,4032,2454,113753,1926,6056,-785,-1313,363,323,1370014,2562,16277,2996,26931.0,202509
7.25897789,3207,54217,-4271,-1148,54550,17964,3024677,8000,380,5616,122681,50329,468,931,103,3480,2466,113540,1661,5498,-1271,-1011,498,377,1368578,3266,17200,3661,27042.0,206069
7.259919643,2866,52228,-4336,-1346,52217,17175,2981375,8317,631,5335,123489,51913,475,985,64,3851,2811,115809,1769,6300,-1455,-1455,567,345,1367761,2528,16621,4398,27432.0,204075
7.260861874,3247,53331,-3788,-1117,52479,17344,2919496,7436,368,5250,118631,51201,482,874,181,3759,2068,110854,1853,6219,-688,-1552,477,245,1361860,2989,17472,3289,27324.0,199989
7.261804104,2749,52591,-4008,-1662,52310,17154,2845141,8125,383,5313,112686,49208,528,845,102,3566,2412,109910,1657,5360,-2173,-1844,565,336,1360784,2627,16209,3658,26975.0,193305
7.26274538,3285,54925,-3708,-986,56448,17174,2934001,9100,517,5744,122325,50067,543,995,77,4119,2127,113233,1992,6245,-1045,-1040,476,167,1361485,3073,16302,3676,27702.0,206809
7.263687611,2801,54309,-4065,-1158,53963,17557,2942873,8115,108,5750,126064,49570,545,875,63,3588,2188,110529,1890,5804,-1965,-1621,409,365,1361605,2958,17567,3857,27613.0,208846
7.264629841,2936,54278,-4133,-1293,53993,17111,2908145,8530,-13,4720,123394,48818,556,959,118,3711,2401,110218,2385,5721,-1022,-1312,481,222,1360868,2816,17113,3492,28501.0,206249
7.265572071,2913,54332,-3955,-1367,53145,16354,2909348,8384,161,5400,123087,51029,515,827,161,3931,2249,109375,1894,6086,-1661,-1569,501,344,1349324,2988,16592,3985,28484.0,205070
7.266513824,2999,54494,-3669,-1052,52705,17264,2882136,8195,412,4854,122889,48665,439,816,104,3770,2429,110196,1993,5772,-1447,-1706,565,325,1341158,2465,16819,3268,28863.0,205841
7.267456055,3555,53721,-3700,-1256,53413,16087,2906383,8701,586,5547,127421,48484,454,907,60,3833,2411,111248,1933,5950,-882,-1735,430,340,1331379,2293,16914,3926,30485.0,209485
7.268398285,3178,53242,-4104,-1156,53332,16613,2926690,8229,415,4803,124551,50257,529,977,151,3726,2112,111697,1579,6248,-555,-911,357,175,1327481,3112,16638,4312,28542.0,205813
7.269340515,2821,53110,-4576,-1574,53819,16236,2925219,7900,308,5243,124354,49052,562,1029,182,3841,2364,111251,1988,6093,-961,-1409,590,189,1321442,2168,16141,3777,28211.0,204421
7.270281792,3202,53560,-3530,-1383,52752,15470,2880977,8511,369,4853,121732,51122,584,1048,59,4050,2503,107980,1915,5820,-1648,-1304,610,376,1317846,2812,16740,3774,28360.0,202475
7.271224022,3015,51801,-3672,-1562,50935,13954,2814383,7295,308,4864,116380,49769,591,1067,125,3844,2339,106568,1829,5582,-1597,-1530,326,330,1319882,2127,15946,3657,27798.0,192445
7.272166252,2869,51651,-3972,-1428,52392,15709,2835264,7656,97,4984,116899,49581,504,1059,68,3647,2013,108318,2267,6466,-1252,-1700,524,268,1320875,2492,15616,3417,26382.0,194784
7.273108006,3139,53255,-4452,-1412,54905,16010,2954043,8024,162,5393,126420,50382,657,1166,120,3922,2530,112444,2391,5986,-1062,-1259,710,208,1325568,2163,16589,3418,27599.0,206848
7.274050236,2718,50269,-4198,-1499,54161,15364,2841299,7448,869,5203,111274,49109,1070,1162,141,3591,2409,107353,1970,5386,-1754,-1067,844,268,1317855,2889,15203,3371,25629.0,187073
7.274992466,3177,53062,-4190,-1704,53695,16412,2990547,7344,331,5140,114006,48795,832,981,193,3821,2118,109377,2365,5421,-1995,-1483,579,367,1333275,2555,15839,3487,26377.0,194001
7.275934696,3216,54424,-4706,-987,53598,16486,3060797,7993,133,5331,121807,49417,553,915,167,3559,2360,111812,1927,5617,-1457,-1129,603,179,1373296,2644,17851,2915,27469.0,203926
7.276875973,3284,54535,-4232,-1235,53351,17288,3087578,7875,33,5771,120020,50390,510,915,109,3751,2346,111910,1926,5799,-1448,-1503,652,329,1374733,3107,16332,3248,26586.0,203002
7.27781868,3336,53214,-4070,-1900,49692,16358,3063927,7614,-75,4464,117743,54388,509,897,227,3774,2647,110386,1605,5359,-1260,-605,521,357,1380904,2390,16225,3310,26111.0,198265
7.27876091,3364,52771,-3732,-1297,52617,16771,2984868,7497,276,5066,115406,48257,486,813,158,3547,2587,110242,1551,5447,-1722,-1131,307,319,1376046,2909,16211,3416,26102.0,195809
7.279702187,3074,50915,-3344,-1190,49194,16369,2812200,7532,218,4674,108905,48376,500,929,133,3619,2722,106198,2068,5770,-1250,-1643,547,323,1386956,2426,16423,3223,25797.0,186795
7.280644417,2549,45160,-3689,-1206,45952,13858,2598178,7581,347,4568,100358,48696,496,911,201,3382,2323,101728,1941,5835,-465,-992,433,180,1365452,2782,16932,3535,26180.0,169506
7.281586647,2145,42585,-3348,-1124,40933,13680,2442012,7234,452,4879,99538,43887,507,931,80,3210,2545,99390,1791,6148,-780,-894,404,169,1355613,2616,16329,3633,28043.0,165182
7.283470631,2900,54420,-3356,-281,52701,23815,2872259,8746,154,5008,119618,46976,509,888,65,3836,2958,110099,1749,5681,-1522,-1410,371,323,1360096,2537,17213,3311,27337.0,209499
7.284412861,3109,58436,-3072,-575,52208,24628,2906535,9180,1045,5647,121170,50436,494,1010,216,3983,3352,108391,1723,5471,-511,-1255,599,379,1348369,3727,17840,4393,26399.0,216523
7.285355091,3124,55216,-3428,-535,53065,23877,2961215,8870,386,5462,121303,49985,484,1186,311,3634,3025,109566,2165,6372,-420,-1142,400,220,1339143,2987,16284,3887,28264.0,212390
7.286296368,3028,55005,-3412,-362,53933,21030,3014534,8942,612,5499,118521,51255,528,1085,149,3930,3063,110548,1817,5390,-787,-1283,372,267,1331596,1928,16247,4064,28587.0,206526
7.287238598,3101,52790,-3306,-565,55198,18524,3130194,7933,958,5227,118683,51498,563,957,68,3872,1946,113509,1824,5746,-1674,-739,371,286,1331198,2296,15984,3509,27835.0,201031
7.288180828,2944,50813,-3616,-954,54841,18416,2990889,8135,719,5655,113593,49431,631,1032,108,3836,1986,110790,2077,5363,-1206,-1107,431,334,1333504,2929,16448,3610,28062.0,193901
7.289123058,2326,45644,-3429,-329,51887,15263,2883517,7414,608,5217,105350,48459,542,820,117,3688,2353,105566,1676,5840,-1588,-1226,439,251,1332005,2704,17371,2924,27639.0,175997
7.290064812,2152,42427,-2858,-735,50620,14194,2662136,6761,1263,5242,100295,51943,449,766,49,3395,2281,101315,1841,5086,-1758,-1550,368,229,1313836,2357,16206,3008,25856.0,165829
7.291007042,2641,46248,-3094,-561,54453,16678,2854641,7164,669,5190,107169,52303,432,778,129,3687,2001,109291,1929,5257,-1430,-1680,321,274,1320253,3247,16671,2495,26800.0,179900
7.291949272,2923,49162,-3450,-693,52444,16206,3010918,7527,864,5581,108781,50414,393,854,115,3693,1808,107896,2061,5369,-511,-912,421,213,1325899,2463,16725,3399,26553.0,184599
7.292891502,2978,48274,-3516,-739,52526,15296,2945365,7674,765,5773,106353,50249,557,1076,157,3822,2001,106951,1740,5620,-795,-1082,383,283,1324867,2725,17260,3872,26630.0,180575
7.293832779,2902,48964,-3762,-976,52260,14412,2993885,7133,861,5247,105031,53965,1790,1675,93,3463,2022,107435,1744,5036,-1263,-910,716,312,1327159,2121,16175,3611,25948.0,178442
7.294775009,2753,48174,-3379,-735,52028,14525,3044951,7161,1199,5496,108569,51685,765,1298,137,3669,1660,109764,1642,4843,-1265,-559,416,323,1330033,2393,15719,2928,25568.0,181182
7.295717239,2999,46998,-3609,-985,50870,13896,3093221,7515,875,5112,102026,52944,455,826,132,3353,2033,108999,1608,4826,-1591,-1325,476,320,1332479,2899,15929,2945,25585.0,173434
7.296658993,2767,48692,-4130,-759,49700,14263,3085209,7396,280,5695,100082,53608,394,857,96,3303,1885,107056,1890,5246,-1124,-879,454,382,1337451,2930,17166,3472,24966.0,173200
7.297601223,2913,47343,-3499,-588,50503,14119,3199406,6694,295,5495,99374,52555,394,742,136,3064,2112,109314,1024,5302,-1362,-1586,436,306,1336890,2436,15918,3075,24054.0,170443
7.298543453,2888,47615,-3838,-769,51770,13990,3229715,7122,1126,5729,100024,52039,491,849,43,3426,1941,110888,1510,4969,-1380,-1130,398,229,1337446,2742,15588,4053,24089.0,171639
7.299485683,2513,46574,-3905,-772,52135,13841,3247934,6877,468,5497,97842,51161,494,823,147,3267,2240,110523,1543,5835,-692,-1266,386,215,1349785,2703,16289,3574,23707.0,167647
7.300427437,2892,47731,-4385,-959,53290,14106,3323286,7188,938,5632,101162,51953,527,782,90,3533,2459,113642,1543,5316,-1380,-1087,460,240,1357741,3494,15697,3782,24382.0,173079
7.301369667,2709,46072,-3782,-1021,51246,13243,3296739,6620,206,5650,93658,54933,527,801,168,3485,1746,110663,1558,6116,-723,-1356,544,328,1358163,3092,16147,3780,23449.0,162302
7.302311897,2690,44866,-4140,-1164,51296,12893,3382134,6307,569,5674,92097,54963,372,667,112,3505,2496,112611,1363,5257,-1737,-1593,356,396,1359498,2287,15478,2908,23138.0,158853
7.303253174,2356,41534,-4318,-946,50023,11455,3172702,6049,155,5251,83074,50579,434,629,52,3027,1669,107765,1283,5659,-1886,-2088,372,263,1376811,2559,15899,3864,21647.0,144468
7.304195404,2037,37139,-3734,-1207,47664,10846,2945195,5657,1071,5194,78086,50892,429,633,117,2931,1423,104329,1208,4657,-1611,-909,427,288,1355020,2571,16597,3337,21742.0,133765
7.305137634,2016,37624,-3470,-1004,48479,10461,3012390,5650,201,4913,79399,52205,456,792,135,3077,1504,103775,1208,5544,-785,-1372,327,298,1354106,2941,16625,3459,21059.0,135150
7.306079865,2129,37635,-3931,-1143,51287,11318,3098772,6036,727,5532,78349,52933,497,745,91,3154,1560,105205,1162,5460,-1185,-1136,311,193,1357638,2387,16384,3411,20397.0,135467
7.307021618,1448,34762,-4298,-864,52749,10526,2956921,5277,1077,5721,77130,48565,392,724,80,2732,1657,104763,1253,5168,-689,-975,250,257,1351699,2951,15994,3559,20525.0,129143
7.307963848,1567,33405,-3435,-925,47619,9344,2803944,5137,641,5139,74323,46896,340,793,138,3233,1620,104726,1381,5235,-386,-1387,357,201,1352701,2404,16594,3459,20554.0,123776
7.308906078,2226,39532,-4098,-981,50753,10779,3114072,5692,399,5152,78419,51334,451,735,113,2944,1545,102839,1273,5154,-1226,-1043,280,202,1356973,2636,15880,2960,20649.0,136648
7.309847355,2211,40320,-3983,-807,52617,11041,3273182,6044,961,6026,81598,53087,355,686,104,3097,1571,107380,1388,5246,-945,-673,494,348,1357548,2394,16196,3185,21133.0,141214
7.310789585,2023,40305,-3985,-919,50883,11032,3102591,6005,-233,5065,82245,52808,439,777,109,3041,1773,106095,1524,4735,-1068,-1102,410,296,1363191,2802,16350,3525,21261.0,141610
7.311731815,1960,41137,-4793,-1145,51625,11125,3198109,6256,124,5344,84501,52516,427,764,263,2858,1821,107150,1267,4814,-747,-913,428,270,1358710,3008,16098,3025,21940.0,144979
7.312674046,2315,40062,-4458,-1339,49934,10747,3174085,5809,116,5310,83640,50947,379,739,83,3254,1792,107245,1610,5206,-862,-794,368,163,1360939,2472,16230,3174,22462.0,142573
7.313615799,2176,42223,-4303,-1155,49260,12289,3351534,5883,170,5821,87612,53752,528,729,79,2702,1620,111456,1565,5175,-1736,-1151,443,260,1355855,2195,15687,2946,22245.0,150183
7.314558029,2404,43485,-4379,-997,51978,11517,3486757,6246,587,5667,86195,51724,417,814,94,3247,1676,112360,1262,4843,-1435,-1067,337,323,1367104,2466,16007,3587,24217.0,149847
7.315500259,2447,44116,-4363,-822,50580,12527,3429553,6414,409,6019,88745,50239,428,819,109,3040,2032,109615,1221,5239,-858,-1047,450,240,1361556,2794,15800,4327,23323.0,154249
7.31644249,2632,44168,-4713,-1000,50557,11761,3431977,6210,-70,5380,88448,55475,434,762,122,3360,1377,112363,1657,4893,-1560,-1397,388,333,1349712,2539,16018,3847,24790.0,153219
7.317384243,2408,42335,-3893,-752,43918,11875,3321073,5697,62,5425,86108,49607,512,786,57,2883,1276,114488,1849,4754,-1122,-1264,510,239,1346155,3149,15928,3328,24753.0,148423
7.318326473,2394,45612,-4447,-1025,49655,11712,3563857,5961,251,5349,88764,55317,473,687,96,3231,1483,111974,1572,4955,-1283,-850,394,367,1352020,2678,15414,3275,26210.0,154443
7.319268703,2507,45114,-4806,-1260,49340,11558,3523497,6770,-139,5585,84125,51239,523,783,74,2652,1713,111880,1299,5011,-1239,-408,368,151,1354548,2282,16076,3043,26628.0,150074
7.32020998,2717,46145,-5037,-857,49027,12254,3559799,5967,935,5583,83259,53057,477,670,144,2775,2052,111610,1787,5605,-1522,-1073,504,348,1360149,2499,15999,3333,27063.0,150342
7.32115221,2363,44195,-4305,-1007,50679,11466,3515951,6136,-53,5527,84730,52540,698,715,66,3116,1679,110695,1521,4651,-2070,-549,349,207,1359883,2327,16666,3781,26795.0,148890
7.32209444,2760,45296,-4569,-946,50714,11111,3511881,6572,564,5520,84770,52785,575,693,146,2976,1448,111182,1663,5167,-1595,-850,331,317,1358687,3290,16262,3054,27598.0,150509
7.323036671,2472,45650,-4187,-760,51374,11984,3483309,6722,684,5693,88886,52131,486,775,120,3361,1673,112535,1629,5407,-1173,-702,597,416,1358017,2448,16058,3361,26029.0,155714
7.323978424,2335,45712,-4512,-829,51466,11834,3478503,7415,653,5866,89043,53060,583,740,88,2695,1727,111703,1602,5065,-2042,-1509,501,329,1349208,3279,15499,4113,25775.0,156339
7.324920654,2409,44594,-4281,-812,52752,12365,3400697,6198,865,5954,93123,52992,603,863,56,3082,1864,114252,1637,5110,-2047,-1217,442,379,1348013,2369,15688,3438,26913.0,158689
7.325862885,2381,43291,-3685,-683,55081,12024,3344064,6854,-111,5604,94810,52670,3784,1777,36,3329,1652,111489,1886,4573,-1319,457,861,348,1351583,2194,15934,3363,26601.0,159360
7.326804161,1732,33367,-2927,-1136,46699,9735,2675098,4866,396,4082,72883,53500,619,1267,142,2836,1509,96329,1662,4554,-463,-627,460,213,1319469,2038,16016,3014,21870.0,122583
7.327746391,1415,28673,-2801,-948,43739,8600,2416461,4774,1565,3987,66921,54434,394,616,134,2662,1391,88780,1795,3765,-1546,-1491,373,210,1287416,2159,15672,2981,18619.0,110383
7.328688622,1332,31595,-3544,-1234,48600,10455,2675969,5128,1156,4199,72880,50116,470,587,81,2804,1427,98060,1439,5028,-1602,-1304,405,218,1301031,2467,16285,2446,21449.0,121390
7.329630852,1630,33252,-3518,-926,46185,8450,2506949,4981,908,4379,69763,49283,473,585,103,2828,1481,92306,1449,4376,-2030,-1186,463,330,1308269,2350,15937,3950,24272.0,118076
7.330572605,1384,31880,-3058,-842,44348,8418,2455893,4803,1550,4469,65314,48691,465,635,65,2698,1855,93555,1088,3837,-2303,-1376,288,383,1299935,2642,15812,2795,24406.0,111799
7.331514835,1300,30540,-3563,-1136,46442,8944,2666846,5169,1654,4383,72136,56494,467,665,53,2788,1668,95127,1152,4359,-2376,-1856,369,369,1279507,2026,15085,2932,19070.0,118089
7.332457066,1734,31872,-3825,-792,47268,8617,2787341,5371,567,4303,75028,46570,555,747,115,3265,1512,107856,1721,4723,-1810,-1337,526,344,1300327,2529,15664,3110,20644.0,122622
7.333398342,1885,34107,-3199,-785,47532,10095,2840558,5253,622,4109,78443,47106,415,711,49,3250,1859,110641,1765,5330,-1658,-1987,518,274,1301951,2979,15118,3638,20848.0,129783
7.334340572,2176,38266,-4229,-1137,54242,10001,3285972,5398,116,5757,77233,48846,439,750,120,3204,1273,110467,1541,5442,-1108,-932,482,193,1313214,2669,15981,3020,22138.0,133074
7.335283279,2046,40400,-4966,-959,54394,10571,3555272,5750,501,5951,77215,52945,424,622,22,3422,1293,112533,1458,4600,-1557,-683,530,256,1316583,2806,15495,3717,19324.0,135982
7.33622551,2307,40777,-4976,-1028,52378,10123,3617639,5601,80,5313,74903,53950,474,749,185,3352,1167,114437,2144,5046,-766,-958,291,150,1310918,1965,15877,3982,20832.0,133711
7.337166786,2353,42425,-4987,-1083,51642,9436,3615073,5321,286,5393,73108,52069,600,675,94,2995,1842,113231,1312,5289,-2040,-1166,383,211,1313849,3278,15742,3587,22074.0,132643
7.338109016,2455,43911,-5245,-1268,48830,10445,3600267,6055,1021,5962,73795,52455,514,778,125,3011,1906,112221,1865,5047,-1462,-904,382,163,1317144,2916,15519,2679,23035.0,136661
7.339051247,2494,42952,-5200,-1124,49020,10826,3678858,5487,130,5560,78960,51292,505,744,134,2948,1377,113446,1910,5357,-1586,-1024,369,215,1309095,2736,15582,3690,21314.0,140719
7.339993477,2602,43146,-5173,-1450,47007,10972,3568923,6330,45,5886,83662,52357,497,679,151,3033,1662,111900,1641,4988,-1339,-788,276,217,1319697,2706,15320,3617,21662.0,146712
7.34093523,2275,43071,-4939,-1044,45952,10906,3452883,5628,252,5368,83283,48966,477,694,90,2678,1475,110160,1820,5175,-735,-624,232,175,1330366,2960,15204,3076,22265.0,145163
7.34187746,2267,44657,-4788,-1151,48906,11724,3494908,6436,22,5489,89240,53641,496,833,94,2711,1590,112857,1570,5085,-868,-854,424,170,1334126,2985,15850,3487,21738.0,154324
7.342819691,2492,44753,-4344,-909,47544,13044,3476695,6050,780,5677,90637,53558,541,762,164,2974,1900,112874,1769,5274,-1894,-1019,521,377,1335046,2707,16167,3362,23766.0,156976
7.343760967,2727,47249,-4522,-783,46130,12671,3490281,6099,149,5632,96907,50409,403,760,119,3003,1778,116785,1459,5080,-756,-1034,424,366,1338597,2245,16349,3221,23934.0,165653
7.344703197,2726,47844,-4543,-1189,44184,13035,3453505,6963,515,5456,99662,52178,474,748,111,2769,2248,118498,1512,5541,-1200,-976,350,203,1345097,2697,15600,3476,26821.0,170230
7.345645428,2641,46946,-4150,-1405,45313,13386,3372905,6122,177,4665,100332,53905,576,830,150,2750,1985,117832,1678,6120,-1061,-1204,335,303,1350712,3007,17140,3053,27684.0,169427
7.346587658,2317,45515,-4243,-1228,45406,12583,3208807,6767,-113,4566,93907,53416,538,809,107,2530,1996,112856,1439,5275,-1591,-1204,309,224,1347675,2012,15367,2698,25710.0,161089
7.347529411,2665,46248,-4428,-1058,46011,13144,3230651,6133,219,4790,96832,51798,533,1042,95,2718,2244,112457,1429,5250,-1197,-891,431,368,1353262,2837,15415,2819,28205.0,165022
7.348471642,2725,49922,-4157,-1245,47725,13568,3309238,6937,290,5097,105903,53211,453,2857,174,3039,1299,115912,2173,5597,821,345,555,156,1360483,2453,16152,3384,29277.0,179055
7.349413872,2587,48284,-4307,-1428,48095,14013,3269480,7192,1176,5581,105843,53304,470,804,217,2909,2088,116102,1762,5494,-696,-399,469,197,1360958,3225,16878,3651,27895.0,177919
7.350355148,2585,47740,-4474,-844,48980,13937,3228402,7560,909,5465,102366,50612,481,803,91,2840,1953,114690,1680,5773,-891,-627,457,157,1365195,2519,15811,2766,28540.0,174188
7.351297379,2698,45407,-3881,-1259,51239,13084,3177981,6971,724,5384,104259,54799,478,834,162,3359,1731,114590,2313,5173,-852,-929,410,239,1363151,2719,15806,3789,27785.0,172419
7.352239609,2249,44580,-3466,-969,48906,12285,3062872,7035,315,4809,100537,50022,532,883,90,3344,2288,116028,1452,5584,-1292,-1475,408,318,1359423,2883,16734,2900,29546.0,166686
7.353181839,1839,37307,-3493,-1070,48331,9914,2765294,5358,1146,4135,88661,50873,485,963,119,2912,2158,106120,1701,5255,-956,-1130,339,296,1346975,2595,15756,3557,25341.0,143079
7.354123592,1622,34614,-3250,-913,44846,9031,2637097,5854,1014,4407,87039,50122,508,916,111,3052,1716,103736,1938,5441,-1162,-1343,419,234,1340344,2376,14592,3349,22838.0,138160
7.355065823,2203,46607,-4209,-850,56793,12783,3207905,6687,445,5541,99856,52457,500,828,113,3612,1918,117035,1701,5625,-1437,-1382,295,331,1373163,2609,16377,3362,27832.0,168136
7.356008053,2659,48158,-4440,-1071,56789,12382,3239153,7066,1009,5483,99023,51991,654,938,48,3676,2283,115213,1385,5565,-1352,-580,687,276,1372587,2926,15390,3574,28461.0,169288
7.356949806,2642,46560,-4271,-1383,55531,12649,3288937,7281,459,5773,100893,51590,528,908,127,3349,1876,117172,1923,5503,-957,-1097,499,210,1368928,2770,15850,4148,26231.0,170025
7.357892036,2323,45335,-4662,-1100,56880,12687,3294545,7337,682,6322,98235,52449,473,764,124,3839,1757,115787,1562,5616,-1670,-1843,483,283,1367144,2662,16010,4310,26681.0,165917
7.358834267,2467,45009,-4611,-1140,55367,12150,3314981,6690,322,5302,95341,53668,439,768,99,3649,1931,115909,1157,5734,-1905,-1196,390,487,1361968,2101,15240,3326,24404.0,161657
7.359776497,2515,45096,-4312,-1553,56519,12566,3338644,6727,180,5570,95318,53220,619,976,93,3370,1926,116871,1890,5824,-1446,-1109,644,249,1360622,3236,16312,4132,23725.0,162222
7.360717773,2621,44109,-4462,-1065,55905,11973,3309320,6898,570,5148,92897,52608,557,1228,70,3458,1736,115018,1969,5584,-142,-558,416,244,1365261,2967,15271,3186,22526.0,158498
7.361660004,2602,46104,-4693,-1214,54325,12390,3291338,6524,-183,4437,96368,50715,503,1029,112,3321,2061,114697,2053,5809,-754,-1262,497,319,1364313,2568,16240,3869,24566.0,163988
7.362602234,1941,41203,-4599,-1146,53698,11605,3291425,5567,321,5225,89096,52572,562,858,98,3498,1956,114050,1496,5603,-1290,-705,462,300,1358122,2189,15981,3703,23151.0,149412
7.363545418,2349,42958,-4400,-770,52416,12280,3263541,6468,890,6441,94014,48848,464,775,83,3378,1945,112723,1449,5891,-1369,-1236,398,255,1359552,2713,15598,3030,24619.0,158069
7.364495277,2173,39860,-5123,-1341,47666,10034,3298731,5757,685,5495,81473,49207,583,841,103,2822,1580,113321,1460,5457,-1477,-1370,459,227,1352792,3310,15926,3538,23272.0,139297
7.365446091,2182,41342,-5408,-1539,50010,8454,3578021,5109,111,5879,76539,49506,411,625,159,2637,1996,113386,1023,5302,-1571,-1274,300,288,1350542,3176,16618,3100,20765.0,133626
7.366396427,2182,40847,-5310,-1219,51962,9258,3597177,5857,653,5956,77142,51390,433,686,213,2900,1829,113969,1054,4652,-1275,-908,288,271,1351527,3028,16607,2863,21460.0,135286
7.367346287,2422,40590,-4770,-994,51631,8765,3561894,5106,101,5693,74962,52177,351,553,89,3177,1296,111709,921,5582,-1156,-1449,321,357,1343930,2912,16103,3094,20744.0,131845
7.368296623,2330,40245,-5516,-1723,49872,10089,3526313,5372,156,5251,76868,54022,404,678,130,3201,1248,112879,1458,5051,-1017,-1091,317,207,1337874,3203,16254,3445,20563.0,134904
7.369247437,2200,39231,-5234,-1387,51992,9057,3539961,5478,455,6234,75821,52482,403,630,115,3122,1652,112622,1377,4841,-638,-389,544,205,1332694,3028,16197,3294,20077.0,131787
7.370197773,2146,38998,-5357,-1564,50402,7836,3574151,5129,166,6236,72904,51354,473,688,111,2815,1195,111126,1135,4867,-1755,-1483,433,337,1322546,2558,15663,3362,20545.0,127013
7.371147633,1865,39451,-5593,-1496,50959,9506,3549864,4760,162,6121,76911,53274,486,650,46,3331,1600,111256,1630,5112,-1345,-1166,237,179,1321253,2664,15998,3533,20417.0,132493
7.372097969,2137,40065,-5845,-1671,50569,9096,3555729,5658,-18,5544,77006,50730,469,719,137,2961,1464,110926,1706,5214,-1270,-671,326,260,1315962,2818,16372,3225,20457.0,133962
7.373048306,2170,39289,-5363,-1456,49367,9205,3525167,5099,-15,5721,75374,50220,356,693,78,2620,1367,110314,1121,5530,-1239,-745,314,241,1317288,2361,16092,3111,21101.0,131137
7.373998165,1932,39699,-5438,-1810,51008,9070,3462586,5645,445,5894,77842,54369,430,643,82,3017,1962,112038,1706,5348,-1294,-877,322,179,1315966,2952,14945,3364,21334.0,134188
7.374948978,1943,39681,-5496,-1472,49475,8886,3494879,5333,861,6291,78211,50163,453,652,40,2990,1463,111272,904,4677,-1962,-1115,260,239,1309597,2520,15552,3393,22138.0,134054
7.375899315,2199,40487,-5162,-1351,51021,8460,3503384,5043,717,6060,80425,51365,471,694,78,3062,1174,111436,864,5209,-1533,-1488,393,272,1315311,2631,15427,3975,22402.0,136614
7.376849651,2040,40431,-4642,-1060,52607,9241,3491276,5399,547,6259,79521,51867,373,682,187,3145,1442,111679,1509,5688,-550,-1022,320,216,1326352,2747,15916,3480,21982.0,136632
7.377799511,2134,40645,-5314,-1248,51598,8787,3490143,5456,-435,5885,80049,50990,441,784,72,2993,2123,111608,1453,4866,-1181,-773,484,250,1324890,2673,16431,3898,22994.0,137071
7.378750324,1978,41076,-5393,-1331,51739,9043,3476512,5508,178,6098,81020,50407,490,688,104,3000,1404,113208,1822,5311,-1457,-1011,202,243,1323270,2992,15318,3578,23771.0,138625
7.379700661,2030,39945,-5452,-2053,53203,9314,3426141,5586,396,6275,82333,52347,478,665,111,3066,1624,113207,1441,5198,-1722,-905,314,219,1329908,2665,16282,4010,24302.0,139208
7.38065052,2353,41607,-5301,-1264,52628,9339,3454453,5857,487,6105,84211,52298,458,690,84,3329,1586,112104,1630,4978,-1424,-1070,376,262,1342166,2432,15313,4107,24250.0,143367
7.381600857,2229,43143,-5613,-816,52509,10028,3481060,5658,433,6414,84187,51456,474,709,145,3305,1713,113357,1459,5262,-1414,-1034,411,286,1348634,2659,15865,3507,24063.0,145245
7.38255167,2244,42126,-5569,-1508,53079,8984,3464998,5310,333,5887,82889,52238,491,799,113,3060,1594,112670,1545,4992,-1481,-1029,463,343,1351587,2667,16202,4010,25294.0,141553
7.383502007,2062,42567,-4858,-953,52958,9224,3404094,6077,819,6544,84488,51378,494,806,79,3167,1494,112568,1731,4679,-1301,-168,376,238,1355898,2567,15777,3552,26126.0,144418
7.384451866,2163,41940,-5691,-1582,54649,9373,3403938,6208,-121,5564,83586,53246,540,685,63,3493,1749,113651,1646,5385,-1763,-1424,451,231,1358830,2713,15460,2901,25647.0,143270
7.385402203,2265,43962,-5176,-1313,53700,9459,3391917,5835,118,6237,85955,53299,540,753,140,3257,1467,113283,1551,5105,-1231,-1176,426,255,1363515,2385,15717,3587,26951.0,147476
7.386353016,2181,43535,-5028,-1478,54555,9635,3335489,6556,31,5805,86628,52399,561,763,55,3551,2095,112017,2233,5268,-1923,-1056,467,365,1362518,2128,15999,3570,26457.0,148535
7.387303352,2495,43778,-4908,-1268,54406,9792,3324624,6673,499,6498,91743,52393,564,753,92,3519,1842,112335,1871,5314,-1477,-1130,545,439,1363287,2116,16717,3992,28649.0,154481
7.388253212,2530,44836,-4666,-1489,51578,9866,3354517,6291,438,5792,91046,52410,477,686,72,3533,1775,112627,1642,5944,-994,-1609,536,159,1361793,2780,16480,2920,28524.0,154569
7.389203548,2901,46333,-5271,-1700,54003,9939,3346386,6447,370,5916,94102,51558,478,672,114,3335,1749,112724,1410,5346,-2133,-1815,368,396,1363311,2770,16638,3206,29309.0,159722
7.390153885,3087,44632,-4691,-1708,52019,10572,3347424,6321,349,6244,93851,53370,568,809,115,3479,1915,112171,1204,4541,-1997,-1213,441,372,1363994,2426,16316,2845,28879.0,158463
7.391103745,2452,44267,-4775,-1253,53021,10935,3364976,6757,380,5610,92992,55187,652,868,16,3371,1772,114358,1194,5202,-1956,-1081,384,304,1364934,2395,16529,3218,27630.0,157403
7.392054558,2297,44051,-5348,-1479,56667,9937,3364150,6179,388,6097,90901,50932,827,1242,58,3660,1765,113600,1400,5580,-1057,-910,618,261,1364903,2648,16424,3894,27448.0,153365
7.393004894,2214,44390,-4908,-1472,54577,9763,3409637,6298,372,6027,89552,52801,644,973,184,3703,1689,115217,1351,4672,-1051,-741,564,291,1365541,2351,16529,3130,27217.0,152217
7.393955231,2324,43123,-5155,-1561,54234,10210,3386265,6118,607,6391,89690,53341,556,817,32,3289,1401,114124,1740,5534,-1369,-1020,333,325,1363866,2419,15857,3388,26463.0,151465
7.39490509,2188,42800,-5410,-1707,54273,9203,3419939,5888,478,5752,86786,54444,497,687,84,3344,1830,114219,1394,5315,-1947,-1146,359,271,1365705,2830,16568,4177,25253.0,146865
7.395855904,2199,41953,-5439,-1945,55740,8549,3448978,5606,473,6475,83695,50521,543,739,80,3399,1653,112963,1404,4816,-1624,-1770,523,316,1363338,3032,16319,3486,24506.0,142002
7.39680624,2312,41563,-5417,-1494,56395,7305,3482306,5479,377,6703,79604,48892,560,694,128,3483,1607,112632,1894,4924,-1549,-1177,584,282,1362841,2516,15980,2889,23364.0,136263
7.3977561,2240,39329,-6199,-1989,53705,6919,3547447,4838,1059,6338,74790,52526,538,763,101,3171,1820,114223,1697,4858,-2008,-1208,372,334,1359797,2507,16776,3195,21444.0,128116
7.398706436,2040,40122,-5603,-1460,54224,6804,3582420,5065,359,7324,73196,53145,545,632,179,3515,1402,113356,1303,5057,-2111,-1452,335,386,1358095,2823,16712,3675,21770.0,127227
7.399657249,1930,38346,-5756,-1308,55653,6976,3571050,4645,379,6897,71181,50510,462,587,94,3098,1555,112322,1866,5205,-1777,-1173,298,240,1356190,2703,16386,2965,20441.0,123078
7.400607586,1955,38657,-5704,-1457,53749,7092,3620204,5425,507,6551,68477,51797,524,704,117,3063,1861,112658,1455,5326,-1355,-723,542,346,1356642,2790,15811,3191,19160.0,121606
7.401557446,2103,37703,-6082,-1680,51886,7167,3649956,5008,276,7486,66609,51511,551,1045,68,3036,1059,111993,1654,5398,-842,-1032,417,288,1359685,2565,17398,3510,18824.0,118590
7.402507782,1973,36745,-5899,-2070,52600,5570,3625366,5363,293,6768,64846,50219,479,817,64,2742,1835,112278,1402,5306,-847,-422,314,216,1357929,2841,15686,2798,19497.0,114497
7.403458595,1745,37471,-6457,-1880,53014,5692,3624782,4905,272,6658,60954,50826,502,699,68,2958,1753,109492,1899,4705,-2006,-1513,351,271,1360007,2659,16999,2994,19346.0,110767
7.404407978,1926,37925,-5727,-1738,52278,6638,3600885,4785,-127,6288,65527,53283,574,619,109,3144,930,109393,1469,4474,-1821,-784,458,165,1355636,2939,15667,3459,19491.0,116801
7.405358791,2401,41196,-5415,-1385,55346,7828,3481592,5987,-127,7020,81391,50502,454,817,146,3242,2397,109871,1268,5449,-1344,-1419,417,404,1359123,2817,16048,3641,24266.0,138803
7.406309128,2585,40695,-5294,-1242,54471,8151,3458188,5775,22,6881,80110,51890,467,940,181,3306,1944,108791,1456,4823,-1285,-1164,519,441,1356251,2488,16802,4184,25331.0,137316
7.407259464,1826,38300,-6071,-1825,53649,6090,3544119,4953,-28,6562,69952,50299,508,747,45,3189,1414,111721,1557,5914,-1381,-890,510,285,1344953,2607,15899,4275,23857.0,121121
7.408209324,1740,37244,-5938,-1976,53065,6661,3558349,4572,616,6562,67497,49867,451,645,166,3124,1892,113717,1242,4893,-2039,-2038,325,351,1330226,2480,17335,3420,19796.0,117714
7.409160137,1696,36429,-5792,-1677,53783,7023,3607483,4913,395,6466,66595,51644,440,642,187,3063,1432,112532,1377,4954,-889,-803,308,208,1322302,2227,16518,3408,18479.0,116656
7.410553455,1884,36129,-6121,-1964,52960,6535,3592113,4602,-104,6801,64256,48639,479,755,107,3005,1612,114476,1200,5179,-1281,-1379,347,296,1319323,2938,16114,2994,19288.0,113406
7.410553455,1565,31852,-5439,-1394,51401,6056,3253511,4532,714,6105,55033,49156,441,603,145,3280,1351,103865,1534,4053,-1609,-821,314,275,1355355,2567,15195,3268,18339.0,99038
7.411503792,1150,28952,-4272,-1099,47670,4792,2966303,4156,757,5677,52207,47868,466,510,94,2982,1314,102585,1010,4457,-1531,-609,467,280,1347918,2029,15750,2844,18045.0,91257
7.412453651,997,25537,-3926,-1443,40634,5015,2619704,3833,474,4634,48629,46637,429,717,180,2837,1215,102483,1195,4332,-844,-1010,517,324,1341538,2017,15673,3785,17334.0,84011
7.413404465,1242,28073,-4809,-1359,46591,5854,2838635,3385,857,4997,51184,53595,424,643,47,2949,1113,101538,832,4344,-1967,-1165,454,273,1340848,2345,15784,2898,17808.0,89738
7.414354801,1268,29805,-4564,-960,46695,6799,2858766,4571,588,5419,57492,48428,491,708,23,2859,1156,104949,1285,4661,-2346,-1607,411,304,1352496,2476,15514,3279,19334.0,99935
7.415305138,1810,34271,-4430,-1372,50189,8351,3066406,5198,686,5573,69654,50089,456,719,74,3093,1632,110129,1255,4984,-1794,-1456,406,337,1355338,2607,16498,3370,19314.0,119284
7.416254997,1434,32026,-4668,-1213,48085,6815,2953388,5004,487,5722,62064,47532,415,613,94,2886,1281,101837,1444,5248,-1569,-1386,401,229,1349537,2651,15320,2618,20004.0,107343
7.417205811,1528,33472,-4730,-1640,47064,7447,2980764,4931,877,5685,61512,49916,425,586,64,2872,1438,101354,1165,4009,-2114,-1656,335,358,1347661,2817,16809,3188,20882.0,108890
7.418156147,1457,30087,-3085,-957,40060,7442,2514360,4667,542,4624,62736,47394,347,562,89,2756,1500,100070,1802,5206,-1221,-934,415,283,1342507,2080,16537,3247,20710.0,106389
7.419106007,1550,32160,-3337,-960,37679,7245,2642246,4609,603,4543,65868,45516,342,662,125,2391,1655,99618,1667,5112,-987,-1149,392,244,1335878,2710,14326,3018,21931.0,111432
7.420056343,1284,24028,-2683,-1404,27621,4663,1989490,3105,1500,3364,43149,47215,365,629,144,1645,1194,78719,1026,4277,-729,-951,462,193,1299779,1963,14163,2930,17027.0,76229
7.421007156,1350,27043,-2959,-1360,30974,5886,2202232,3497,1584,3256,46911,50748,422,518,67,1995,1426,84453,693,3453,-1945,-1004,355,311,1289710,1943,14855,2430,16771.0,84687
7.421957493,1345,32883,-3663,-1085,41454,7512,2590229,4959,1434,4564,67552,46427,420,609,65,2761,2053,101025,1184,5017,-2101,-1312,362,272,1301124,2385,15173,3694,21509.0,114251
7.422907352,1467,33758,-4032,-1057,41635,7823,2637557,5611,874,4968,72444,47392,369,739,103,2725,1344,100026,1361,5127,-965,-1209,388,141,1305856,1988,14139,2897,22774.0,121103
7.423857689,1812,35032,-3912,-1119,42213,8217,2640725,5549,1135,4324,72858,49362,416,611,113,2726,2012,99758,1353,4959,-1178,-941,357,229,1305946,2224,14914,2955,22763.0,123468
7.424808025,1759,36621,-3851,-1497,40850,9171,2713803,5695,839,5002,79605,49441,487,689,120,2806,1415,108186,1753,5220,-1510,-1313,444,329,1309866,2945,15164,2949,24732.0,132851
7.425757885,1757,36133,-4171,-1792,43927,8564,2804516,5751,986,5138,77046,47681,577,596,75,2886,1533,106558,1396,4795,-2154,-725,494,373,1317705,2227,15197,3118,24681.0,129251
7.426708698,1981,38652,-4007,-1050,48007,10372,2785506,6513,795,5317,79637,47137,503,676,82,2948,1622,107405,1253,5406,-1962,-1169,497,181,1324816,2001,16052,3594,23890.0,137155
7.427659035,1909,38033,-3892,-1245,45082,9300,2654276,5282,1049,4795,74640,49592,636,849,186,2832,1596,103176,1549,5353,-1479,-1681,488,261,1327643,1953,15174,3186,23002.0,129164
7.428609371,2054,39565,-4041,-996,49344,9200,2911014,6171,226,5432,81423,50931,754,1102,109,3206,1671,115208,2047,5239,-1328,-730,358,180,1357094,2375,15791,3318,26494.0,138413
7.429559231,2254,40750,-4092,-1410,49570,9091,2919256,6255,173,5768,85186,50845,644,1208,88,3461,1969,113921,1520,5149,-573,-1292,393,298,1361440,2867,15370,3048,29255.0,143536
7.430510044,2037,36773,-3521,-1409,46270,9312,2692266,6160,719,5375,79183,46703,696,1029,76,3309,2161,110415,1686,4963,-1826,-1055,442,220,1356784,2392,15861,3468,27897.0,133465
7.431460381,1672,30389,-3046,-813,39061,7281,2151154,5945,524,3846,70806,40005,463,818,64,2836,1697,96346,1520,5231,-1583,-1367,476,356,1341753,2411,15862,3338,25030.0,116093
7.439063072,2098,34164,-2507,-753,37467,10597,2332449,5454,991,4038,72426,49492,547,805,172,2436,1883,103050,1567,4607,-1106,-603,319,240,1279616,2726,16152,2632,25043.0,124739
7.440012932,2875,47294,-3872,-765,46857,14400,3146991,7706,20,5431,93500,49542,539,904,69,3295,1910,117401,1736,5432,-1473,-1520,477,305,1305867,2872,16752,3371,28163.0,165775
7.440963268,2629,45440,-3591,-899,50301,12448,2992949,6981,478,5381,87912,52908,634,808,185,3174,1721,113736,1639,4816,-1325,-924,399,210,1302253,2684,16303,3826,28112.0,155410
7.441913605,2266,41275,-4349,-1041,54812,11666,3153354,6918,214,5672,86573,50653,489,767,107,3425,1786,118554,1489,5931,-1759,-1398,277,378,1313657,2515,16828,3584,26255.0,148698
7.442559242,1990,39042,-4365,-1252,52868,10116,3210641,6172,-512,5927,77472,51082,497,730,174,3441,1900,117645,1404,6082,-956,-838,256,164,1324724,2645,16722,3793,23897.0,134792
7.443145752,1920,35929,-3924,-864,48276,8427,3116673,5608,323,6215,68838,51122,527,854,84,3192,1564,112818,1185,4599,-1714,-710,330,362,1326620,2689,15567,3154,22171.0,120722
7.443732262,1652,32486,-3883,-969,47010,7502,2931969,5455,342,5749,60682,50240,606,1262,45,2940,1542,109659,1858,4821,-601,-87,395,287,1334736,2798,15219,3652,21146.0,107777
7.444318771,1510,33804,-4382,-940,47219,8307,2975088,5426,-89,5321,60993,47784,2004,1582,60,3405,1909,113515,1445,5085,-1641,-98,785,257,1343258,2744,15873,3633,23266.0,110040
7.444904804,1843,34259,-4628,-1138,50684,7475,3190524,4511,169,5792,59363,48755,1603,1405,97,3394,1453,115415,1008,4982,-2022,-773,642,312,1350274,2642,15881,3567,22155.0,107451
7.445491314,1934,34466,-5364,-1224,51526,7476,3332878,4586,290,6221,59291,50436,592,1235,154,3296,1394,117246,1259,4770,-788,-1007,456,342,1350353,2997,16612,2815,19931.0,107753
7.446077824,2017,35303,-4958,-966,53596,8332,3384188,4507,-86,6444,59009,51102,508,931,120,3070,1447,115183,1498,4737,-898,-817,347,250,1358779,2386,16394,2758,19737.0,109168
7.446663857,1680,35499,-4968,-973,51291,7481,3276864,4947,416,6119,59977,52284,534,902,60,2806,1447,111662,1467,4629,-1155,-380,449,284,1353142,3160,15124,3546,20855.0,109584
7.447250366,1929,33428,-4873,-1176,48795,7252,3207546,4370,602,5469,52294,51958,714,789,108,2662,1463,107833,1398,4840,-1953,-1110,554,401,1355779,2549,15817,2835,20179.0,99273
7.447836876,1717,33940,-4613,-1046,52555,6911,3206077,4616,221,5943,53884,50836,767,736,161,2909,1635,109732,1299,4471,-1307,-934,630,217,1359490,2297,15267,3865,20538.0,101068
7.448423386,1868,33963,-4155,-1084,47696,7791,3076023,4642,767,6205,57238,54095,560,712,78,2489,1365,105401,1257,4306,-1832,-1550,431,271,1362289,2567,15311,3328,22462.0,105502
7.449009418,1906,34854,-4130,-876,48582,8379,3068203,4496,1067,5907,60042,51893,405,661,57,3053,1400,108203,1404,4676,-1395,-1123,301,325,1356366,2638,15193,3238,21148.0,109677
7.449595928,1591,30688,-4328,-1261,46862,6894,2962899,4272,912,5706,55411,49224,434,606,37,2817,1486,107429,1614,4779,-1997,-933,316,273,1356003,2196,15636,3799,20445.0,98856
7.450182438,1496,30867,-4186,-972,46501,6755,2946985,4863,599,6082,51103,45942,414,630,103,2957,1044,108905,1421,4421,-1661,-650,411,355,1359292,2913,15738,2995,18963.0,95084
7.450768948,1559,31632,-4019,-1239,44804,6792,2856018,4447,1070,5418,53419,48161,501,637,63,3140,1094,107379,1343,4759,-1912,-1060,438,529,1362690,1868,15156,3257,20044.0,97849
7.45135498,1690,32705,-2895,-830,42391,8931,2590772,4802,730,4689,58821,48539,376,574,171,2912,1510,98685,1335,4749,-1164,-887,328,183,1365843,2699,16069,3529,21358.0,106949
7.45194149,1651,31788,-3194,-942,42291,7931,2489089,4091,846,4403,62034,50250,347,699,71,2736,1566,96617,1774,5282,-851,-1066,352,251,1359806,2331,14910,2999,21078.0,107495
7.452528,1707,32513,-2793,-510,41402,9221,2359420,4299,1326,4206,63371,48188,442,625,92,2599,1286,92024,1138,4721,-1129,-1314,292,131,1358923,2247,15788,3161,22235.0,111111
7.453114033,1717,31495,-2417,-741,40085,9237,2246956,4745,1278,3818,61716,52613,432,686,83,2548,1101,86237,1392,4586,-1369,-875,391,283,1351930,2349,15186,3026,22610.0,108910
7.453700542,1996,36736,-3155,-921,44157,9761,2574808,5375,1162,4810,73229,51429,402,599,70,2729,1381,93857,1477,4922,-1651,-1541,236,331,1362146,2035,15846,4045,25847.0,127097
7.454287052,1847,40387,-3589,-747,50055,9667,2884846,6539,611,5172,79140,53005,505,775,105,3095,1657,103940,1761,4635,-1365,-1349,475,327,1374715,2501,15868,3587,26817.0,137580
7.454873562,2149,42567,-3380,-738,50574,9824,2940448,5749,291,5728,80359,52626,468,648,128,2980,1587,105239,1422,4592,-1145,-1251,371,173,1376628,2465,16426,3327,27054.0,140648
7.455459595,2019,39983,-3457,-878,48320,9406,2794467,5739,922,5195,75660,54442,471,655,82,3202,1326,103879,1851,4344,-1781,-1632,440,276,1375506,2860,16021,3831,25568.0,132807
7.456046104,2082,37559,-3225,-1179,43401,8880,2450781,5515,1437,4463,70073,52535,455,634,104,2842,1413,90302,1437,4495,-1612,-1174,280,258,1366699,1955,15356,2744,24729.0,124109
7.456632614,1962,38603,-2645,-622,44330,9419,2442456,5886,1478,5127,72091,51689,434,686,91,2830,1457,89270,1125,3835,-1593,-1033,428,239,1359385,2549,15634,3581,25479.0,127961
7.457218647,2099,36909,-2969,-812,40922,9319,2390091,5316,1311,4606,69287,53368,462,712,109,2715,1567,87939,2001,4216,-1388,-388,311,269,1354085,1659,15303,2897,24041.0,122930
7.457805157,2061,39844,-3468,-839,45900,10048,2643016,6276,1023,5095,77008,51955,473,774,163,2919,1959,98594,1500,5187,-1237,-1074,446,268,1362603,2577,15691,3261,27368.0,135237
7.458391666,1788,34743,-2464,-918,38305,8812,2196514,5037,1404,4124,64317,51734,501,693,29,2691,1441,82439,1336,4151,-1954,-701,462,357,1348085,1622,15034,3545,25298.0,114697
7.458978176,1675,33184,-2204,-721,37776,8111,2111821,4768,1947,3767,58110,52427,528,807,63,2402,1500,79397,1223,3534,-1058,-658,495,241,1345317,2545,15420,3723,24654.0,105848
7.459564209,2023,35744,-2748,-716,41708,8936,2346380,5353,1529,4353,64666,50294,553,749,64,2802,1314,84947,951,4053,-1344,-786,188,283,1354331,2271,15349,2724,25225.0,116722
7.460150719,2415,43401,-3671,-608,49721,11122,2903575,6428,387,5838,83731,49385,551,907,91,3271,1692,107945,1680,4566,-1378,-1542,359,364,1366290,3300,16427,3900,27300.0,147097
7.460737228,2006,39419,-3107,-971,46447,9829,2591001,5775,1037,5679,70781,51715,476,693,115,2915,1535,91886,1611,4197,-1268,-937,528,179,1357542,2602,15753,2881,25620.0,127810
7.461323261,1991,40319,-3223,-448,48923,11150,2881038,6076,393,5380,76907,51784,429,669,98,2950,1748,100288,1253,4908,-1196,-1066,346,125,1355716,1867,14700,3271,23433.0,136443
7.461909771,2585,42647,-3822,-870,51127,11575,3074491,6554,744,5901,80423,51901,437,695,179,3092,1601,108050,1990,4719,-1772,-1804,274,360,1354569,2360,16150,2814,23166.0,143784
7.462496281,2072,41508,-4023,-817,52587,10975,3110994,6154,653,5618,79610,51523,420,645,238,3124,1521,108349,1652,4825,-1288,-1597,413,271,1355014,1987,16699,3030,23761.0,140319
7.46308279,1982,37558,-3757,-1105,47705,10021,2845412,4975,952,5623,68687,54617,380,593,140,2863,1771,98926,1573,4918,-1838,-1936,331,287,1343324,1596,16642,2832,21821.0,123223
7.463668823,1970,38894,-3973,-1056,46412,10137,3022448,5408,688,5244,69918,51023,508,705,87,2532,1250,101909,1402,4965,-1496,-1218,355,150,1340943,2959,15053,3415,22261.0,126327
7.464255333,2261,41263,-3622,-1099,45354,11511,3067159,5902,1264,5106,72238,53041,370,806,114,2554,1530,103870,1095,4540,-540,-774,347,179,1339902,2426,15267,2531,21342.0,133175
7.464841843,2371,41370,-4108,-1136,45808,11134,3118050,6325,1778,5961,72481,52786,433,765,170,2750,1400,104944,1800,4939,-1191,-1049,393,284,1333135,1777,16830,3080,21992.0,133681
7.465428352,1784,34938,-3740,-980,40829,9177,2734822,5174,929,5096,64196,49411,451,689,96,2487,1839,99221,1244,4735,-1374,-953,270,177,1322603,2210,16373,2582,20656.0,115269
7.466014385,1636,32023,-2772,-847,35801,8739,2475843,4244,1116,4332,56954,48694,438,668,84,2265,1364,91059,1330,4172,-1447,-1093,469,180,1309510,2024,14906,3022,20789.0,103596
7.466600895,1570,27442,-2475,-849,30099,5995,2153103,4168,1649,3925,48935,48760,479,642,85,1717,1017,76873,1356,3593,-1297,-766,422,191,1283121,2050,14727,2543,17846.0,88110
7.470118999,1592,32614,-2948,-965,32755,9551,2235874,5532,1636,3783,74399,53931,467,867,107,1986,1579,84721,1430,3910,-875,-470,306,220,1245621,1882,14747,3139,20063.0,123688
7.470705509,1942,38295,-3160,-1144,38392,11337,2631195,7079,1474,4845,87056,52472,529,843,33,2448,1839,98414,1069,4315,-1301,-557,418,218,1267147,2253,14911,2709,21614.0,145709
7.471292019,2175,41695,-3018,-984,39301,12742,2553555,7356,588,4884,92307,57066,469,873,106,2579,1640,95605,1699,4911,-1420,-1004,452,279,1268568,2505,15115,2757,22257.0,156275
7.471878052,2047,38989,-3284,-1247,40089,12079,2522725,6095,1624,4492,85720,51703,493,827,63,2515,1838,93172,1485,5106,-1294,-1318,375,267,1272823,1933,15177,3017,24617.0,144930
7.472464561,2356,43618,-3381,-850,45425,13897,2803844,7110,1740,4986,90864,53129,475,765,214,2541,1923,103272,1646,5208,-855,-1295,396,296,1290978,2603,15118,2542,24622.0,157845
7.473051071,2775,49775,-3430,-895,48623,16091,2826682,8420,742,4924,109987,52854,472,933,38,3031,2185,103894,1977,5456,-1192,-1083,440,312,1308104,2182,15722,3209,30217.0,187048
7.473637581,2641,47521,-3422,-993,50214,14963,2808405,7043,1421,5333,103310,54521,583,1356,148,3238,2175,102250,1679,5124,-855,-534,671,306,1313141,2297,16193,4007,29289.0,175478
7.474223614,2507,49622,-3490,-802,49620,14857,2923391,8150,643,5538,109623,52336,542,1118,99,3035,2272,106861,1714,4952,-1086,-680,460,225,1328979,2579,16296,3093,30418.0,184759
7.474810123,3110,50179,-3896,-1115,50641,13889,2983047,8198,651,4839,104105,53649,502,952,182,3212,1511,105166,1993,5900,-759,-1547,442,296,1348765,2903,17506,2872,32460.0,179481
7.475396633,2805,48002,-3335,-935,49432,14935,2913706,7737,672,5623,101129,53112,531,893,98,3014,1812,104513,1773,5865,-1118,-1213,442,306,1346180,2085,15974,3657,33185.0,174608
7.475982666,2742,47216,-3495,-1099,47768,12652,2835385,7709,150,4838,97562,56605,554,1052,76,3247,1779,102981,1908,5350,-951,-910,723,267,1343642,1868,16558,2875,32773.0,167881
7.476569176,2337,43326,-3297,-875,44145,11679,2814034,7557,210,5544,93857,48313,576,819,110,3276,1550,106151,1728,5338,-1536,-1226,500,304,1351641,2491,15671,2807,31922.0,158756
7.477155685,2622,43588,-2884,-1058,41033,12262,2561055,7002,616,4948,90989,52263,515,900,121,2599,1878,95100,1309,4474,-1015,-789,423,233,1344625,1973,15619,4249,32137.0,156463
7.477742195,2254,43774,-3331,-834,42085,12769,2625189,7317,982,4935,90864,51032,518,851,211,2590,1745,95673,1208,4699,-926,-763,261,401,1350083,1722,15836,3335,33999.0,156978
7.478328705,2712,46410,-2920,-1019,42593,12932,2644062,7428,546,4917,98535,52046,445,828,106,2726,2100,96833,1446,4743,-1110,-1069,397,386,1345967,2488,16445,3748,33911.0,168017
7.478915215,2787,48074,-3241,-672,43900,12616,2782061,7140,428,5237,103706,51347,523,851,146,2353,2056,101212,2182,5258,-230,-1562,454,257,1348242,2742,16731,3735,34665.0,174323
7.479501724,2916,50048,-3965,-1153,44417,14145,2900173,7281,-2,5144,105382,53003,539,914,154,2805,1640,105387,1862,4984,-937,-902,389,208,1345789,2073,16114,3233,34441.0,179772
7.480088234,2760,46023,-3053,-874,41569,12588,2682952,7855,160,5066,94488,51668,440,761,143,2294,1713,96735,2045,4910,-793,-827,384,282,1341916,2625,15907,2816,32428.0,163714
7.480674267,2538,38774,-2834,-758,36677,10316,2299995,5763,1261,4383,76815,51751,410,633,49,2296,1415,83679,1378,4103,-1790,-1363,410,287,1331136,2252,15362,2756,28359.0,134206
7.481260777,1893,34301,-3066,-1286,36234,9223,2398091,5119,1254,4473,67545,51518,382,639,54,2199,1523,89480,1323,4350,-1276,-988,402,228,1320732,1622,15317,3116,24345.0,118081
7.481847286,2083,37653,-3638,-1127,47275,9292,2812351,5136,719,5271,74527,52058,443,705,97,2704,1539,99867,1717,4393,-1476,-1560,419,331,1337993,2268,15916,3474,24590.0,128691
7.482433319,1861,35914,-3874,-912,44098,8651,2960403,5386,183,5791,72702,44534,545,758,100,2858,1366,109161,1814,4477,-1582,-964,510,298,1343385,2467,15773,2418,23432.0,124514
7.483019829,2117,39580,-4462,-1407,50087,8960,3276274,5665,331,6387,75195,53108,470,707,88,3265,2133,111753,2128,4938,-2034,-1034,556,154,1353006,2689,15513,3536,23305.0,131517
7.483606339,1655,34938,-4359,-1109,43998,6226,3096437,4531,146,5738,60400,46383,416,613,41,2997,1555,106181,1774,4882,-2180,-1091,573,370,1348315,2219,16677,3576,19487.0,107750
7.484192848,1878,35905,-3813,-944,43657,7811,2791660,5105,1087,5530,60822,54102,512,656,88,2671,1378,96021,1340,4236,-1855,-1300,451,296,1337506,1846,15677,2887,21670.0,111521
7.484778881,1722,34604,-4278,-1595,49166,7722,2867851,4547,865,5693,57774,56134,430,626,102,2622,1437,96866,1012,3651,-1797,-1264,297,259,1340909,2537,15901,3125,18841.0,106369
7.485365391,1913,35611,-4439,-1419,48394,7112,3054770,4566,1374,5674,59237,58008,380,675,48,2629,1411,97724,1081,4753,-1387,-917,303,183,1340097,2184,15570,2610,19062.0,108439
7.4859519,1717,37689,-5614,-1449,52136,7437,3423628,5206,673,6417,62260,52384,551,785,80,2704,1456,108649,1722,4627,-1837,-1210,372,346,1347465,3466,15439,3370,19594.0,114309
7.486537933,1629,34732,-5195,-1733,50120,5978,3185279,4867,956,6115,55105,53063,469,609,69,2803,1191,103252,1232,4667,-1635,-1553,299,215,1337119,2070,15758,2965,18631.0,102311
7.487124443,1276,34411,-5009,-1514,50022,6189,3196657,4436,938,6121,54779,52075,468,628,41,2847,899,102217,1065,4412,-2109,-976,257,169,1333182,2198,15050,2798,18721.0,101091
7.487710953,1801,36023,-4886,-1630,50557,5558,3335193,5012,399,5994,50659,51560,446,580,56,2685,912,106183,1412,4741,-1959,-1099,544,350,1327165,2335,15028,3040,17829.0,99053
7.488297462,1982,37253,-5421,-1081,53317,6472,3364845,4927,937,6228,57070,46844,403,588,108,3024,1643,108435,1685,4663,-1614,-1216,325,190,1320715,2427,15015,2660,18973.0,107704
7.488883495,1959,38726,-5068,-1486,52195,8884,3391456,5717,691,5921,66826,50981,541,670,84,3029,1473,109869,1450,4567,-2324,-1912,578,275,1319143,2208,15993,2756,18859.0,122112
7.489470005,2153,38124,-5216,-1171,51467,7851,3368605,5219,777,5597,57492,51900,475,608,105,2966,1025,107676,1019,4195,-1392,-1599,461,255,1323295,2057,15513,2363,18265.0,110839
7.490056515,1886,38060,-5345,-1460,51727,8358,3344499,5294,304,6180,65896,48884,471,673,80,2973,2005,111665,1590,4326,-1714,-1003,294,228,1315868,2121,14532,2968,19787.0,119494
7.490642548,1724,37300,-4956,-1288,49615,8041,3305127,5419,561,6597,63215,51964,438,688,130,3073,1493,108636,1297,4560,-1934,-1450,491,439,1301356,2888,15497,3225,18801.0,115699
7.491229057,1966,39325,-4586,-1091,49396,8491,3279801,6224,364,6278,69124,50617,668,1344,145,2878,1061,106572,1641,5482,-573,-903,301,227,1294027,2306,14728,2907,19159.0,125130
7.491815567,1802,38195,-4671,-1496,50150,6712,3241306,5188,494,6983,63854,50487,1194,1793,59,3055,1340,105646,1276,4550,-965,-1185,391,247,1286999,2399,15868,2724,19715.0,115751
7.492402077,2012,39810,-4032,-992,50167,8464,3228800,5002,601,6668,70320,53694,523,963,172,2776,1719,109002,1250,5262,-1132,-1322,531,299,1296743,2204,15838,3014,20917.0,125608
7.49298811,2256,42195,-4543,-1388,49790,9069,3286072,5702,417,6773,72499,52503,502,925,140,3151,1352,107600,1420,5308,-1259,-1139,336,298,1308784,2957,14767,3659,20881.0,131721
7.493574619,1979,41109,-4825,-1432,51101,8477,3311911,5658,40,7119,69180,53443,546,1054,65,2903,1470,108192,2035,4882,-1558,-1067,460,276,1304817,2631,15847,3222,22783.0,126403
7.494161129,2222,41504,-4702,-1239,51345,9105,3284248,5979,-188,6213,74406,50317,474,665,75,2773,1519,108943,2229,5232,-1956,-1634,387,284,1305557,2835,15631,2659,21407.0,133216
7.494747639,2174,42685,-4769,-1038,51715,9916,3275406,6373,767,7260,77924,50456,425,721,91,2744,1752,109524,1431,5006,-1568,-1578,444,259,1309680,2435,15543,2985,23498.0,139072
7.495333672,2380,44518,-4062,-1126,50331,10329,3206963,6763,589,6730,88336,50290,512,731,157,3160,2152,108837,1436,5201,-1551,-1259,326,335,1322404,2739,16171,3170,25224.0,152326
7.495920181,2536,45721,-4520,-1294,51958,10590,3185641,6701,194,7206,91534,49975,534,784,166,3339,2012,110428,1724,5281,-1312,-1294,473,195,1331157,2747,15658,3868,26414.0,157082
7.496506691,2364,44168,-4729,-1029,50601,11111,3063362,6405,224,7261,92492,49356,553,753,158,3045,2132,106802,1225,5335,-1574,-1497,396,331,1334729,2026,15429,3822,27668.0,156540
7.497092724,1792,40109,-3457,-1154,43330,8637,2757645,6586,-189,5499,81914,47356,502,710,98,2750,1640,95808,1583,5194,-1096,-1085,362,202,1273588,3203,15340,3231,28698.0,139038
7.497679234,1854,42010,-4440,-1310,48222,9615,3052484,7207,458,6641,87551,47580,558,794,115,2941,1638,106116,1587,5529,-1247,-896,297,341,1306742,2891,16232,3021,30204.0,148237
7.498265743,1471,33645,-3145,-1167,41290,6524,2321497,5019,394,5564,68739,46979,398,595,48,2580,1212,82628,1391,4023,-1463,-818,418,402,1291278,2616,14980,3177,21683.0,115398
7.499438286,2025,39568,-2915,-350,51854,11026,2755801,7145,265,6886,85935,48923,548,885,133,3293,1827,104577,1399,5100,-676,-812,418,163,1359580,2845,17062,2780,28547.0,145699
7.500024796,2534,42909,-3244,-460,56075,12603,2950605,7260,433,6639,90388,46905,538,857,109,3252,1927,110652,1708,4652,-1387,-1243,428,326,1343522,2686,16114,4288,27938.0,155694
7.500611305,2588,45609,-3342,-272,60360,13926,2987106,6875,423,6127,92099,52554,504,838,40,3351,2139,110136,1487,5074,-1626,-1129,429,280,1349303,2342,16083,3542,27398.0,161097
7.501197338,2413,47214,-3313,-347,60747,14287,3066831,7464,160,6992,94973,53099,422,811,101,3687,2076,110846,1865,5828,-1231,-1451,487,215,1330044,2355,16211,3650,26310.0,166351
7.501783848,2765,47132,-3689,-481,59743,14342,3083052,7911,44,6700,97518,52612,482,871,48,3448,1977,111060,1956,5473,-1352,-982,412,225,1318586,2441,16882,4179,25373.0,169668
7.502370358,2111,43820,-3745,-352,57774,13208,3053503,7067,629,6850,96891,50925,451,739,58,3528,1867,110561,1515,5607,-1038,-1645,418,245,1317977,2518,16163,3750,25527.0,163097
7.502956867,2203,41847,-3010,-272,58908,12340,2988810,6533,266,6668,89875,54980,497,708,180,3365,2070,107966,1383,4983,-892,-1238,363,281,1313105,1822,17269,2960,24618.0,152798
7.5035429,2219,43751,-3357,-785,56882,11853,2983752,6401,-84,6061,88611,53367,490,778,125,3566,1810,105969,1122,4854,-1348,-1091,427,244,1322098,2715,16262,3128,25457.0,152835
7.50412941,2122,41881,-3220,-822,58488,11706,3024541,5887,-91,6747,86580,54830,406,667,126,3464,1715,105889,1668,5345,-1381,-1076,497,254,1327757,2085,16216,3498,24215.0,148176
7.504715919,2031,40869,-3624,-866,54897,11325,2984206,6026,173,6841,86061,54296,486,721,37,3422,2182,104552,1567,5049,-1231,-1313,538,295,1326835,2530,16014,3167,24305.0,146312
7.505301952,1840,38425,-3386,-409,55764,10787,2981806,5770,252,6541,79379,54175,518,697,77,3252,2189,103695,1036,5016,-1752,-874,282,264,1330335,2635,16276,3856,22097.0,136201
7.505888462,1814,37969,-4239,-544,55466,9932,3122670,5915,599,6755,72609,52914,397,657,83,3290,1506,103949,1792,4535,-2129,-1910,454,322,1332751,2300,15344,3390,21122.0,128239
7.506474972,1929,38390,-3835,-706,54390,9913,3104112,5272,194,6683,72959,55329,433,746,85,2926,1700,102884,1439,5167,-1587,-1292,425,319,1344331,2794,15859,3808,21273.0,128463
7.507061481,1685,37752,-4084,-540,55380,9551,3213696,5758,145,6874,68209,53440,936,989,31,3154,1257,104263,1435,5004,-1680,-693,376,230,1351965,2063,15693,3154,21326.0,122955
7.507647514,1843,36602,-3776,-847,54431,7998,3222263,5352,-90,6701,62493,52748,1704,1300,94,2981,1674,101646,991,4520,-988,-384,505,215,1347404,2150,16061,2800,20495.0,114288
7.508234024,1589,35072,-4473,-595,56242,7951,3203689,5099,823,7462,62323,49116,541,1093,69,2946,1422,101564,1199,4692,-1181,-775,395,369,1346711,2280,15623,3306,19392.0,112034
7.508820534,1670,35430,-4256,-1014,53604,8325,3273193,5061,16,7042,62219,50619,794,1200,43,2959,954,102495,1381,4524,-1447,-853,504,347,1355596,3174,15319,3390,18091.0,112705
7.509407043,1920,37379,-4836,-981,53008,8729,3365562,5144,331,6995,63675,52721,470,773,90,3316,1619,105578,1391,4541,-1519,-1039,479,258,1355095,2527,16124,3188,19301.0,116847
7.509993076,2072,37206,-4614,-741,52436,8751,3358002,5088,283,7216,61761,54629,410,608,65,2728,1220,103873,1020,4959,-1622,-1544,288,278,1348611,2869,15181,3412,19161.0,114878
7.510579586,1929,36653,-4975,-1173,52422,8899,3357841,4303,-171,6971,64307,52976,472,619,93,2951,1725,105593,1486,5276,-661,-481,516,205,1352908,2734,16017,3425,20243.0,116091
7.511166096,1893,36022,-4319,-771,52810,8803,3326772,5210,349,7057,62055,52113,498,578,63,3325,1164,103610,1561,4744,-2071,-1580,455,265,1350802,2578,15292,3988,18497.0,113983
7.511752129,1914,36382,-4553,-1098,50968,8803,3128091,5087,739,6873,61204,52369,397,718,16,2897,1430,99198,1033,4186,-1607,-1307,449,254,1348741,2472,15548,2915,19609.0,113390
7.512338638,2018,38221,-4217,-771,51107,8949,3137746,5355,583,6993,67386,54175,507,669,89,2801,1666,100516,845,4650,-1695,-1382,413,227,1345153,2243,15358,3722,19915.0,121929
7.512925148,1779,36702,-4192,-1128,49835,9568,2995477,5503,726,6569,66758,52636,456,617,36,2726,1450,95861,1486,4766,-1751,-1163,312,214,1346589,2089,16139,2904,19639.0,120310
7.513511658,1936,37595,-3905,-650,50527,9459,3014374,5767,619,6613,67616,51538,486,633,136,2818,1611,97338,1686,4350,-1622,-616,411,306,1347575,2616,15488,3103,20489.0,122373
7.514097691,2210,37777,-3732,-674,52022,10478,3104741,5168,688,6623,67246,53574,555,682,31,2712,1583,101497,1259,4731,-1359,-1019,491,231,1356484,3477,15113,3375,22209.0,122879
7.5146842,1768,39004,-4039,-1183,54536,10708,3276217,5513,-211,7582,73682,53169,660,884,73,3143,1673,109109,1820,4968,-1158,-580,299,155,1360833,2408,15919,3358,22296.0,130675
7.51527071,1971,40129,-4041,-900,55560,10767,3281249,5864,368,6975,75489,51426,629,810,117,3247,1721,109054,1520,4784,-1393,-757,218,233,1359230,2980,16170,3498,23774.0,134220
7.515856743,2024,42467,-4270,-810,52496,11791,3233439,5855,-115,6535,80253,53540,514,625,58,3294,1448,109908,1367,5394,-1192,-889,460,266,1357128,2516,15652,3639,24359.0,142390
7.516443253,2514,43863,-4123,-459,55512,11948,3261628,6129,604,6876,80378,53960,514,768,192,3200,1841,111915,2292,5481,-528,-1010,332,154,1362439,2470,16497,3195,24052.0,144832
7.517029762,2301,42601,-4196,-845,53578,12223,3250583,7001,534,5521,77867,54582,415,796,120,3175,1868,111593,1363,5404,-886,-1000,382,280,1357300,2441,15714,3518,25642.0,141993
7.517616272,2154,43436,-3975,-777,53818,11969,3215629,5885,89,6211,81686,53857,497,775,189,3290,1735,110215,1733,5651,-878,-658,327,160,1355992,2847,15261,3677,24616.0,145130
7.518202305,2297,42542,-4002,-572,54882,12295,3145069,6546,187,6432,82535,52651,535,764,210,3320,1640,109204,1918,5127,-1530,-511,474,320,1355708,1971,15810,3564,25033.0,146215
7.518788815,2398,41100,-3610,-923,52621,11962,2990736,6157,443,5751,81367,51109,516,695,169,3020,1449,107178,1905,4968,-862,-1159,326,154,1351883,2684,16061,2888,25495.0,142984
7.519375324,2243,41169,-3866,-556,52142,11324,2903542,6100,206,5710,78824,51726,491,784,69,3084,1573,104904,1850,4875,-1350,-1404,351,206,1349028,2281,14924,3254,24683.0,139660
7.519961357,1714,32499,-2943,-668,41309,8469,2310612,4446,1359,3703,60399,52320,624,623,32,2529,1465,90698,1249,3896,-2669,-780,356,313,1336226,2013,16254,3160,23015.0,107527
7.520547867,1969,39370,-3113,-359,50299,10401,2742380,5820,852,4904,73209,49292,479,748,77,2910,1450,100722,1160,4424,-1335,-1052,280,283,1345787,2365,15134,3573,25126.0,130769
7.521134377,2141,42500,-3632,-483,50262,11644,2905740,6286,399,4937,75759,51052,992,937,132,2929,1781,106553,1061,5101,-1729,-999,462,298,1350717,2398,14287,3448,26930.0,138330
7.521720886,2380,43018,-3051,-558,51009,11591,2849035,5679,140,4792,73641,50715,2376,1324,20,2972,1387,104746,2031,5021,-860,153,548,259,1343924,2907,15367,2491,28049.0,136309
7.522306919,2474,44320,-3221,-219,51580,12145,2872308,6399,299,4533,78805,50709,2197,1392,43,3546,1618,107903,2082,4730,-1259,541,540,356,1341806,2573,15755,3078,30772.0,144143
7.522893429,2354,43611,-3330,-544,50547,11054,2838343,6351,787,5054,75644,50547,1369,792,54,3466,1316,105668,1678,4630,-1518,-527,597,297,1347313,2225,14977,2706,30183.0,139014
7.523479939,2291,43506,-3299,-345,48009,12325,2844954,6158,309,4709,77937,51928,7428,1105,20,3103,1192,103497,1462,4716,406,1115,969,322,1327615,2442,16147,3154,29332.0,142217
7.524066448,2477,46195,-3460,-821,48346,12683,2906503,6401,866,4554,79426,52709,1944,1219,114,3186,1571,107763,1720,4778,-1456,47,424,258,1335211,2719,15468,3919,31244.0,147182
7.524652481,2273,42983,-2874,-338,49879,12326,2780579,6427,1016,5035,84945,51364,617,899,106,3294,1698,107151,1142,5019,-1586,-868,302,359,1320481,2226,15726,3547,30776.0,148954
7.525238991,2495,42773,-3284,-492,50425,12631,2761006,6828,643,4628,85203,50825,533,749,98,3210,1630,106196,1575,5082,-1753,-1099,376,193,1313761,3067,15451,3341,30429.0,149930
7.5258255,2396,44092,-2900,-684,47972,12594,2735739,6948,702,5096,86887,52623,421,768,145,3379,1970,104000,1570,4780,-1166,-719,515,365,1313040,2201,15070,3418,30281.0,152917
7.526411533,2776,45961,-2921,-399,49375,13027,2817799,7636,1011,4656,91679,52420,556,857,61,3335,1577,107485,1915,5098,-1452,-1250,402,307,1314767,2082,15440,3604,30185.0,161079
7.526998043,2370,44050,-3336,-597,47805,13341,2791933,7258,521,4352,88073,52371,596,882,82,3538,2075,108117,1080,5070,-1342,-853,341,216,1311004,2808,15703,3445,29906.0,155092
7.527584553,2496,45549,-2962,-496,48640,13040,2873145,7424,628,5173,94822,53171,500,731,97,3090,1715,109596,1703,5113,-1299,-1162,474,216,1310546,2618,15591,3087,30297.0,163331
7.528171062,2084,43172,-3052,-443,48805,13001,2790686,6348,865,4730,89560,53450,560,791,99,3392,2097,106587,1180,4353,-1810,-585,282,340,1307074,1924,14806,3319,27442.0,154165
7.528757095,2204,39865,-3419,-667,46095,11548,2734907,5817,969,5387,82401,51810,483,800,118,2928,2014,102020,1274,4455,-1415,-1387,309,282,1306848,2538,15322,3007,24770.0,141835
7.529343605,1914,41810,-3630,-813,48363,11604,2846783,5810,485,4908,80232,52298,403,690,75,3087,1939,102910,1603,4726,-1860,-1886,323,309,1304000,2441,15201,3153,25607.0,141370
7.529930115,2204,42445,-3433,-533,49876,12207,2910788,5852,268,5626,85535,54704,518,836,98,2978,1599,106571,1401,5141,-1520,-1385,466,285,1302877,2341,15733,3677,26034.0,148243
7.530516148,2220,40665,-3527,-536,47503,11199,2924467,5805,449,5666,79623,53754,517,700,88,3263,1724,104119,1726,5157,-2179,-807,357,275,1305070,2228,14708,2958,24326.0,139512
7.531102657,2189,38740,-4079,-563,50254,9720,3017305,5577,559,5949,75590,51775,505,785,116,3025,1242,106511,1579,4776,-1160,-783,260,130,1300077,2343,14709,2684,22099.0,131816
7.531689167,1889,38314,-3519,-770,49093,9458,3098598,5179,275,6377,70141,52772,559,725,117,3045,1597,104023,1943,5341,-1514,-648,446,205,1302992,2596,14561,3005,21120.0,124981
7.532275677,1943,38208,-4085,-708,50895,8704,3202247,5196,474,6035,67715,52601,457,622,115,2774,1595,106246,993,4528,-2215,-941,359,297,1306490,2538,15360,3070,19264.0,121766
7.53286171,1666,37764,-4426,-1214,51812,9190,3269494,4613,19,6372,64979,53118,458,643,125,2899,1246,108216,1525,4629,-1508,-1046,357,220,1322829,2274,14715,2590,18981.0,118212
7.533448219,1827,37163,-4268,-862,51495,8145,3237782,5159,315,6470,63106,51728,417,624,115,3135,1264,108573,1068,4891,-818,-1423,222,202,1327622,2052,15501,3830,18005.0,115400
7.534034729,1933,38043,-4090,-1000,48839,8745,3193493,5546,204,6714,65677,47939,398,617,79,3274,1420,107915,1258,4786,-1784,-1697,369,386,1340918,2777,14455,2995,19146.0,119944
7.534621239,1976,38521,-4357,-1011,51664,8835,3239441,4714,280,6556,64714,53613,418,751,100,2846,1174,106983,1338,5196,-1730,-1629,451,265,1342329,2649,14597,2611,18735.0,118760
7.535207272,1861,39649,-3931,-971,52205,9659,3177797,4465,127,6357,68850,50315,342,596,52,2920,1759,107366,1717,5186,-1272,-1620,274,263,1342472,2510,15464,3196,19487.0,124484
7.535793781,2065,44130,-4537,-847,53840,10993,3133996,6330,239,4609,83077,50491,558,764,71,3491,1835,117589,1103,5124,-2226,-1767,283,264,1351639,2603,16973,3470,26623.0,146595
7.536380291,1900,39237,-4433,-804,54664,9120,3259381,5541,557,6532,66844,53218,380,650,106,3287,1370,111372,1292,4594,-1639,-1758,299,284,1352116,2433,15774,3228,22351.0,122642
7.536966801,1947,40471,-4712,-982,55153,9572,3330946,5167,299,6934,67615,52208,460,607,82,3361,1920,112048,1873,4559,-1574,-1413,384,166,1353248,2740,16570,3714,20866.0,124772
7.53755331,1746,40802,-4555,-848,54058,9024,3336332,4896,495,6299,64320,52152,465,639,45,3271,1664,110533,1495,5222,-2090,-675,407,255,1351496,2501,15902,3824,23125.0,120788
7.53813982,1769,42272,-4860,-849,54494,9362,3369443,6004,40,6411,68123,52344,373,641,175,3126,1820,110485,1479,4761,-1028,-1109,259,310,1355556,3025,16450,3904,22261.0,127530
7.53872633,2069,41993,-4959,-1309,53488,9607,3376322,5999,195,6695,70739,53141,442,732,50,3193,1474,112229,1579,5366,-1246,-1275,323,217,1355498,1863,16626,3125,22799.0,130407
7.539312363,2225,42920,-5055,-976,54358,8820,3379193,5615,-33,6986,66599,53899,480,807,102,3126,1338,111324,1191,5345,-975,-1500,528,275,1360475,2512,15905,3169,23942.0,126179
7.539898872,2228,42100,-4607,-1228,52012,9553,3358992,5161,100,6581,70502,54048,469,647,123,3333,1485,111269,1644,4677,-1801,-1168,405,274,1361581,2112,16354,2288,23174.0,129544
7.540485382,1985,41836,-4325,-751,53397,9939,3355312,5340,332,7574,74565,52979,417,755,90,2933,1469,110738,1356,4825,-1513,-1461,322,385,1361170,2404,15785,2859,21596.0,133665
7.541071415,2081,44565,-4265,-951,52088,10975,3264052,5063,771,6692,74043,52236,524,812,110,3194,1829,108734,1568,5425,-1306,-1065,426,394,1357184,2354,16239,3068,23297.0,136727
7.541657925,2252,43444,-4568,-1027,51432,10678,3206697,5984,238,5999,76275,53290,533,782,76,3263,1610,108814,1436,5774,-1213,-1123,416,199,1360710,2642,15827,3385,24763.0,138633
7.542244434,2332,45361,-4178,-1310,54561,11094,3237182,6569,261,7024,87253,54897,478,786,99,3309,2020,112975,1565,5556,-1655,-1208,421,212,1362896,2642,16783,3271,24353.0,152609
7.542830944,2386,45057,-4101,-718,54695,12351,3110418,6798,226,6279,90161,51516,503,791,59,3411,1646,111306,1695,4983,-1722,-1344,434,321,1364565,2671,16594,4100,25254.0,156753
7.543416977,2524,45748,-3960,-638,53828,12711,3140380,6658,7,6069,90022,55202,510,768,77,3399,1551,110840,1504,5938,-1813,-1167,379,263,1360405,2854,17068,3640,25967.0,157663
7.544003487,2331,45865,-4005,-927,55142,11288,3193620,6529,626,6399,86599,56166,494,758,52,3273,1601,114090,2085,6092,-2794,-2220,395,344,1363166,2404,16093,3339,26425.0,152612
7.544589996,2247,46886,-4387,-952,53828,11398,3155478,6356,223,6115,86488,54433,563,841,60,3670,1505,112741,1524,5467,-1583,-1090,574,170,1363724,2509,16810,2573,26691.0,153375
7.545176029,2483,49119,-3925,-966,54331,11845,3154359,7084,8,6397,87497,55676,615,914,94,3240,2188,112855,1540,5149,-1187,-1604,322,257,1361926,2920,17042,3502,27789.0,158028
7.545762539,2135,48464,-3852,-740,54690,11681,3133480,7416,221,5690,90325,52590,502,923,119,3555,2521,113419,1584,5238,-1508,-1282,320,441,1363090,2592,16784,3279,28731.0,160021
7.546349049,2729,47465,-4010,-836,54135,11532,3148142,6954,541,5978,81799,54457,671,1229,129,3668,2100,116600,1157,5601,-1294,-969,594,340,1362424,2683,16650,3643,28485.0,150479
7.546935558,2543,49288,-3725,-872,53528,11425,3046540,6932,405,5781,80523,54439,758,1057,186,3281,1843,110414,1703,5411,-1794,-1105,558,349,1360291,3126,16152,2839,29752.0,150711
7.547521591,2546,47323,-3536,-787,51254,11306,2874582,6854,351,5596,87696,53214,540,720,86,3596,1854,105643,1609,5192,-2056,-1404,420,257,1354691,2819,16376,2629,27595.0,155725
7.548108101,2526,46262,-3343,-547,51277,11184,2905190,7345,869,6560,89113,52905,460,668,104,3545,1705,105163,1137,5304,-1494,-1219,330,179,1358616,2888,16611,3085,27798.0,156430
7.548694611,2232,46248,-3276,-780,51428,11518,2890558,7125,961,5922,88554,51163,607,815,101,3441,1549,105557,1404,5474,-1676,-1176,442,284,1355664,2590,15361,3373,27811.0,155677
7.549280643,2479,47262,-3731,-899,52959,12463,3039070,7474,544,6288,92746,52721,468,759,196,3464,1393,110888,1730,5321,-1110,-1302,393,376,1352975,2442,16607,3411,28408.0,162424
7.549867153,2710,48006,-4011,-735,54210,12469,3076787,7308,649,6134,94223,52034,457,703,138,3563,1855,111359,1865,5409,-1740,-1909,354,269,1354114,2577,16811,2976,28534.0,164716
7.550453663,2621,47401,-3892,-951,53750,12840,3034726,6143,680,5668,89278,53953,556,733,194,3382,1734,110793,1471,5292,-1655,-2138,324,379,1347065,2282,16325,3170,28438.0,158283
7.551040173,2408,46677,-3767,-1169,53360,12496,2983934,6439,523,5587,85850,53802,513,804,77,3436,1773,109193,1379,5111,-2292,-1488,512,446,1341648,2542,16968,3413,28080.0,153870
7.551626205,2337,47345,-3852,-824,54731,12219,3076432,7203,215,5089,86181,52743,514,738,102,3679,1966,111541,1758,5532,-2393,-1773,381,509,1343023,2368,16202,3139,27175.0,155285
7.552212715,2523,46179,-3771,-1094,52148,12109,2987890,6229,672,5450,78968,53527,529,720,155,3152,1428,107269,1437,4848,-2150,-1765,352,445,1319232,2622,15761,3678,24723.0,146008
7.552799225,2551,47174,-3513,-788,52992,11523,2893273,6911,410,4791,81029,52860,641,797,63,3486,1997,106364,1304,5051,-1856,-1276,292,242,1312644,2441,15962,3459,28064.0,149188
7.553385735,2393,47056,-3758,-497,55607,12773,3096024,6829,600,5351,82726,56238,570,987,124,3828,2132,110642,1325,5006,-1430,-1505,457,294,1308600,2297,16484,3703,27524.0,151777
7.553971767,2733,45427,-3969,-952,54302,11628,3171661,6231,401,6081,77663,54170,516,905,53,3724,1925,110259,1034,4841,-1558,-1325,409,199,1300348,2324,16412,3086,23991.0,143682
7.554558277,2149,42930,-4159,-1032,52599,10971,3037436,6170,495,5244,73888,53158,544,830,147,3437,1189,105568,1295,5320,-1596,-1255,394,220,1293414,1650,16097,3522,23597.0,136108
7.555144787,2400,39813,-3484,-631,49922,10457,2844142,5938,1213,5131,68505,51120,444,735,101,3076,1278,99752,1360,4059,-1202,-1541,355,302,1292880,2580,16074,3177,22723.0,127113
7.55573082,2155,40877,-4127,-1109,51618,8853,3123181,5609,135,5783,69802,48826,540,853,42,3154,1618,107475,1755,4977,-2009,-1557,475,306,1297770,2727,15853,3181,22601.0,127296
7.556317329,2111,42161,-3656,-1090,51598,10334,3008698,5326,499,5715,68982,51745,522,766,38,3467,1613,106451,1124,4582,-1286,-884,464,177,1295231,2659,15962,2407,22959.0,128914
7.556903839,1988,38838,-4213,-1136,52003,9696,3057819,5218,356,5428,66525,54360,454,723,102,3313,1362,106262,1379,4493,-1833,-1057,270,249,1295405,2041,15343,2756,22132.0,122265
7.557490349,2057,38952,-4273,-997,52493,9533,3054965,5007,1256,5992,66712,50320,1092,707,42,3042,1187,104699,1615,4320,-1261,30,974,194,1301171,2641,16259,2833,21436.0,122261
7.558076382,1786,38122,-4410,-979,52951,9714,2981494,4857,1390,5623,67628,50916,384,672,78,3154,1699,104311,1587,5016,-1405,-1190,441,228,1311254,2571,16450,3400,21255.0,122107
7.558662891,1952,39319,-3985,-993,52977,10094,3017590,5480,1078,5851,66089,52222,530,675,142,3116,1722,103358,1330,4198,-1903,-1294,433,295,1312134,2324,16487,3880,20839.0,122934
7.559249401,2127,39107,-3969,-762,52896,10460,3054977,4971,1362,5892,72491,48689,459,655,82,3348,1545,105838,1385,4889,-2217,-1344,341,425,1320849,2453,16332,3028,21292.0,129156
7.559835434,2155,39758,-4176,-1071,53566,10706,3053403,4414,309,5138,71855,54127,456,676,172,3063,1807,103967,1452,4912,-1452,-872,429,303,1329641,2817,15414,2922,21160.0,128888
7.560421944,2160,41370,-4390,-1153,53101,9632,3126190,5365,256,5631,72266,54855,536,605,82,3086,1765,103861,1087,5207,-2454,-1176,386,293,1337409,2561,17232,2934,21488.0,130793
7.561008453,2182,43568,-4947,-1207,54641,9608,3261554,5556,263,6159,74154,52809,484,798,170,3355,1539,108387,1674,5184,-1643,-1953,330,416,1341558,2687,17092,3836,22337.0,135068
7.561594963,2410,46476,-4374,-1172,54696,9751,3270061,5877,159,6338,67631,52789,585,784,51,3520,1840,109776,1611,4601,-1482,-800,922,305,1351556,2193,16825,3308,24300.0,132145
7.562180996,2466,43809,-4538,-1024,55085,10328,3290123,6065,-81,6260,74122,52101,398,748,198,3369,1797,109448,1629,5240,-1203,-1736,345,383,1349054,2280,17013,3369,22371.0,136790
7.562767506,2456,44602,-4310,-1090,53174,10214,3307610,6079,1020,6618,80201,53704,443,696,55,3365,1831,109562,1327,5288,-1793,-1827,529,304,1347550,1969,16883,3216,22455.0,143552
7.563354015,1908,42951,-4449,-1127,56849,10117,3274366,5416,-19,6511,74405,53508,557,751,50,3611,1834,108240,1067,4656,-2031,-1430,455,297,1347497,3009,17075,3006,20633.0,134797
7.563940048,2381,43902,-4346,-1098,55631,9861,3269837,5933,416,6684,79163,51097,559,721,105,3471,1516,109213,1497,4946,-1962,-1690,393,246,1348530,2523,17117,2621,22017.0,141240
7.5645895,2751,46223,-4209,-1179,55181,11081,3278283,6701,467,6441,85994,51406,503,761,179,3151,1440,109401,1943,4820,-1246,-776,468,205,1344776,2212,17142,3848,22963.0,152750
7.565246105,2444,46010,-4261,-937,55263,11413,3253134,6477,556,6669,86224,50384,499,748,111,3572,2043,110267,1369,5411,-2364,-2090,433,330,1350060,2894,16316,2793,23574.0,152568
7.56590271,2542,46184,-4456,-1192,54755,11680,3253596,6250,22,6144,84555,50975,546,762,138,3370,1688,110400,1678,5325,-2496,-1586,479,271,1348237,2603,17332,3019,24371.0,151211
7.566558838,2612,44624,-4696,-1139,54636,10676,3268374,6784,323,5944,78782,51045,502,625,106,3130,1577,109422,1796,5956,-1719,-1472,390,166,1352965,2466,16632,2396,22730.0,143478
7.567215443,2559,44499,-4506,-1058,52587,10425,3237708,6146,-37,5860,76253,52459,468,696,78,3318,1805,107868,1113,5075,-1760,-1883,323,251,1351517,2267,16671,3337,22068.0,139882
7.567872047,2362,45462,-4638,-1360,54377,10487,3213780,6049,269,5869,78987,51293,514,671,141,3563,1422,108603,1259,4509,-1803,-1762,508,297,1351208,2397,16598,3131,22654.0,143347
7.568528652,2488,46356,-3862,-1191,52978,11255,3176062,6674,196,6091,83663,51062,502,651,33,3347,1475,108892,1277,4612,-2256,-1663,361,243,1357638,2612,16613,2774,23775.0,150436
7.56918478,2395,45954,-4061,-1380,50692,11001,3061603,5963,578,5833,80145,50488,522,676,114,3286,1679,105007,1105,4236,-1876,-1339,398,181,1354560,2757,16933,3857,22562.0,145458
7.569841385,2398,47519,-4267,-1515,54425,12604,3134590,6679,410,6144,80049,52573,464,750,168,3325,1673,108054,1657,4915,-1844,-2041,374,242,1353491,2383,16301,2756,25408.0,149249
7.57049799,2290,47788,-4219,-963,55134,13075,3137085,6925,413,6118,78681,51468,465,746,201,3147,2377,108590,1184,5137,-1377,-1606,466,190,1352563,2677,17811,3394,24540.0,148759
7.571154118,2371,48521,-4861,-1274,55977,12892,3156438,6285,56,5868,77152,51569,523,851,97,3352,1985,108545,1968,5003,-1169,-1070,182,182,1353055,2952,16351,3631,25109.0,147221
7.571810722,2667,49081,-4176,-1203,53153,12646,3113318,6325,317,5910,77529,52025,838,1498,29,3177,1918,106766,1549,5635,-982,-636,366,305,1353810,2135,16806,2782,24511.0,148248
7.572467327,2453,50008,-4395,-1114,55642,13803,3140806,6223,486,6116,77352,49284,1487,1509,-30,3521,1739,106656,1549,5145,-2672,-986,968,400,1355092,2234,17212,2848,25244.0,149839
7.573123932,2620,49329,-4205,-953,53338,13545,3016834,6563,835,6290,74273,50937,560,824,138,3216,1785,102997,1652,4981,-1288,-1485,362,205,1350130,2373,16591,3739,24293.0,146330
7.57378006,2330,47907,-3949,-1165,52211,13307,2889445,6053,1065,5818,71420,49843,537,617,195,3201,1933,100210,1440,4513,-1559,-929,243,249,1351006,2381,16133,3618,23841.0,141017
7.574436665,2273,47215,-3467,-904,48156,13518,2733486,5928,1134,5525,70184,49477,508,656,152,2681,1820,94834,1420,4676,-1861,-1586,298,288,1339804,2238,16115,2553,23685.0,139118
7.575093269,2422,52439,-3114,-1191,46834,18109,2645368,6617,837,5889,73433,49667,460,721,60,2988,2348,94620,2173,4896,-1642,-1079,424,206,1337109,2267,15478,3440,23175.0,153020
7.575749397,2575,55696,-3247,-1139,49007,20250,2666600,6927,770,5928,79205,48364,503,687,53,3247,2609,97226,1201,4817,-2767,-2044,465,317,1339285,2011,16254,2627,23155.0,164653
7.576406002,2971,63864,-3028,-998,49849,29606,2597660,7006,638,6168,87691,50749,493,824,72,3283,3299,95761,1034,5371,-1816,-2480,616,427,1341943,2461,15688,3656,22131.0,191138
7.577062607,2728,59311,-3362,-948,49510,23279,2579742,6991,1311,5682,78349,49792,496,760,116,3354,2569,96893,1762,4895,-2150,-2020,524,292,1337686,2319,16684,3090,22334.0,170658
7.577719212,2861,58325,-3316,-1235,48570,22223,2604817,7129,370,4977,77952,48925,479,737,120,3377,2735,97470,1620,5060,-2455,-1869,419,265,1337891,2284,15382,3310,23853.0,168490
7.57837534,3249,62110,-3196,-737,49237,25949,2558615,7410,906,5554,79486,49406,507,880,240,3565,3247,96118,1385,5254,-1116,-1286,446,243,1339774,2337,16830,3213,22166.0,178204
7.579031944,3457,75511,-2342,-1104,45447,41328,2226370,7504,817,6260,86061,46066,619,1188,210,2996,4232,87994,1740,5809,-271,-1347,548,207,1333817,2216,16328,2982,21600.0,213861
7.579688549,3013,68114,-2908,-609,45019,34960,2370175,7278,1011,5734,81852,48717,774,1384,99,3222,3569,90401,1542,5584,-1329,-1417,656,313,1330990,1588,16291,3038,21364.0,195217
7.580344677,2794,57860,-3655,-1245,49105,24336,2645426,6503,1241,5819,75570,49267,599,1021,138,3161,2269,95810,1833,6073,-702,-1226,491,150,1312932,2236,15434,2811,19944.0,167063
7.581001282,3118,65687,-2766,-1181,46250,33712,2458586,6664,1635,6237,80382,48828,570,835,102,3056,3390,94348,2059,5514,-1955,-1285,457,245,1315560,2392,16001,3433,21106.0,189563
7.581657887,2279,53532,-3518,-609,49703,22029,2801187,6589,1202,5667,70727,49262,540,810,125,2898,2323,96898,1635,5456,-1507,-1109,547,182,1306260,2729,16067,2571,20671.0,155156
7.582314491,2011,47283,-4289,-1114,50633,14866,3009576,5556,708,6329,69236,48677,578,735,87,2921,2679,98812,1636,5550,-2467,-1934,549,335,1315621,2271,16262,3301,22517.0,138952
7.582970619,2234,43979,-5005,-1146,55872,11914,3205598,6330,709,6500,69587,47755,514,661,123,3013,2161,104316,1980,5046,-1609,-1590,422,273,1342815,2510,16285,2441,21927.0,134044
7.583627224,1858,39173,-5287,-1206,53610,7999,3270958,5263,675,6806,65095,51248,505,606,113,3304,1519,105370,1237,4200,-1752,-1296,376,305,1334658,2678,16695,3430,20066.0,119388
7.584283829,1390,34226,-4766,-1258,53198,5824,3117465,4877,404,6237,62480,46868,1112,745,75,3044,1516,103133,901,4660,-1199,-103,606,153,1347113,2683,15878,4205,20143.0,108797
7.584940434,1535,34552,-5202,-1392,53146,5609,3177733,5337,292,6563,63615,45437,526,602,63,3409,1643,105923,1229,4483,-2167,-741,310,312,1356591,2403,15462,3435,20953.0,110648
7.585596561,1996,36273,-5258,-1404,55620,6864,3354401,5422,108,6485,66718,45882,535,562,114,3470,1085,107561,1439,4613,-2054,-1513,385,297,1358235,2362,16360,3745,20496.0,117273
7.586253166,1655,34892,-5272,-1102,58113,6605,3312894,4756,68,6998,61160,45060,498,650,111,3076,1714,107531,1194,4787,-2323,-1646,413,396,1367896,2234,16029,3386,19285.0,109068
7.586909771,1847,37934,-5400,-1267,56445,7472,3361697,5442,683,7310,57573,47530,471,587,172,2986,1523,106884,1401,4215,-1451,-1099,246,269,1353796,2237,15595,2819,23012.0,110268
7.587565899,1470,35553,-6064,-1698,54281,5068,3382294,5218,-951,7576,63939,47236,515,607,113,2972,1401,107262,1036,4862,-1630,-1220,324,170,1377173,2212,16403,3487,20945.0,111248
7.588222504,1230,31818,-5253,-1190,52000,5673,3155678,5554,-84,7654,61728,46885,467,609,113,2975,1161,106222,1053,4746,-1843,-982,349,295,1343363,2711,15972,3500,20649.0,106003
7.588879108,1326,29759,-4797,-1391,46093,4829,2870132,4700,608,6903,57479,44037,640,659,195,2920,1542,102656,1567,5274,-1439,-786,291,247,1357147,2867,15882,3510,21855.0,98093
7.590848446,2084,41844,-4482,-699,53255,10882,3383283,5982,756,6580,72852,47569,606,778,84,3412,1639,114929,1016,4658,-3026,-2341,414,370,1849125,2724,17641,3416,17993.0,133644
7.591505051,2399,46447,-4568,-669,57080,11704,3636656,6112,910,7377,77842,49841,586,724,48,3282,1601,122800,1040,5155,-2509,-1765,347,285,1842684,2476,18401,3252,18439.0,144504
7.592161179,2570,49581,-5026,-249,51889,13223,3654542,6787,1064,7672,82138,48514,590,745,68,3060,1455,122747,1488,4738,-2707,-2060,622,206,1839406,2197,17821,2998,19377.0,154299
7.592817783,2731,50078,-4960,-739,48564,13859,3678298,6743,957,7236,86347,51210,743,752,94,2555,1829,124067,1721,5244,-3595,-2120,386,320,1835724,2257,19009,2411,20002.0,159758
7.593474388,2834,49855,-5079,-254,54602,13355,3696332,6652,1117,7495,86366,50995,643,878,27,3235,1509,122129,1461,5100,-2193,-1828,370,229,1830285,2609,18602,2957,20694.0,159062
7.594130993,2299,45934,-5193,-226,58622,12837,3569245,6324,1169,6564,79972,48527,658,802,122,3432,1629,120798,1104,5700,-2610,-2184,470,200,1831617,2265,18035,2949,20288.0,147366
7.594787121,2554,47448,-4621,178,60981,13207,3595216,6683,990,6703,83393,49713,783,834,36,3554,1427,126375,1568,5367,-3456,-2408,519,244,1831136,2001,18552,2451,18834.0,153285
7.595443726,2477,48040,-4846,-183,61705,12769,3568990,6960,761,5095,80290,49668,2730,1804,21,3709,1561,135667,1675,5687,-2644,-485,907,329,1838771,2308,19810,2510,20684.0,150536
7.59610033,2450,47561,-4474,-422,62354,13037,3552002,6792,757,5586,81424,51008,2114,2859,25,4058,1506,131645,1750,5328,-1148,-611,821,199,1840773,2442,17939,3618,21762.0,151264
7.596756458,2497,46899,-4949,-632,60902,12881,3583124,6328,252,7017,85287,51431,805,1564,31,3496,1976,122612,1211,5091,-1095,-934,449,334,1849292,2105,18555,2681,21340.0,153892
7.597413063,2726,46514,-4349,-18,60858,12467,3510640,6754,1092,7477,80261,48628,712,911,124,3467,1504,119533,1224,4298,-3022,-2070,629,381,1847336,2177,18440,3063,20512.0,148722
7.598069668,2431,46016,-4463,-197,57838,12586,3451794,5887,738,6324,82043,49749,595,732,167,3294,1294,116064,1453,4831,-3052,-2283,476,368,1845484,2356,18396,3123,20714.0,148963
7.598726273,2481,47400,-4108,-80,55889,12772,3377294,6338,977,6870,84891,49257,714,803,98,3345,1736,114890,1457,4571,-2450,-1544,384,238,1845535,2578,18041,3351,22779.0,153882
7.599382401,2351,45795,-4755,-458,54982,12057,3323299,5961,1031,6619,82366,50081,757,755,72,3209,1643,112544,1288,4358,-3703,-2440,482,371,1849093,2704,18358,2789,22064.0,148530
7.600039005,2500,45417,-4042,1,55028,11507,3295802,6220,1584,6896,79165,50404,717,762,64,3507,1764,113525,1387,4331,-3662,-2751,399,391,1850305,2242,18642,2982,22003.0,144809
7.60069561,2754,48231,-4708,-290,59173,12238,3517375,6575,821,7016,86429,49288,870,916,183,3800,1953,118947,1431,5086,-2631,-2451,609,280,1849410,2089,18939,3143,22065.0,156227
7.601352215,2793,49102,-5060,-1143,58557,11781,3527568,7234,867,7521,85088,50184,829,808,177,3640,1628,120237,1574,4850,-2852,-1706,376,308,1853540,2203,18018,3310,22295.0,155998
7.602008343,2745,50008,-4317,-504,57333,11659,3449895,6610,534,6834,87679,49609,880,956,124,3365,1987,118054,2334,4941,-3968,-2593,504,455,1852419,2124,18406,2487,21936.0,158701
7.602664948,2853,48632,-3859,-305,53519,12565,3304661,6166,1030,7038,85238,49729,733,745,34,3242,1806,112815,1361,4439,-2881,-1306,523,208,1849963,2384,18696,3135,23675.0,155454
7.603321552,2373,46843,-4211,-116,57158,11132,3296509,6211,925,6339,85173,46659,794,884,22,3670,2020,113872,1432,5198,-3533,-1983,606,305,1854372,2288,18453,2549,22817.0,151732
7.60397768,2668,49521,-4511,-209,56017,12460,3476794,7133,593,7146,88985,49466,775,845,164,3344,1540,117415,1584,5682,-2403,-2468,427,193,1858839,2497,18743,3018,23273.0,160767
7.604634285,2801,50077,-4522,-381,56990,12397,3519832,6857,385,7340,89131,50734,736,873,114,3697,1819,119640,1878,5284,-3429,-2269,501,299,1855955,1736,18756,2736,23731.0,161263
7.60529089,3201,50442,-5234,-745,58562,12726,3576406,7391,392,6862,91566,50142,743,859,105,3915,1817,121755,1871,4554,-2494,-1680,387,260,1854794,1927,18953,3172,22770.0,165326
7.605947495,2959,51614,-4121,-203,55883,11868,3498512,6468,443,6743,83341,51023,927,907,102,3606,1955,118416,1666,4711,-3547,-2375,608,442,1859244,2017,18300,2585,22989.0,156250
7.606603622,2759,51204,-4136,-498,55542,11799,3545207,6402,1064,7337,88228,49805,751,715,48,3618,1780,119704,1725,5187,-3052,-2324,546,249,1858225,2922,18466,3068,21155.0,160392
7.607260227,2946,50846,-4679,-612,56120,12393,3611786,7053,305,7958,91042,48960,782,841,207,3740,2401,121555,1925,5241,-2654,-2084,393,271,1857891,2311,18582,2575,21829.0,164280
7.607916832,2791,50627,-4744,-500,55320,11593,3612052,6380,793,7990,85553,49460,667,926,38,3433,1958,118684,1301,4709,-3019,-2286,366,396,1856814,2133,19370,2319,20462.0,156944
7.60857296,2836,50767,-5333,-436,54988,12636,3684955,7193,768,7589,86885,51161,642,819,114,3488,2184,119324,1744,5166,-3140,-2310,555,339,1862538,2273,18810,2623,20584.0,160317
7.609229565,2860,50275,-4733,100,59700,12030,3650360,6732,580,7531,84499,48635,590,736,168,3323,1655,118951,1773,4832,-3203,-2267,452,307,1862688,2914,17832,2924,19978.0,156396
7.609886169,2691,48294,-4831,-481,57025,12300,3575554,6299,991,7177,82345,51374,710,819,143,3323,1920,115146,1629,4772,-3245,-2195,399,333,1859290,2111,18429,3073,20416.0,151929
7.610542774,2516,47961,-4416,-453,56678,12160,3513901,6001,1639,7530,83113,51155,523,898,118,3451,1395,112930,1895,4509,-2148,-2119,454,287,1864228,2648,17645,2541,20628.0,151751
7.611198425,2769,46244,-3712,-397,57780,11563,3424009,6266,1130,7293,79995,50047,646,747,70,3570,1789,110865,1682,4869,-3484,-2648,445,287,1862286,2527,18721,2820,19009.0,146837
7.61185503,2774,47832,-4569,-470,58083,11626,3574471,6161,407,8166,81972,49026,644,882,117,3638,1587,116021,1447,4412,-3326,-2636,462,478,1861963,2420,18561,2970,20548.0,150365
7.612511635,2515,47948,-4554,-395,58340,12433,3565332,6544,984,7820,85214,50558,679,821,157,3899,1803,114679,1368,4569,-3953,-3305,408,473,1862888,1834,17684,3114,19970.0,154654
7.613167763,2658,50205,-4029,-397,58199,13008,3630355,6480,1191,7568,84525,49571,582,747,133,3567,1769,116193,1432,5255,-2496,-2698,414,290,1859976,2457,18102,2900,20934.0,156876
7.613824368,2579,49009,-4501,-218,58120,12331,3574775,6357,749,7434,84454,49324,647,758,102,3438,1743,113847,2030,5219,-2950,-1866,664,207,1858336,2118,19235,3709,20292.0,154730
7.614480972,2532,49175,-3968,-152,56003,12841,3407376,6566,1094,7198,88586,50172,610,828,38,2947,1867,109570,940,4760,-3036,-2107,387,283,1850816,2154,18959,2539,19897.0,159700
7.615137577,2736,47231,-4535,-534,51638,12412,3334604,5712,912,6526,80779,50050,566,751,200,3143,1524,105654,1616,4656,-2027,-2365,460,355,1851865,2170,18781,2138,20116.0,148870
7.615793705,2454,47427,-4514,-719,52569,12289,3363253,6502,852,6934,81750,51128,536,705,204,3541,1692,107256,1362,4932,-2214,-2550,346,324,1854229,2571,18300,2539,20842.0,150422
7.61645031,2763,49674,-4688,-270,56501,11891,3620909,6362,1048,7883,82980,48976,600,734,92,3724,1513,115068,1951,4637,-2735,-2494,464,239,1859030,2388,18623,2725,20354.0,153670
7.617106915,2533,47467,-4399,-80,57028,11229,3433060,6225,527,6927,75870,48155,592,835,48,3590,1425,109857,1546,4832,-3012,-2297,675,286,1858428,2406,18532,2746,20769.0,143324
7.617763519,2691,49305,-5297,-567,57097,11630,3561982,5889,746,7607,82746,49700,506,740,71,3322,1692,113620,1248,4853,-2910,-2704,511,323,1853027,2440,18532,3351,20131.0,152261
7.618419647,2669,52137,-4973,-566,56913,11257,3543139,6352,770,7812,77736,49190,510,813,182,3435,1415,114884,1375,4836,-1714,-2491,466,273,1855609,2374,18113,3277,21550.0,150151
7.619076252,2770,51093,-4469,-320,58220,12314,3591469,6771,458,7219,84969,48719,544,695,100,3842,1715,113622,1173,4729,-3316,-2692,454,304,1854280,1800,17652,3010,20396.0,157917
7.619732857,2758,51791,-4209,194,56945,11904,3532532,6455,747,7432,77127,49263,568,767,75,3605,1703,112697,1681,4541,-3460,-2365,484,327,1850947,1938,18262,2564,21091.0,150035
7.620388985,2756,50723,-5168,-560,54904,12266,3622379,6441,483,7230,86942,50544,564,858,38,3714,2029,113146,1637,4899,-3210,-2633,537,419,1852253,2052,18346,2615,19137.0,159128
7.621045589,2577,51781,-4454,-737,55186,12354,3619867,6972,930,7260,89263,49998,434,848,159,3293,1211,113238,1360,5297,-1853,-2716,372,416,1843465,2664,18641,2781,19351.0,162947
7.621702194,2509,49460,-4880,-315,59989,11258,3549972,5626,627,7590,84049,48136,492,864,157,4012,1405,111000,1646,4884,-1584,-1495,454,175,1840678,2398,18625,2534,17948.0,152902
7.622358799,2796,50417,-4125,-448,55920,12203,3501995,6366,756,7254,90010,49323,495,767,64,3753,1628,111766,1627,5001,-2870,-2849,358,300,1836970,2040,19470,3179,18739.0,161792
7.623014927,2622,50237,-4406,-392,58955,12360,3538717,6760,490,6243,91746,47949,539,736,177,3698,1593,112970,949,4402,-2286,-2625,329,217,1836651,2530,18706,2979,20058.0,163725
7.623671532,2546,50099,-4487,-703,58193,11961,3475718,7385,1035,7164,91747,48701,530,912,219,3827,1557,111113,1530,4615,-1464,-2267,526,367,1839154,2038,18687,2818,19594.0,163738
7.624328136,2854,49368,-4240,-334,56084,12148,3402540,6501,1270,6441,86687,50013,542,811,141,3481,1869,110015,1579,4880,-2391,-2412,497,363,1838526,2278,18167,2444,19784.0,157558
7.624984264,2841,51514,-4282,-236,60428,12506,3412046,7047,1156,7017,92778,49199,576,803,81,3569,2095,112480,1500,5367,-2781,-2606,499,365,1833625,2316,18453,3107,20510.0,166686
7.625640869,2840,52494,-4285,-525,62440,13244,3501190,7085,530,7340,105747,49597,522,883,113,3999,2368,118521,1750,4870,-2479,-2752,390,292,1840932,2654,18357,3462,21149.0,181410
7.626297474,2917,51436,-4691,-384,62074,12310,3509675,7322,302,7085,97188,50014,421,764,88,3983,1824,116028,1249,4935,-1881,-2423,368,332,1845076,2091,18823,2835,20551.0,171173
7.626954079,2462,48541,-4727,-429,62251,10857,3408778,7083,595,7276,86612,47829,632,895,122,3787,1923,112534,1352,4659,-2376,-2491,413,352,1842223,2338,17474,3353,20208.0,155555
7.627610207,2621,52460,-4579,-307,62366,12297,3491639,6757,370,7064,98915,49380,582,813,39,3680,2091,114873,1803,4866,-3112,-3097,486,348,1843562,2170,18595,3045,20722.0,173050
7.628266811,2557,50209,-4411,-193,61597,12751,3452987,7188,660,7080,93716,48965,570,939,143,3898,1789,115334,3551,4905,-2009,-2234,520,246,1848957,2374,18911,3244,20936.0,166421
7.628923416,2595,51048,-4441,-212,61771,13244,3423761,6967,872,6991,90840,47463,611,924,52,3883,1729,113608,1696,5295,-2591,-2035,399,263,1847866,2304,18720,3369,20362.0,164694
7.629579544,3187,51790,-4989,-697,59853,10851,3485509,6969,537,7525,83049,48786,769,1015,146,3553,1929,113085,1826,5105,-2841,-2545,496,382,1852984,2397,18385,3092,20997.0,155846
7.630236149,2417,50259,-4720,-701,60505,11383,3398338,7389,845,7348,81948,49376,415,930,36,3601,1570,111373,1330,4495,-2035,-2443,612,370,1847343,1863,19195,4310,22161.0,153396
7.630892754,2628,49759,-4292,-149,60875,12591,3398681,7031,667,7569,84555,48682,574,868,72,3875,1630,112197,1470,5280,-2140,-1865,563,172,1851269,2095,18298,2863,20979.0,156564
7.631549358,2528,50646,-4200,-656,59577,12240,3387509,6856,795,7670,87576,48339,536,1021,109,3738,1875,111390,1289,4625,-2245,-2110,391,382,1854233,2510,19025,2756,18702.0,159846
7.632205486,2928,51220,-4566,-630,59206,12084,3374617,6490,809,7623,86034,47830,767,1355,105,3832,2160,111484,1366,4115,-1846,-1717,436,364,1856505,2329,18699,3640,19145.0,158756
7.632862091,2545,51405,-5081,-1325,58524,11705,3405275,6355,592,7143,82289,49764,841,1374,73,3557,2058,110534,1315,4830,-1691,-1442,617,339,1853830,2302,18833,3579,20421.0,154299
7.633518696,2675,49723,-4795,-732,57184,11860,3368752,6547,703,7317,81558,50320,652,973,55,3743,2302,112262,1589,4658,-2839,-2265,679,314,1843792,2145,18089,3023,19455.0,152363
7.634175301,2642,50577,-4567,-417,58893,11777,3465550,6461,964,7581,83488,48381,550,815,69,3815,1604,111723,1266,5103,-3346,-2728,551,399,1852883,2457,18523,2861,19381.0,154945
7.634831429,2803,48187,-4868,-625,56964,10610,3485989,6711,1550,8060,80196,48087,371,757,107,3459,1611,112894,1599,5360,-1567,-2193,447,384,1852100,2170,17941,2953,18312.0,148507
7.635488033,2475,48694,-4964,-493,56908,11304,3515532,6734,1201,7481,81270,48796,538,749,137,3444,2002,112880,1507,4670,-2921,-2251,624,293,1852228,2194,18258,3196,18066.0,150477
7.636144638,2856,49197,-5150,-684,54415,11083,3525628,5957,423,7142,83970,49457,383,862,94,3435,1966,112924,1580,5454,-1609,-2700,413,286,1854681,2562,18752,2194,17679.0,153063
7.636800766,2287,44291,-4553,-417,54546,10138,3365488,6245,632,6596,71960,47254,476,743,154,3851,1715,109406,1634,4746,-1971,-2165,481,281,1846794,2030,17940,3328,17407.0,134921
7.637457371,2803,48058,-4743,-913,54486,9895,3436428,6049,847,6425,75466,49874,445,742,129,3377,2041,109122,1270,5106,-2074,-2264,346,244,1848631,2166,18303,2409,17223.0,142271
7.638113976,2928,49590,-4959,-836,55233,10161,3437305,6478,1364,6834,74819,46426,474,764,100,3413,1911,109763,1028,5089,-2538,-2298,414,197,1850761,1598,19159,2965,17610.0,143976
7.63877058,2803,49872,-5049,-592,55741,11255,3435583,6107,355,7438,76938,48540,536,880,128,3261,1665,110710,1114,4642,-2099,-1602,388,287,1849815,2560,18554,2762,19071.0,146975
7.639426708,2916,48510,-4128,-496,52294,11105,3499770,5756,546,6986,77911,51744,381,784,156,3163,1790,112394,1551,5100,-1200,-2031,447,233,1846356,2476,18679,3254,19617.0,146198
7.640083313,2504,48558,-5000,-991,52867,10221,3409769,5929,947,7331,80778,50068,509,766,107,3563,1639,108775,1634,4853,-2841,-2569,493,386,1849347,1911,18638,2471,18413.0,147990
7.640739918,2444,47986,-4898,-1022,54743,10308,3435089,6699,857,7078,78696,48175,415,773,69,3767,1910,108607,1728,5327,-2535,-2267,588,312,1850919,2193,17669,2120,19153.0,146133
7.641396046,2426,46736,-4455,-513,54306,11095,3401493,6213,1191,7192,75712,50396,497,822,147,3751,1634,108164,1432,4613,-2075,-2329,391,315,1849886,2573,19021,2251,18437.0,142182
7.64205265,2621,48382,-5050,-652,54005,10938,3435720,6087,950,6867,77101,48196,486,883,102,3513,1608,109459,1039,5078,-2071,-1917,414,389,1851612,1998,17208,2457,18398.0,145129
7.642709255,2546,49672,-5082,-732,55372,11559,3471036,6561,731,7267,80946,47035,585,905,53,3279,1965,112534,1336,4666,-2361,-1981,321,277,1848255,2122,17970,3259,19078.0,151284
7.64336586,2612,50171,-4880,-789,55055,12562,3448093,6813,762,7177,82542,47731,496,884,168,3581,1759,112413,1703,5245,-1943,-1926,545,235,1852880,2170,17693,2527,18855.0,154700
7.644021988,2689,49548,-4770,-922,54131,12542,3494391,7317,755,6989,84473,48556,440,835,71,3540,1672,114328,2073,5443,-2382,-2726,396,409,1852176,2189,18324,2514,19402.0,156569
7.644678593,2567,49473,-4795,-422,55082,12411,3459626,7080,1225,6204,86172,47064,466,861,163,3724,1337,114316,1948,4947,-1431,-2284,442,184,1854004,2674,18786,3485,19657.0,157703
7.645335197,2850,49698,-5157,-493,54718,12401,3459210,6866,900,6679,84894,45920,635,938,83,3255,2147,115249,1620,4424,-2112,-2227,583,239,1849625,1858,17433,2715,18012.0,156709
7.645991325,2391,49660,-5007,-614,57708,11909,3403436,6615,918,6389,86376,47595,488,842,101,3771,1433,112649,1753,4802,-1768,-1823,365,285,1849840,2120,18210,2572,18762.0,156951
7.64664793,2475,51154,-4417,-727,54966,13221,3390962,7142,1035,6230,85623,47432,506,828,115,3644,1709,113289,1759,4619,-1708,-1804,473,275,1843055,1550,18362,3487,19673.0,159615
7.647304535,2995,51843,-4476,-602,55356,13135,3393978,7793,714,6310,88926,46324,554,841,120,3359,1909,113164,1822,4719,-2458,-2328,460,273,1843776,2827,17600,2414,20001.0,164692
7.64796114,2827,52082,-4549,-953,54486,13555,3381340,7456,1238,5939,91738,48084,455,837,36,3434,2368,116009,2177,5367,-2362,-2632,410,386,1839803,1833,18132,3255,21384.0,167658
7.648617268,2978,51518,-4206,-716,54011,12999,3360122,6968,1051,6057,86117,48219,571,837,98,3371,1656,113895,1355,4596,-3502,-3108,587,513,1839597,1998,18284,3549,19598.0,160580
7.649273872,2618,49951,-4859,-795,52985,12535,3314554,6696,932,5610,81274,48051,568,991,83,3732,2007,111973,1350,5274,-2169,-2435,621,310,1836869,1804,17941,2809,18317.0,153074
7.649930477,3002,52310,-4617,-536,53963,14734,3262576,7081,1615,6132,90777,46635,580,839,54,3500,2109,111927,1962,5405,-3185,-2547,524,274,1830759,1870,18193,3074,20838.0,167904
7.650587082,2917,51022,-4419,215,50982,13695,3262560,7098,1611,5834,91729,46926,15059,1913,-79,3393,1792,108922,1520,4602,978,1870,2190,160,1822888,2025,17690,2522,19251.0,166461
7.65124321,3168,52534,-4634,-692,50050,14315,3207078,7259,1501,5796,87808,48155,3982,1423,35,3226,1797,108544,1762,4305,-1077,634,1299,247,1819268,2063,17480,2622,21120.0,165084
7.651899815,3108,52313,-4538,-511,52106,13722,3243720,7021,1045,6053,89545,45531,1021,1139,124,3418,1917,110002,1603,4666,-3192,-2163,757,335,1824847,2009,18103,2762,20253.0,165709
7.652556419,2916,52520,-4255,-479,53246,13834,3249086,7095,1484,6332,92935,46798,761,1024,86,3602,1857,112326,1213,4887,-2868,-2334,574,284,1828817,2258,16377,3275,21226.0,169300
7.653212547,3063,50688,-4336,-811,52500,13372,3180914,6739,781,6517,91098,47832,706,952,158,3381,2032,109668,1896,4766,-3062,-2440,683,297,1831597,2086,17949,2536,20714.0,164960
7.653869152,2761,51176,-3679,-212,52363,13676,3224400,7251,800,6392,92690,48782,483,854,90,3800,1910,110064,1223,5286,-2567,-3113,589,338,1831847,1973,17164,2087,20850.0,167554
7.654525757,2925,50851,-4073,-563,52396,13785,3270162,7031,944,6148,92221,47586,595,829,38,3499,2127,110580,1353,4977,-2756,-2408,616,182,1834968,2450,17335,2611,18784.0,166813
7.655182362,2547,49322,-3983,-671,53148,12603,3230898,7013,1353,6298,89563,49474,668,994,130,3618,2134,111465,1887,5222,-2538,-2944,477,428,1836955,2191,17992,2168,19192.0,161048
7.65583849,2685,49436,-4702,-1023,53421,12488,3187505,6820,1041,5803,89398,47752,630,839,104,3658,2291,110970,1719,4844,-3391,-2451,637,278,1836099,2550,17234,2475,19926.0,160827
7.656495094,2811,49806,-4100,-889,53375,11992,3197035,6522,776,5658,86565,47359,659,919,134,3692,1597,108064,1569,4943,-2358,-2199,404,229,1832920,2005,18332,2728,19734.0,157696
7.657151699,2897,49028,-4351,-479,53139,12145,3243304,6681,1098,6435,81744,46820,460,816,69,3373,1353,108101,1681,4443,-2445,-2682,422,362,1828120,1753,18019,2368,18562.0,152495
7.657807827,3096,48100,-4281,-566,51421,11687,3255422,6915,1722,6209,82583,45091,578,833,69,3460,1817,107998,1360,4603,-2790,-1678,396,297,1831495,2182,17559,2637,17140.0,152381
7.658464432,2375,45530,-4403,-626,53037,11202,3199442,6292,1425,6263,80263,45409,693,756,17,3631,1715,106896,1580,4047,-3280,-1837,448,247,1832120,2273,17950,2415,16013.0,145662
7.659121037,2537,47461,-4529,-672,52161,11400,3272053,6004,1192,6136,80946,46983,607,754,68,3543,1796,107703,1933,4321,-3327,-2527,497,321,1835348,1918,18100,2078,16840.0,148348
7.659777641,2370,47034,-5023,-1118,52114,11168,3234375,5837,1038,5994,80373,46104,496,722,119,3614,1712,106069,1472,4931,-2394,-2506,550,182,1839129,2378,17263,2355,16993.0,146782
7.660433769,2663,45522,-4701,-852,53813,9833,3242238,5831,998,6259,79195,44073,545,782,185,3474,2025,104613,983,3953,-2391,-2175,504,279,1835147,1888,16781,2485,16022.0,143044
7.661090374,2545,45385,-4210,-561,53160,10590,3221342,5433,619,6013,78360,47313,445,828,105,3474,1959,104295,1462,4676,-1517,-2237,354,202,1830959,1738,17243,2555,15905.0,142313
7.661746979,2037,43257,-5262,-860,55127,10087,3217764,6209,1001,5967,74364,45535,551,651,130,3480,2059,103695,1391,4549,-3026,-2613,456,356,1837603,1990,16916,2409,15302.0,135954
7.662403107,2420,44288,-5127,-634,54211,9729,3200065,6202,1254,6039,78142,46295,558,826,111,3389,1448,103887,1317,4644,-2623,-2731,504,207,1842228,1855,17056,2262,16617.0,140781
7.663059711,2180,44922,-4686,-724,55336,12139,3177999,6086,1129,5823,83039,45591,573,840,82,3164,2103,104747,1568,5079,-2138,-1741,469,190,1844463,2194,18070,2164,16611.0,148366
7.663716316,2780,44077,-4336,-829,54890,11063,3164761,5819,750,6510,75744,46084,626,858,135,3853,1727,103927,1688,4130,-2808,-2238,504,259,1838734,2266,17768,2538,15747.0,139483
7.664372921,2611,45782,-4340,-850,54685,11489,3163416,5978,846,5739,78595,45844,623,777,78,3145,2259,105624,1361,4091,-3458,-2473,473,367,1836173,2006,17990,2996,17753.0,144455
7.665029049,2760,44604,-4342,-509,53260,10357,3143040,5844,1358,6163,77110,45738,4895,990,8,3356,1739,103474,1686,4706,405,787,676,266,1841245,1877,17803,2956,17021.0,140675
7.665685654,2165,46660,-4383,-282,52150,10975,3110801,6079,865,5556,79081,47417,7994,1522,70,3503,2045,103544,1575,4248,905,1054,1164,171,1842605,2177,17516,3057,17766.0,144960
7.666342258,2682,46800,-4237,-765,52832,11693,3091974,6358,1309,5853,79876,45620,783,1459,110,3361,2096,104971,1926,4146,-1394,-1604,404,273,1842082,2639,18537,2848,17770.0,147409
7.666998863,2253,47069,-4452,-437,55004,11014,3098830,6434,1103,5222,84118,44442,548,910,45,3728,1834,103491,1633,4557,-2203,-2382,396,299,1842609,2024,18443,2432,17945.0,150888
7.667654991,2485,48002,-4463,-703,52415,11326,3064383,6207,1008,5750,84593,46336,633,953,80,3365,1905,102472,1444,4590,-2674,-2310,700,313,1840555,3050,17415,2760,18013.0,152613
7.668311596,2387,48327,-4396,-654,52436,10327,3045280,5817,1249,5870,81623,46693,1040,1037,133,3220,1943,104007,1944,4144,-2323,-1189,449,141,1841575,2222,18394,3147,18296.0,148481
7.668968201,2179,51717,-4342,-853,47882,8701,2902571,6349,1081,5336,73166,45986,3532,1392,37,3417,2102,99578,2047,4436,-1111,-264,800,339,1839462,2323,17931,2755,17759.0,142112
7.669624329,2537,49279,-4282,-1075,51487,10319,3077175,6612,1358,6007,77077,46430,4503,1785,28,3413,1423,102003,1508,3817,-1037,-397,1131,334,1836614,2176,18154,2254,17929.0,145824
7.670280933,2622,49209,-4697,-1351,53663,11235,3179133,6511,749,5842,85642,47878,687,1276,98,3415,1862,105749,1550,5087,-1611,-2680,588,305,1837621,2225,18390,2629,17188.0,155219
7.670937538,2797,50824,-4167,-616,54368,12602,3187690,7186,991,6288,91981,45220,667,942,104,3528,2058,108761,1237,5055,-3051,-2639,526,339,1838190,2165,18550,2591,17484.0,165390
7.671594143,2847,51528,-4224,-787,55699,12784,3214785,6520,150,5895,96293,47721,405,847,116,3560,1887,109517,1479,5076,-1849,-2287,392,278,1842910,1578,17342,2598,18085.0,169972
7.672250271,2720,51808,-4350,-683,58148,12925,3259497,7518,1357,6221,96683,47203,498,804,149,3321,2118,111206,1727,5503,-2474,-2184,432,327,1842073,2287,17863,2937,18528.0,171654
7.672906876,2674,50323,-4536,-566,57923,12476,3207518,6779,509,6209,97568,46109,486,837,150,3956,2183,111597,1652,4744,-2138,-2132,606,293,1840830,1696,18609,2800,19003.0,169820
7.67356348,2754,52652,-4542,-1194,59663,13228,3276853,7413,930,5861,101203,45281,507,834,156,3515,1565,113904,1669,5401,-2263,-2305,450,322,1842373,2065,18435,2533,19185.0,177250
7.674219608,2804,53209,-4551,-1039,57019,12583,3271646,7115,660,5826,99756,46654,496,816,77,3718,2014,114720,1432,5124,-3211,-3059,341,401,1848243,1923,18532,2577,19341.0,175467
7.674876213,3047,53451,-5012,-1003,57267,13710,3300403,7480,762,5637,103548,46881,554,972,84,3915,1642,115245,2116,5498,-1879,-1837,558,232,1845369,1857,18544,2959,18126.0,181236
7.675532818,2851,54233,-4232,-801,56142,13878,3374794,7768,914,6344,105498,45644,471,879,24,3582,1792,116968,1983,5685,-2434,-2538,623,276,1848296,1916,17475,3711,20878.0,184228
7.676189423,2972,56929,-4846,-1091,55472,14784,3432563,7766,825,6602,109559,46032,542,1011,174,3396,2371,120659,1744,5417,-1259,-1753,348,293,1849552,1779,18967,3339,20941.0,192010
7.676845551,3190,56576,-4727,-1219,55483,13673,3405537,7173,1143,5918,106646,46780,444,940,207,3631,2215,120724,1620,6251,-1197,-2494,395,315,1845538,2225,17993,2972,19987.0,187258
7.677502155,2923,56340,-5373,-1449,55305,13645,3422469,7503,614,5724,105227,48034,499,868,44,4091,1854,119953,1554,5626,-2666,-2749,520,253,1840498,1859,18753,2923,20880.0,185638
7.67815876,3003,56302,-5213,-1281,55703,13926,3367733,7919,1071,6589,106204,47773,549,972,137,3446,2195,120727,1616,5299,-2137,-2589,461,219,1832229,2894,18232,2902,21092.0,187354
7.678814411,2665,54894,-4937,-1496,54510,13107,3263677,7039,655,6192,102899,47540,500,978,156,3558,2461,119330,1295,5799,-1637,-2731,543,335,1824626,2062,18143,2875,20493.0,180604
7.679471016,3274,55301,-4730,-1213,56136,12939,3299726,6958,1042,5774,105661,47492,551,870,156,3730,1878,117464,1732,5488,-2454,-2094,578,296,1824746,2337,18751,2291,19983.0,184133
7.680127621,2862,55644,-4835,-1276,56729,13056,3288041,7436,972,6344,104550,48845,548,945,148,3371,1585,116841,1297,4869,-2133,-2832,495,334,1824817,1896,18932,3109,19305.0,183548
7.680784225,3256,55917,-4968,-910,57807,14664,3281618,8182,887,6339,110571,48039,510,951,103,3579,1715,115088,1805,5280,-1932,-1665,486,281,1825600,2682,18270,2535,19718.0,192590
7.681440353,2995,55364,-4413,-839,56539,14510,3232648,7202,1014,5292,107207,48271,548,908,182,3891,2237,113929,1424,5491,-1397,-2522,415,284,1825344,1753,18305,3413,19546.0,187278
7.682096958,2693,52888,-4555,-1058,52489,13179,3049949,7494,1010,5515,103072,49378,442,850,69,3354,2549,112510,1294,5257,-2271,-2938,457,295,1830033,2764,18094,3051,19381.0,179326
7.682753563,2959,53038,-4350,-989,53928,13301,3023588,7350,1367,5227,100935,48325,443,903,90,3621,2130,114424,1491,5860,-1352,-2571,386,334,1837917,2268,18061,3439,19555.0,177583
7.683410168,2867,58297,-4368,-954,60072,13908,3280271,8054,983,5728,113211,49110,530,1060,173,4010,2188,117906,1724,5773,-1816,-1795,535,258,1855087,2572,18900,2797,21483.0,196337
7.684066296,3102,58501,-4738,-788,60770,16039,3382607,8431,837,5646,112974,48776,526,984,251,4017,2333,118294,1514,5667,-2116,-2316,642,359,1854452,2508,18145,3387,22098.0,199047
7.684770107,3231,59493,-5412,-1278,60563,13664,3325859,7931,912,5605,111775,47191,571,1003,164,4107,2188,117738,1697,5441,-2722,-2682,545,384,1860013,2334,19889,3095,20744.0,196094
7.68557024,3324,58468,-5426,-1280,64123,13944,3473125,7633,820,6029,114005,47372,608,922,153,4013,1833,120046,1781,6324,-1415,-1498,292,167,1855302,1833,19426,3286,21793.0,197374
7.686369896,2932,58177,-5017,-1076,62837,14628,3459922,8257,548,6529,118862,50592,597,1082,162,4153,2320,123075,2000,6080,-1552,-1410,530,184,1856699,1887,19455,3141,21866.0,202856
7.687170029,2759,54328,-5126,-1385,64555,14554,3391088,8381,583,5998,118314,49686,583,1046,154,4145,2915,125421,1601,6127,-2483,-3189,453,460,1859269,2306,19870,3310,23849.0,198336
7.68956995,2455,46744,-3368,-41,46465,13676,2632367,6045,1250,4963,83804,45520,450,711,75,3209,2076,92695,1597,4345,-2158,-1714,446,222,1799323,2335,17325,2518,15656.0,152724
7.690370083,2359,46173,-2684,209,49008,14201,2742002,6851,863,5091,84918,43791,501,855,156,3311,1947,99432,1238,4432,-1746,-2567,469,261,1816715,2453,18770,2321,17437.0,154502
7.691170216,2747,48877,-3378,65,52447,15531,2885323,7276,1171,5811,92010,45624,582,1017,237,3675,2703,107461,1387,5043,-1900,-2352,536,324,1828252,2633,19198,2451,18035.0,166441
7.691969872,2514,48186,-3321,-164,52243,15143,2896111,7019,887,5385,91051,43769,491,858,145,4053,2494,109885,1443,5064,-2511,-2836,558,398,1824277,2087,17744,3517,18653.0,163913
7.692770004,3210,54913,-3165,-5,58313,17247,3150749,7500,552,6209,98882,47983,481,924,58,3975,2243,112660,1845,5309,-1834,-2152,432,273,1832465,2822,18756,3104,19050.0,181752
7.693570614,3061,57717,-3494,89,57517,17487,3231036,8729,1332,6226,102506,49511,621,1059,132,3945,2105,112738,1665,4866,-2364,-2390,522,425,1827393,2508,19452,2678,18905.0,189500
7.694370747,3081,55261,-3246,21,58444,16728,3199499,8077,648,6980,98225,48049,603,919,100,3839,2231,112728,2101,4891,-2961,-2451,792,368,1822877,2570,18925,2617,20220.0,181372
7.695170403,2718,54473,-3205,80,58408,17085,3121998,8057,375,5514,95534,47133,548,965,41,3975,2007,112288,1741,5596,-2673,-1802,442,313,1825643,2513,18221,3663,19434.0,177867
7.695970535,2985,52318,-3206,-62,54345,17286,3063106,7061,236,5491,102139,49495,532,993,98,3786,2452,111112,1377,5414,-2754,-2584,661,483,1827632,2019,18784,3281,19252.0,181789
7.696770668,3426,58387,-3081,291,59155,21963,3063735,8429,397,6266,112015,49287,539,1015,84,4093,2733,112076,1812,5632,-1976,-2005,605,266,1832196,2595,17803,3443,21000.0,204220
7.697570324,3073,61663,-3587,156,60965,21693,3167558,9116,595,6553,115839,48439,463,1056,110,4003,3186,113215,1643,5745,-1469,-2490,624,315,1833437,2554,18924,3171,19473.0,211384
7.698370457,3355,61687,-3270,-83,60914,19913,3174967,7871,727,6383,112747,49825,535,1128,158,4269,3100,113037,2021,5396,-1344,-1145,491,294,1839487,1778,19035,3007,20684.0,205573
7.699170589,3394,62207,-3408,195,60154,21418,3145899,8444,955,6544,112716,48507,419,942,141,3743,2844,110577,1896,5499,-621,-1988,295,356,1832292,2300,18466,2611,20705.0,208179
7.699970722,3072,59276,-3307,-63,57121,20663,3043001,8361,737,6701,106376,50562,416,957,122,3890,2610,108782,1720,5792,-1475,-2374,437,350,1828195,2822,19000,2381,19772.0,197748
7.700770378,3535,68564,-3563,-125,59535,27137,3068534,8527,642,6311,117389,47795,550,1027,144,4276,3273,109473,1862,6159,-1442,-2047,382,366,1834803,2232,18758,2410,20957.0,225152
7.701570511,4100,76511,-3171,-446,58511,33889,3048362,9154,519,6558,127296,49589,533,1203,140,4183,3735,110440,1945,6525,-934,-1899,606,227,1848940,2254,18347,2981,22827.0,250950
7.70237112,4074,78249,-3104,-362,58276,36199,2999396,10178,826,6721,129719,50906,579,1085,172,3993,4013,108454,2487,6984,-1757,-1755,454,207,1850100,2544,18812,4026,23779.0,258419
7.703171253,4094,80286,-2810,-113,56835,38972,2890833,10370,482,6263,132273,49282,554,1215,214,4255,4445,107362,2263,7069,-453,-1830,661,217,1845883,2369,18578,2869,22234.0,265995
7.703970909,4556,86985,-2269,205,55884,45576,2779335,10027,951,6834,135748,50440,497,1510,102,4262,4990,101723,2364,7968,-265,-1467,815,265,1841449,2392,18285,2854,22815.0,282892
7.704771042,4532,83358,-2368,-115,52557,41293,2818237,10334,851,6008,131790,48847,539,1211,188,3708,4524,103538,2381,7362,-1283,-1793,574,256,1854650,2454,17856,2903,24271.0,271307
7.705571175,4352,74935,-2716,-30,54026,34211,2879791,9528,853,6014,127324,49278,508,1176,170,4019,4046,104750,1916,6658,-886,-1921,512,305,1851203,2335,18649,2671,22259.0,250350
7.706370831,3550,66309,-2888,38,56651,25859,2990677,9109,1126,6095,122681,48927,530,1057,159,3951,3123,106086,1684,5890,-1413,-2150,505,285,1845940,2549,17347,3223,21574.0,227508
7.707170963,4176,65455,-3202,44,61217,22673,3195894,9825,433,6354,123898,49015,479,1012,97,4254,2622,112007,1975,6106,-1679,-1879,516,249,1846641,2550,18282,3698,23583.0,226027
7.707971096,3357,62336,-3839,-165,61010,19852,3236828,9132,433,5890,127854,50002,525,1072,149,4015,2275,114435,2282,6289,-1181,-1478,456,207,1847529,2275,18733,3073,22395.0,222531
7.708771229,3505,62537,-3922,-476,59137,19305,3270140,9588,40,6065,127635,50464,503,947,180,3959,2554,114558,1518,5471,-1497,-2052,401,403,1846462,2336,17297,2992,22264.0,222570
7.709570885,3451,63622,-3852,-197,60264,19730,3294278,8517,450,6252,130190,50586,576,1018,163,4077,2468,116067,2417,5609,-2671,-2501,688,440,1845371,2393,18654,3339,22087.0,225510
7.710371494,3331,61011,-3824,-149,58672,18655,3254186,8831,912,6035,122916,49845,547,927,144,3987,2946,114066,1806,5679,-1879,-2099,606,177,1854833,2323,18380,2704,22843.0,214744
7.711171627,3346,59553,-3500,-617,55487,18515,3128150,8380,1082,5756,115948,50141,531,946,118,3630,2577,110373,1349,5250,-2721,-2763,512,417,1855079,2736,17781,2602,21614.0,205742
7.711971283,3225,57136,-3254,-208,54114,18522,3060352,7883,861,5511,114539,49093,578,916,119,3517,2124,106069,1429,5186,-1775,-1879,405,287,1849825,2093,18350,2746,20384.0,201305
7.712771416,3419,57967,-3788,-556,56585,18062,3237212,8198,1169,5855,120243,50266,547,954,103,3667,2456,112675,1511,5518,-2790,-2847,361,470,1851956,2190,18637,2644,21451.0,207889
7.713571548,3711,59711,-3134,-423,53935,19152,3195058,8772,613,5412,123039,49293,489,966,165,3641,2231,110702,1381,5324,-1598,-2784,521,414,1842643,2317,17948,3231,21055.0,214385
7.714371681,3542,54560,-2936,74,47870,18265,2853316,7446,1091,4918,109330,49714,541,935,156,3209,2411,101399,1489,4388,-1619,-1515,439,277,1838597,2162,17543,3000,20902.0,193143
7.715171337,3287,54875,-3563,-101,48819,17417,3021697,8196,1479,5398,109235,49424,822,1728,88,3174,2122,104958,1719,5349,-630,-1182,696,159,1839816,2623,18414,2887,21060.0,193010
7.71597147,3034,56243,-3219,-36,50919,18812,3113490,8229,1376,5927,112636,46062,1192,2480,76,3393,2416,107762,1724,5430,-695,-1047,737,235,1840521,1930,17821,2976,20597.0,198954
7.716771603,3447,58908,-3685,-123,50295,19408,3138312,8334,611,5890,118214,49342,769,1133,64,3433,2181,108435,1607,5143,-2022,-1477,626,168,1844395,2478,18382,3603,21904.0,208311
7.717571259,3693,59709,-3376,-75,52506,20535,3160355,9189,910,5583,126501,50168,564,1112,106,3401,2183,110413,2125,5846,-1454,-1938,547,282,1851258,3256,17669,2859,23257.0,219627
7.718371391,3717,61647,-3229,30,55387,21153,3233380,9317,461,5561,131449,50625,528,984,129,3440,2369,112330,1803,5783,-1272,-1647,362,221,1845175,2718,17311,2175,22944.0,227283
7.719172001,3623,62988,-3242,306,57244,21846,3316041,9558,540,5749,133054,51120,554,1104,265,3663,2504,115205,2054,5206,-1475,-1901,524,314,1848767,2611,18222,3205,23610.0,231069
7.719972134,3766,62199,-2989,554,59053,22623,3287340,9849,832,5421,134506,49792,485,1019,124,3756,2957,115305,1901,5530,-1595,-2673,526,408,1848654,2265,18982,3010,24240.0,232943
7.72077179,3727,62043,-3832,-108,58395,20976,3287370,9855,361,5467,126681,49910,516,997,205,3856,2854,116284,2010,5472,-1560,-2401,696,428,1850347,3011,18158,2642,23378.0,223282
7.721571922,3685,61514,-3303,-193,56038,21032,3141737,9917,683,6286,126582,50568,442,997,66,3907,2340,113510,1817,5650,-1137,-2751,389,383,1847689,2281,18317,2571,23230.0,222730
7.722372055,3750,59758,-3366,-130,56723,20787,3100017,9313,1540,4967,128154,48263,664,1120,55,3611,2504,110648,1955,5028,-2438,-2222,612,380,1849081,2073,18136,3149,23229.0,221762
7.723172188,3563,57655,-3219,217,53235,19308,3043508,9720,1238,5449,124247,49445,539,1095,187,3940,2364,109594,2149,5195,-1324,-1830,528,362,1847946,2900,18483,3180,23768.0,214493
7.723971844,3583,58124,-3241,-133,54251,18502,3109810,8912,1190,5104,122413,48559,557,1143,154,3592,2175,111471,1832,5486,-1191,-2569,544,338,1848852,2041,18285,2727,24888.0,211534
7.724771976,3484,59281,-3087,-87,53942,20233,3208682,9525,863,5732,126740,49289,505,1070,196,3988,2603,113843,2402,5799,-1006,-1963,636,284,1854626,1903,18231,2411,24197.0,219263
7.725572109,3558,58879,-3447,193,54589,19416,3228468,9685,794,5762,121299,48614,418,973,161,3337,2325,111519,2222,5540,-724,-1254,276,235,1853421,2154,18009,2213,24215.0,212837
7.726371765,3537,59376,-3742,-522,55895,18577,3322168,8807,988,5512,117224,49105,469,908,94,3546,2108,112528,2043,5283,-2363,-2221,478,289,1849353,1965,18384,2987,22415.0,207521
7.727171898,3598,59913,-3630,-180,57076,18746,3255565,9387,491,5436,117563,48692,498,871,117,3731,1881,112804,1368,4980,-2236,-2151,616,327,1844066,2654,18062,3009,23433.0,209207
7.727972507,3211,57462,-3813,-80,57027,17716,3295596,8369,633,5879,112589,48620,518,910,158,3940,1680,110966,1823,5449,-2278,-2457,463,285,1848455,2306,18752,3165,20772.0,199347
7.72877264,3402,57102,-3805,-300,57432,17720,3344684,8378,1083,6239,115002,50125,657,1037,142,3966,2103,113853,1713,4947,-1931,-1513,608,221,1844140,1945,18322,2110,23064.0,201604
7.729572296,3096,56768,-3940,-22,59162,17595,3379353,8891,490,6019,112860,50452,503,931,231,3891,1937,114269,2227,5290,-1906,-2412,374,370,1841682,2509,18042,3034,21448.0,199210
7.730372429,3308,55895,-4059,-383,60099,16679,3395934,7445,448,5390,107384,49244,434,953,128,3530,2632,113969,1656,5381,-1397,-2527,495,416,1837810,2512,18398,2710,21605.0,190711
7.731172562,3211,55172,-4000,-150,58658,17333,3346642,8006,974,5919,110879,49643,634,1062,47,3808,2740,112601,1365,5654,-2223,-2420,468,287,1835718,2347,17548,2956,22065.0,194601
7.731972218,3318,56982,-4289,-1,58382,17177,3430464,8202,723,5470,111513,50446,547,944,124,3898,2215,114034,1983,5695,-1561,-2345,493,195,1844377,2368,19174,2960,22206.0,197192
7.73277235,3444,60287,-3840,-303,58350,19298,3404823,9442,883,5716,124400,50920,483,1016,226,3682,2092,117240,1554,5698,-1205,-2397,448,350,1843342,2313,18183,3110,22524.0,216871
7.733572483,3424,56703,-3879,-339,58444,17581,3463498,8879,1223,5668,113992,49676,615,963,170,3854,1761,117453,1540,5229,-2282,-2185,569,349,1842893,2820,18880,2912,22727.0,200579
7.734372616,3569,58500,-3918,25,55302,19562,3447462,8673,541,5721,113381,52038,528,883,176,3932,2339,116070,1502,5518,-2305,-2250,581,356,1842629,2444,17826,2919,22278.0,203685
7.735172272,3366,56292,-4373,-734,54115,17461,3407393,8234,1403,5210,105583,49230,528,949,122,3590,2217,112423,1686,5574,-2600,-2429,509,340,1836858,2145,18312,2798,21165.0,190936
7.735972404,3600,56574,-3847,-385,52817,17809,3312830,8420,1140,5010,109106,50029,594,944,125,3727,2367,111524,1365,4527,-2504,-2360,529,285,1833910,2304,18420,2644,20843.0,195509
7.736773014,3248,56462,-3478,-446,49424,16956,3149319,8234,1176,4825,109430,48829,482,858,104,3553,2229,106594,1704,5729,-1955,-3231,449,386,1835598,2493,19314,2464,20905.0,194330
7.73757267,3615,55778,-2948,-239,49396,17089,3016702,7655,1736,5365,106441,47743,480,896,52,3259,2427,102680,1308,4937,-1970,-2430,513,342,1834330,2413,17595,3135,20922.0,190578
7.738372803,3816,60761,-3415,-225,49150,19257,3151224,8355,1089,4766,114989,50822,840,1564,14,3225,2073,107288,1406,5070,-840,-1219,691,174,1845689,2575,17864,2748,21056.0,207178
7.739172935,4023,63474,-3928,-329,51843,19591,3378351,9151,363,5363,131403,50098,1633,2633,178,3491,2323,116448,1887,5154,-1735,-1708,1047,379,1852667,2103,18335,2458,23460.0,227642
7.739973068,3774,64404,-4167,-626,52155,20487,3316818,9833,1108,4904,130658,47545,631,1345,116,3809,2121,113387,1467,6321,-1065,-1513,427,284,1852794,1857,19068,3401,22740.0,229156
7.740772724,3947,63910,-3539,-117,52154,20091,3233035,9608,592,5425,129291,47941,544,956,114,3698,2781,112985,2227,5909,-1995,-2242,462,288,1847589,2336,18465,2229,23380.0,226847
7.741572857,3966,63094,-3670,-491,48554,20565,3205081,9241,1361,4811,124076,49159,541,989,83,3504,2214,108494,1860,5762,-1397,-1423,413,208,1851305,2689,17505,2927,22571.0,220942
7.74237299,4339,66555,-4098,-214,52365,20057,3370136,9625,541,5784,132107,48970,596,1036,133,3334,2301,114899,1971,6377,-1592,-1901,423,244,1850103,1967,18126,3394,23693.0,232683
7.743173122,4027,67516,-3598,-395,52777,20945,3440910,9114,-172,5445,135572,52575,569,1085,122,4034,2363,117180,2276,6239,-1581,-1805,426,228,1850873,2421,19249,2867,24604.0,237174
7.743972778,3876,63968,-4090,-323,53196,19965,3448023,9676,846,6142,131208,50603,676,1155,223,3614,2415,117433,1864,4840,-1726,-2063,496,296,1850221,2379,18282,2902,23341.0,228693
7.744773388,3848,63809,-4020,-245,53941,19211,3434884,9491,1239,5852,127083,51210,530,883,56,3654,2533,116397,1772,5701,-2272,-2106,734,263,1845915,2347,17301,3004,21864.0,223442
7.745573521,4037,63974,-3732,-752,52133,19790,3386148,9897,978,5854,129763,51337,551,932,75,3789,2539,113980,1777,5180,-2711,-2302,397,332,1848337,2822,19153,3138,23623.0,227461
7.746373177,3732,62285,-3618,-520,52144,19487,3387134,9332,919,5609,122692,50594,567,1045,288,3716,1727,114249,2019,5653,-1007,-1325,326,269,1843770,2477,17882,3269,22712.0,217528
7.747173309,3785,61763,-3876,-422,53864,18995,3419143,9026,1073,5951,119955,50167,576,1003,186,3292,2374,115251,1928,5388,-1608,-1915,483,189,1850092,2593,17689,3253,22569.0,213524
7.747973442,3744,59131,-3986,-399,54733,17685,3365683,8193,774,5447,113214,49235,525,1019,102,3876,2141,111916,1913,5380,-953,-1599,340,230,1842432,2747,18033,2579,21061.0,201967
7.748773575,3526,55884,-4312,-674,53659,16039,3328788,7843,1106,5428,110480,49061,494,880,233,3519,2089,110393,1631,5753,-1817,-2466,363,355,1838328,2402,18724,3000,19956.0,193772
7.749573231,3341,56161,-4127,-936,51266,15649,3291882,7755,497,5716,107400,48827,528,853,77,3632,2097,110568,1487,4882,-2185,-2234,536,250,1837054,2595,18956,2767,20375.0,190306
7.750373363,3290,56956,-4420,-769,51441,16308,3272404,8389,1174,5526,110414,50255,496,869,118,3408,2108,109822,1304,5062,-2061,-1854,561,255,1841219,1513,17334,2819,19883.0,195357
7.751173496,3891,61455,-3958,-931,53296,18642,3353390,8877,1189,6171,121799,49792,447,936,268,3806,2244,112621,1767,5627,-851,-1910,427,289,1839302,2132,18707,3220,20510.0,214664
7.751973152,3797,60927,-4102,-417,55682,18146,3425904,8693,671,4767,116665,51000,471,769,162,3791,2223,115095,1784,5473,-2630,-2526,441,233,1850337,2730,18204,2686,20813.0,208228
7.752773285,3685,60026,-4313,-259,56874,18375,3403878,8642,1019,5467,114553,50564,554,826,118,3867,2824,116248,1711,5392,-2551,-2059,325,215,1854458,2121,17930,3468,23582.0,205281
7.753573895,3470,61908,-3951,-321,56189,19857,3447749,9635,841,5320,122509,50799,496,1037,125,4058,2304,116409,1790,7085,-1073,-2214,401,329,1853602,2175,18990,3138,22763.0,217379
7.754374027,3795,63028,-3851,-29,55977,20122,3410332,9046,761,5422,122394,50703,1198,1177,225,3617,2384,114153,1541,5170,-2849,-2217,885,288,1853344,2626,18220,2864,21714.0,218385
7.755173683,3617,63559,-3444,-56,57122,21841,3322508,9457,560,4946,128675,48182,481,975,76,3896,2523,113563,2392,6289,-1794,-2537,581,302,1849248,2354,19249,3095,22596.0,227149
7.755973816,3649,61121,-3481,-196,52990,21551,3137333,9124,1100,5464,119499,46155,542,1006,151,3518,2649,107548,1698,5020,-1523,-1906,482,313,1847798,2863,18287,3099,22554.0,214944
7.756773949,3541,60641,-3008,-481,50399,19909,3013283,8437,1719,4949,115769,46584,580,950,162,3715,2353,102057,1562,5074,-2249,-2572,659,299,1845181,2218,18737,2783,22529.0,208297
7.757573605,3750,64261,-4094,-787,55103,21494,3227479,9024,1265,5734,124450,47363,556,1118,196,4109,2378,109960,1600,6175,-1236,-1935,530,270,1849519,2282,19123,3949,22802.0,222979
7.758373737,3907,68507,-4245,-794,55149,24126,3206933,9595,1097,5776,131548,49299,476,960,86,3843,3062,111078,1770,5638,-2259,-2712,746,521,1847772,2329,17978,2596,24324.0,237683
7.75917387,3819,65139,-3623,5,52112,24346,3039815,10044,807,5517,129110,48866,450,1027,172,3434,2537,105839,1604,6120,-1051,-2145,353,306,1845742,2505,18081,3123,23477.0,232458
7.759974003,4608,74127,-3696,-71,56450,28873,3257717,10587,314,6196,143298,48693,638,1159,163,4036,2585,112605,1617,6044,-1616,-1560,514,312,1850671,2180,18113,3046,26836.0,261493
7.760773659,4200,73212,-3106,-92,54899,27690,3221398,10533,243,5450,139238,49947,523,1136,222,3969,3134,111953,2285,6138,-1294,-2700,483,313,1848449,2184,17985,3198,24932.0,254873
7.761573792,4255,71183,-3802,-416,56281,25281,3247338,9884,423,5571,136800,48061,713,1227,127,4138,2711,112053,1754,5048,-1460,-1667,775,161,1849917,2761,17906,3249,27798.0,247403
7.762374401,3728,65467,-3946,-746,54668,22323,3243798,9791,389,5628,132728,49503,614,1046,237,3912,2965,112678,1782,5960,-1707,-2124,527,263,1843435,1881,18604,2863,26241.0,234037
7.763174534,4019,62614,-3651,-253,52402,19876,3130619,9265,177,5451,125241,47185,566,1038,162,3628,2464,109691,2316,6092,-1925,-2261,542,320,1839582,1821,18548,2476,28280.0,221015
7.76397419,3994,62475,-3423,-451,52779,19433,3201278,9380,621,5455,124441,50336,583,1053,57,3593,2907,112049,1886,5445,-2640,-2660,569,378,1837688,1995,17804,2874,27430.0,219723
7.764774323,3365,53506,-3389,-546,48884,17450,2897440,7613,916,4920,110215,47576,549,853,151,3235,2421,100807,1543,4720,-2537,-3063,342,369,1829681,1490,17766,2909,25685.0,192149
7.765574455,3128,49970,-2744,-101,44810,15547,2591313,7253,1682,4364,100748,47446,579,767,76,2997,1992,89795,1326,4522,-2423,-1956,281,280,1823306,1892,16124,2632,23992.0,176646
7.766374111,3097,51232,-2850,-309,45881,15385,2605831,7328,1552,4651,98829,47458,517,771,154,3272,1814,92000,1616,4127,-2341,-1957,508,249,1824669,2149,17878,2635,22744.0,175871
7.767174244,3533,54814,-2951,32,49044,16630,2827906,8760,1301,5013,114002,47022,590,936,73,3467,2023,100000,1866,4833,-1988,-2058,441,197,1831633,1529,17642,3583,25477.0,197739
7.767974377,3392,59700,-3940,-766,50945,17551,3075886,8365,772,4704,122736,47370,486,863,35,3856,2226,106868,1620,4962,-2526,-2574,497,307,1839651,2797,18194,2800,24714.0,211744
7.768774509,3801,60151,-3687,-449,52397,17929,3162758,7958,917,5359,122063,50592,595,1038,121,3668,2063,108723,1530,5478,-1707,-2853,566,283,1840847,2304,18198,3005,26028.0,211902
7.769574165,2993,57914,-3359,-664,50198,17053,3126106,8482,1221,5423,118491,47161,1136,1287,120,3694,1833,109088,2037,5013,-2986,-2224,516,241,1840651,2438,18637,3000,23710.0,204933
7.770374298,3728,59866,-3695,-254,52458,17848,3242260,8848,719,4896,122438,48023,604,985,104,4051,2420,109058,1989,5134,-1878,-2444,579,348,1838797,2530,17736,3001,25138.0,212728
7.771174908,3360,57758,-4010,-242,49742,17157,3122297,9033,991,4761,115369,46131,509,882,56,3683,2321,105679,1746,4876,-2745,-2563,536,296,1839199,1901,18287,2988,23596.0,202677
7.771974564,3423,58153,-4132,-668,51149,17460,3223682,8626,1077,5740,117992,47577,632,840,53,3621,2057,108150,1660,5176,-2712,-2040,698,240,1841402,2431,18178,2548,24349.0,205654
7.772774696,3225,58471,-3562,-281,55344,18308,3184304,8908,1306,5244,120846,46848,736,1165,108,3695,2348,108082,1614,5599,-2210,-2069,579,236,1831644,2227,18281,2368,24071.0,209758
7.773574829,2981,59380,-3677,-342,51534,19011,3148712,9009,494,4707,121591,46625,754,1491,124,3392,2567,107083,1666,5788,-1141,-1949,503,352,1831631,2260,18450,2498,24518.0,211972
7.774374962,3220,57278,-4083,-654,50646,17646,3093001,9437,1008,4336,117552,46962,708,1061,166,3142,2364,105214,1978,5384,-1745,-1532,438,266,1835645,1885,17119,3202,24519.0,205133
7.775174618,3469,61362,-3940,-469,51858,19669,2996462,10059,1190,4935,130131,47073,648,1054,216,3428,2196,105227,1660,4680,-2593,-2874,605,466,1836541,2568,17454,3160,25502.0,224690
7.775974751,3180,60125,-3712,-341,50663,19425,2959409,8783,1016,4638,121426,45710,679,1003,113,3493,2545,101957,2032,5555,-2590,-2942,540,329,1832235,1990,18165,2890,24823.0,212939
7.776774883,3039,55523,-2893,-141,43622,17824,2555041,7832,1238,3506,112636,45206,546,844,90,2901,2535,91677,1962,4958,-2396,-2544,459,222,1830899,1692,17855,2925,25030.0,196854
7.777574539,3116,56093,-3127,-616,43843,17120,2569587,7997,1996,4318,114252,44921,612,898,168,2962,1993,91364,1964,4682,-2061,-2484,437,345,1833058,1939,17217,2793,24294.0,198578
7.778374672,3445,63721,-4278,-580,47158,19194,2815837,9195,1369,4413,133592,45585,635,945,117,3379,2748,102062,1809,5749,-1629,-1739,351,149,1841790,2269,18223,2750,27227.0,229147
7.779175282,3699,69050,-3903,-264,52717,20777,3133296,10744,983,4726,142106,47200,670,942,142,3682,2867,110625,1884,5921,-2437,-3151,446,307,1848727,1874,18519,2747,29491.0,246376
7.779975414,3476,67664,-3970,-1087,53387,21772,3119859,10478,499,5257,149166,46932,709,1061,20,3914,2843,113535,2008,6138,-3391,-2265,534,354,1849755,1950,18181,3158,29972.0,252556
7.78077507,3669,68817,-3797,-1111,53457,21163,3169392,11252,877,5046,150260,47930,762,1148,51,3531,3050,114557,2159,6107,-2817,-2638,665,343,1849492,2329,18436,2948,29862.0,255161
7.781575203,4007,70997,-3425,-769,53171,22435,3178908,11497,391,4854,152429,47802,658,1112,158,3352,2623,115973,2137,5805,-2385,-2537,605,417,1853631,2103,18789,3161,30964.0,261365
7.782375336,3845,72309,-4519,-825,54919,21664,3264063,11050,363,5321,158542,47992,743,1265,57,3806,2959,118799,1567,6222,-1903,-2115,696,299,1857213,2377,17832,4110,30359.0,267410
7.783175468,3993,68926,-4124,-1001,46986,20070,3164206,10472,1066,5084,144269,49376,693,1097,119,3582,3199,116350,1909,5914,-2000,-1763,573,294,1854332,2065,17885,3289,29486.0,247730
7.783975124,4064,70632,-4226,-782,48603,20029,3343245,10597,789,4904,141630,49699,718,1133,66,3147,2574,119337,2008,5955,-2319,-1857,525,253,1847724,1959,18424,2595,32488.0,246952
7.784775257,3686,65778,-4220,-702,48365,18190,3244185,9689,698,4491,132471,49972,718,1061,147,2897,2324,117258,1949,5624,-2683,-2527,625,304,1848605,2021,17908,3074,31666.0,229814
7.78557539,3955,64864,-4352,-763,52040,18783,3234505,9984,1134,4918,136711,49718,533,951,206,3235,2560,117327,2089,5212,-1767,-2177,447,499,1846305,2106,18736,3012,30518.0,234297
7.786375046,3786,66079,-4357,-283,55151,18469,3303295,9860,626,5131,136935,46976,613,1154,69,3490,2345,118203,1930,5249,-1950,-1878,525,261,1852679,2360,18684,2716,30932.0,235129
7.787175179,3276,62660,-4493,-987,56329,18318,3291883,8922,573,4865,131187,48094,545,1012,118,3761,2016,116354,2357,5902,-2322,-2816,553,344,1854335,2352,17825,3246,28539.0,224363
7.787975788,3939,64666,-3813,-616,57284,18799,3294867,9714,936,4944,135832,50171,651,1131,70,3683,2839,117356,2008,6253,-771,-1703,428,140,1856701,1871,18941,3290,28067.0,232950
7.788775921,3567,62464,-4731,-997,56182,17657,3259641,9823,1126,5197,129232,50583,538,1204,143,4057,2440,116155,1948,5234,-1146,-1545,531,243,1853021,2494,18115,3002,26316.0,222743
7.789575577,3595,62347,-4759,-1079,56764,16205,3250552,9077,733,5324,126963,47730,620,1057,118,3984,2258,114630,2022,5514,-2490,-2251,509,339,1850599,1900,18207,3648,27621.0,218187
7.79037571,3485,58231,-4152,-680,56769,15911,3268601,8114,775,5133,116157,47691,527,935,94,3739,2653,111709,2055,5051,-2137,-1954,501,227,1842123,2603,18404,3470,24431.0,201898
7.791175842,3086,52718,-4325,-595,54543,14960,3240870,7397,976,5250,98953,47300,443,864,71,3645,2159,108367,1467,5925,-2338,-2880,594,300,1843165,1845,17810,3264,20896.0,177114
7.791975498,3245,54847,-4265,-505,55527,15380,3381701,7573,1199,5357,101473,47315,463,867,185,3579,2257,110845,1627,6091,-1820,-2411,253,371,1847531,2987,18265,3319,22779.0,182518
7.792775631,2612,49886,-4944,-956,52175,13636,3282800,6324,654,4864,93957,48228,448,795,59,3665,1753,108790,1993,5490,-2858,-2108,604,343,1842813,2548,18867,2350,20282.0,166415
7.793575764,3182,55957,-4755,-1115,54725,13833,3326154,7302,626,5235,103429,46801,510,886,125,3530,2160,111603,1552,5500,-1961,-2121,625,350,1843624,2168,17231,3108,19679.0,183703
7.794375896,3184,57428,-4000,-870,53029,14821,3045101,8375,844,5584,112450,46535,522,865,112,3634,2440,105960,1657,5057,-3286,-2867,654,368,1839776,2480,18726,2824,24325.0,196258
7.795175552,3009,57042,-4263,-885,51010,16107,3136115,8130,1142,4902,112937,46772,621,865,111,3557,2120,106909,1412,5181,-2908,-2360,364,379,1836608,2112,18013,2915,21932.0,197225
7.795975685,2995,56907,-4649,-705,51135,16364,3199182,7058,884,5132,98304,48271,589,881,133,3567,2515,105768,1288,4740,-2256,-2349,642,229,1829293,2462,18092,2804,20141.0,181628
7.796776295,2799,54216,-4203,-1126,50768,16512,3178783,6706,1416,5318,88996,48091,401,840,105,3688,2081,102555,1506,4750,-2068,-2544,427,334,1821594,2215,17892,2412,16857.0,169229
7.797575951,3054,58857,-4722,-1012,56473,17914,3261707,7129,1123,5334,97522,46188,554,896,82,3326,2481,106018,1620,5085,-2405,-2101,634,225,1817929,2276,18267,2868,18328.0,184476
7.798376083,3221,62718,-4455,-1115,53262,20879,3223109,7788,1015,5221,103373,49378,553,996,105,3223,2376,105829,1442,5226,-1936,-2461,600,323,1818143,2418,17591,2827,18259.0,197979
7.799176216,3149,62574,-4438,-1259,55731,21032,3253500,7687,-81,5303,107109,47655,404,949,133,3706,2690,105973,1314,5445,-1132,-2226,500,288,1822038,2349,17433,2799,19239.0,201551
7.799976349,3231,62129,-4604,-789,55196,19969,3265560,7668,705,5808,105952,49029,546,945,86,3812,2389,106287,1663,5349,-2306,-2288,383,382,1827406,2907,19204,4007,19289.0,198949
7.800776005,2443,50988,-3915,-982,45020,14838,2767585,6637,1094,4507,84753,44435,510,890,48,2830,1826,95699,1571,4146,-2020,-1733,356,183,1814832,1611,18163,2712,16617.0,159659
7.801576138,2783,54123,-4066,-983,48620,15932,2936670,7373,606,4572,99960,47265,500,838,78,3531,1809,100633,2177,5033,-2968,-2778,668,315,1830282,2400,18352,3110,21890.0,180171
7.80237627,3147,57769,-4515,-1039,52106,16116,3149112,7862,1215,5250,104079,43646,455,868,75,3478,2564,109776,1570,5347,-2514,-2412,487,267,1847920,2575,18509,3144,22566.0,188973
7.803176403,3225,58524,-4613,-997,58048,18192,3225121,8102,414,5640,107901,47885,521,881,81,3747,2087,109813,2027,6178,-2220,-3113,430,277,1852132,2508,18862,3477,22389.0,195944
7.803976059,2862,51416,-5047,-1407,58535,12647,3394986,7359,310,5415,101064,46272,486,813,152,3827,1868,111646,1074,5428,-2085,-2592,385,328,1862492,1982,18816,3171,19463.0,175348
7.804776192,2910,51702,-5057,-1435,58014,10955,3324677,7229,295,5057,98734,47119,509,782,51,3790,1640,109028,1466,5395,-2956,-2419,640,352,1864309,2212,17887,3259,20593.0,171530
7.805576801,2829,52602,-4774,-636,57468,12292,3296147,7432,870,5166,101341,44743,565,902,141,3828,1958,110413,1581,4964,-2421,-2410,587,301,1851880,1691,19243,3483,21709.0,176496
7.806376457,3227,59315,-5242,-1486,61745,13957,3646236,7682,219,5731,119704,51365,682,1012,222,4418,2619,125092,1741,5266,-2377,-2064,395,238,1855680,2363,19792,2521,26250.0,203885
7.80717659,3739,60124,-5423,-1284,61556,13523,3706086,8687,523,6254,122397,53630,540,921,39,4134,1659,125217,1927,6110,-2786,-3227,420,297,1871676,2367,20066,3273,26570.0,208470
7.807976723,2563,49265,-4214,-1136,48688,10171,2959799,6377,409,4697,94324,49475,590,820,122,3592,1486,101588,1647,4765,-2726,-2540,437,330,1841985,2691,17513,3603,23843.0,162700
7.810376644,2394,43719,-2815,377,55657,14964,2787545,6565,894,4704,86806,43336,615,872,63,3712,1562,100202,1294,4887,-2576,-2213,445,365,1842654,2147,17871,2591,18845.0,154448
7.811176777,2706,46157,-2577,527,56324,15090,2785624,6727,811,4445,88151,44031,472,779,61,3905,1706,105729,3649,4665,-2664,-2470,462,320,1833704,2314,18138,3039,20093.0,158831
7.811976433,2665,50570,-2757,663,56324,16442,2803111,7573,832,4437,100423,43298,618,849,103,3937,1860,106292,3011,5443,-2788,-2330,445,364,1837132,2022,17842,2945,20965.0,177673
7.812776566,3233,57365,-3233,737,61574,18472,3034424,8347,941,5692,111714,44785,590,922,82,4358,1818,108273,1837,5779,-2583,-2904,512,388,1835531,2265,17771,3143,22702.0,199131
7.813577175,3037,58149,-2742,531,56437,21083,2777042,7870,1482,5153,106307,44755,621,880,154,4033,2386,105397,2059,5423,-1415,-2199,326,244,1833036,2205,19149,2566,21475.0,196446
7.814377308,3123,57835,-2908,681,59095,19686,2962663,8425,1696,5801,108971,44628,572,809,97,4113,2820,107180,1476,5194,-2657,-2202,365,295,1836207,2159,18646,2497,21342.0,198040
7.815176964,2880,56342,-3414,174,59611,18084,3010406,8079,1726,5105,109404,47961,557,838,75,4264,1999,108291,1513,5529,-2079,-2307,452,301,1838360,2239,18333,3503,23160.0,194789
7.815977097,3185,57587,-2752,445,59152,18921,3019825,7949,1397,4962,104249,46397,592,864,62,4333,2226,107098,1844,5209,-2710,-2257,496,297,1838427,1625,17809,2640,22231.0,191891
7.816777229,3120,55176,-3447,453,57952,18206,2975087,7137,924,4943,102609,48693,562,958,123,3984,2378,106833,1395,4891,-1888,-2211,433,283,1838306,2553,18035,2751,21549.0,186248
7.817576885,3170,58415,-3397,598,61847,16746,3124430,7533,1206,5440,102249,47535,556,937,147,4219,1932,107711,1404,4982,-1953,-1682,373,265,1843924,2583,18381,3021,19747.0,188113
7.818377018,3318,55867,-3354,771,60712,17316,3126227,7508,1351,5590,100313,47462,625,902,155,4149,2285,105661,1607,5497,-2235,-2407,328,353,1838463,2153,18588,2915,20942.0,184322
7.819177151,3085,54638,-3064,708,57052,16360,3160249,6730,1185,4828,92961,50347,695,1003,184,4257,1917,103858,1594,4940,-2689,-3027,502,441,1842405,2168,18696,2291,19738.0,173774
7.819977283,2690,50934,-3904,-116,57363,15696,3173259,6405,850,5219,85906,47766,760,939,139,3963,1608,103228,1236,4412,-2351,-1304,734,224,1837068,2138,18058,2587,18489.0,161631
7.820776939,2465,48399,-3600,351,56518,15005,3140832,6320,1120,5125,79537,47714,624,887,53,3750,2016,100758,1173,5121,-2226,-2053,463,294,1826143,2643,18477,2869,15839.0,151726
7.821577072,1934,41922,-3357,104,50968,13936,2780263,4859,1234,4366,71143,46140,554,667,122,3408,1386,92898,1264,4349,-3194,-2873,419,380,1821647,2247,18206,2571,14451.0,133794
7.822377682,1882,35373,-2244,304,43246,10328,2331952,4150,1548,3706,58136,42962,458,775,45,2754,1282,77315,1476,3826,-2619,-2496,406,481,1819425,1761,16915,2253,13469.0,109869
7.823177814,1558,32497,-1980,671,38504,8902,2171674,3339,1418,3086,52989,40863,458,576,46,2696,1042,70712,1122,3192,-2892,-1681,403,188,1815577,1738,16104,2097,11274.0,99285
7.82397747,1562,35543,-2773,204,42251,10270,2406993,4160,1343,3880,59721,44737,501,702,86,2731,1468,79224,1147,4308,-2389,-2255,436,270,1824913,1612,17257,3364,13669.0,111256
7.824777603,1919,35830,-2956,47,43077,10151,2514351,4037,1347,3515,57032,46723,453,651,97,2867,1572,81087,1116,3238,-2832,-2349,422,375,1822763,1918,16487,2663,12331.0,108969
7.825577736,1581,35069,-2605,183,41336,9692,2496303,3744,1332,4281,56778,46376,499,594,62,2531,1578,79980,644,3215,-2804,-1778,629,346,1824877,1857,16328,2222,12598.0,106864
7.826377392,2004,39682,-2876,481,45603,10898,2676691,4759,1414,4138,66447,45997,617,688,85,3320,1538,84595,1282,4073,-2866,-2321,451,282,1826461,2325,17631,2502,12812.0,123790
7.827177525,2097,40980,-2283,235,43135,12269,2533417,4992,1201,4039,71635,47785,568,717,90,2688,1394,85575,1552,3668,-2351,-2164,390,228,1831663,1943,17109,2838,14889.0,131973
7.827977657,2215,41908,-2527,328,44618,12104,2627060,5164,1123,5006,74453,43831,596,673,158,3015,1465,87241,1233,4122,-2016,-1473,383,225,1828741,1583,16535,2041,13938.0,135844
7.82877779,2194,43490,-2565,428,47472,13236,2660806,5987,1636,5116,81076,45032,570,740,73,3378,1408,89231,1112,4516,-2945,-2216,557,425,1837677,1690,17499,2463,15441.0,145983
7.829577446,2613,49138,-4099,260,52705,15036,3116107,6120,1207,5987,86749,46955,657,750,166,3805,1718,99260,1510,4498,-2803,-1629,479,366,1835079,1609,18195,2605,16319.0,159656
7.830377579,2776,52474,-3307,219,52718,16401,3041289,6766,1632,5373,95406,46422,751,748,113,3645,1707,98727,1166,4330,-3439,-2177,503,405,1838857,2042,16977,2457,16344.0,173823
7.831178188,2449,49643,-3317,26,50799,15568,2906923,6097,1311,5594,84457,45369,676,834,99,3506,1895,97149,1097,4042,-2656,-1827,415,329,1838451,2437,17789,3161,16120.0,158214
7.831977367,2468,48065,-2755,592,50588,14707,2910004,5808,1224,5068,84866,45487,585,803,93,3155,1690,99648,1286,4313,-2120,-1924,653,195,1837577,2241,17515,2932,16479.0,155914
7.832777977,2324,46997,-2591,-98,46475,15165,2649369,5410,1446,4825,84251,46197,742,772,61,3194,1947,91992,954,4321,-3268,-1896,522,269,1841612,1795,16365,3002,16263.0,154147
7.83357811,2757,48896,-2533,291,46830,15071,2655814,5307,1243,4367,84935,46967,641,797,187,3560,1745,93396,1369,4643,-1793,-2014,392,244,1843064,2564,17550,2351,16208.0,156966
7.834378242,2812,53106,-2990,293,53353,17956,2843920,6575,1151,4373,90885,46184,650,872,194,3925,1906,100453,1191,5020,-2671,-2313,459,396,1845994,2591,17921,2483,16302.0,171334
7.835177898,3363,59088,-2912,860,52920,20818,2897103,7103,965,5284,103115,48449,604,854,-11,3522,2299,100116,1411,4788,-3464,-2484,732,463,1852675,2267,17912,2371,18178.0,193487
7.835978031,2981,60639,-3501,271,53402,22808,2833442,7117,1659,4868,99804,48233,591,970,70,3624,2442,99155,1382,4665,-2635,-2833,412,355,1853495,2389,18160,2544,19313.0,193349
7.836778164,3011,57934,-2572,63,52249,21540,2754964,6813,1510,4629,93439,49601,804,1370,59,3655,2099,95470,1724,5403,-1383,-1511,560,314,1855012,1792,17633,2553,18572.0,182737
7.83757782,3613,63913,-3576,590,57845,22528,3042284,8243,1339,5298,107432,49898,1246,1866,125,3980,2479,103391,1202,4954,-1350,-1531,547,401,1857823,1682,17821,2634,18799.0,205729
7.838377953,3434,65137,-3483,307,58033,24323,3048501,8117,997,5581,111226,49749,650,987,162,4032,2709,105495,1677,5461,-1750,-2471,390,350,1861058,1979,18172,3185,19963.0,212237
7.839178085,3425,65518,-3068,762,59268,23299,3055104,8815,1009,5393,112826,49373,626,926,141,4209,2600,107884,1308,5288,-2091,-2545,496,349,1860109,1769,18677,3202,20522.0,213883
7.839978695,3534,69353,-2782,868,59759,27276,3052652,8036,1711,5860,106346,47120,582,861,159,3843,2724,106491,1493,4774,-2645,-2549,348,328,1862818,1640,17220,2772,21784.0,214545
7.840778351,3527,69040,-2904,348,57987,26435,3112536,8241,895,5703,109829,50568,687,1010,114,4057,2304,108290,1748,6030,-1489,-2024,443,204,1864547,2600,18772,2757,20292.0,217072
7.841578484,4009,69948,-3315,413,56428,26128,3192345,7662,1058,6113,102026,48727,589,865,135,3776,2671,107592,2365,6129,-2677,-2302,520,313,1866284,2301,19841,3549,21086.0,209773
7.842378616,4225,82885,-2796,137,55037,36759,3065758,9054,1106,6524,113469,49911,666,985,181,4198,3250,105520,1839,6269,-2646,-2331,552,347,1864327,2608,19247,3447,21066.0,246392
7.843178749,3852,83818,-3242,478,54278,35108,3099872,8321,456,6763,108980,50002,1042,1166,71,4182,2938,107070,1717,6256,-2829,-1595,740,276,1864820,2186,19208,3266,20729.0,240079
7.843978405,3937,77606,-3473,71,54028,27431,3129212,8080,980,6425,93395,48953,1575,1356,93,4108,2689,105147,1714,5119,-3038,-1476,666,417,1866865,2108,18608,2218,22105.0,210449
7.844778538,4065,83773,-3136,114,52886,29001,3109545,7037,652,6042,89532,49586,1648,1360,169,4155,2636,103375,1704,5316,-2042,-1337,420,321,1866619,2520,17930,3338,21397.0,213408
7.845578671,5373,112045,-2132,493,46771,53898,2523031,8549,1482,6982,107174,45348,2938,1132,152,4203,4029,94777,2172,5929,-1194,-94,1139,209,1867800,2635,18259,2728,20559.0,287039
7.846378326,4958,98061,-2223,198,47343,46098,2571936,8130,1268,6268,103157,46228,620,1070,275,4016,4702,93121,1672,6255,-1370,-2497,493,273,1864742,2379,18277,2872,20992.0,260404
7.847178459,4203,86742,-2883,90,52926,37530,2926468,8766,1162,5812,108071,47379,590,952,182,4382,3573,103924,1759,5996,-1082,-2364,448,338,1865295,2267,18002,2816,19168.0,245312
7.847979069,4765,90978,-2956,5,52973,40752,2911396,8830,852,6643,112528,47977,648,967,131,4450,3697,101386,1273,5786,-2611,-2434,616,356,1869328,2795,18493,2577,20482.0,257853
7.848779202,4738,82760,-2964,285,54863,36255,3038411,8446,1194,6614,109804,49229,550,1080,150,4060,3299,104608,2002,6227,-1657,-1885,473,349,1871208,2105,18804,3451,19119.0,242003
7.849578857,3455,60750,-4033,119,58782,17918,3429988,6787,967,6316,95633,50398,561,924,219,3999,2165,110119,1657,5214,-1240,-1278,443,279,1867961,1749,18412,3255,17600.0,184543
7.85037899,3317,61759,-4076,-371,56961,21092,3288658,7171,520,6489,96506,49849,637,802,158,4199,2676,106798,1984,5132,-2507,-2293,428,289,1862771,1855,18823,2803,17138.0,189845
7.851179123,3027,52688,-4796,-87,59705,15384,3408432,6530,470,5842,92008,51046,574,841,84,4307,1987,109274,1332,4866,-3340,-3352,379,439,1858351,2080,18925,3012,16565.0,169637
7.851978779,2975,54549,-4447,-173,60147,14843,3412870,7448,355,6075,91343,49225,486,787,88,4427,2154,109605,1671,5525,-2632,-2338,392,327,1851370,2863,20235,2978,17926.0,171158
7.852778912,3040,55107,-4109,-141,58250,16642,3291930,6834,502,5805,89674,48257,618,965,121,4415,2525,108765,1377,4622,-2595,-2477,557,346,1855311,1927,20151,3142,15635.0,171297
7.854030132,3141,57593,-4242,-210,58252,15330,3400973,6911,748,6453,89269,49877,585,833,168,4651,1708,108356,1737,4993,-2287,-1701,455,153,1854693,2800,18491,3111,15580.0,172244
7.854030132,2670,46761,-4080,-780,54878,13009,3191127,6434,362,6292,88658,52654,554,785,117,3581,1421,104666,1386,4424,-1616,-794,367,261,1324609,2454,16287,2419,21508.0,157532
7.854830265,2510,44211,-4184,-663,55654,11171,3292040,6671,387,6298,84932,54558,579,717,131,3469,1441,103658,1336,4996,-1549,-666,499,223,1335883,2632,16374,4032,19213.0,149495
7.855451584,2342,42737,-4670,-968,54423,10235,3356133,5392,568,6303,80002,54096,580,675,90,3277,1862,103410,1752,4516,-2058,-924,457,249,1333627,3228,16636,3494,18722.0,140708
7.855987549,2213,42379,-4383,-773,54847,10879,3315349,6065,856,6298,78953,54155,639,736,97,3372,1288,103260,1210,4525,-2121,-1334,328,294,1334022,2449,15658,3536,17832.0,140489
7.856523514,2231,41800,-4244,-908,51143,10554,3280467,5564,533,6789,76618,52430,752,768,81,3371,1280,102205,1879,5134,-1642,-1023,448,208,1342787,2621,15358,4213,18172.0,136767
7.857059479,1985,39306,-4734,-1043,53203,9290,3270998,5823,665,6480,71422,51242,577,801,127,3246,1173,101001,1444,4753,-964,-803,397,232,1342841,3025,16055,3548,17351.0,127826
7.857594967,1999,39995,-4711,-1129,55074,9269,3286517,5486,259,6647,70685,52373,541,691,121,3134,1623,102082,1354,4677,-1797,-950,363,266,1348302,3343,15615,3650,18433.0,127434
7.858130932,1938,38647,-4277,-821,55704,9271,3285190,5583,137,6301,68269,53045,475,581,50,3258,1929,101952,825,4596,-2382,-1595,302,351,1350150,2782,16833,3240,18123.0,123708
7.858666897,2122,39703,-4482,-918,54866,9220,3262517,5569,414,5845,72225,51562,560,767,84,3542,1397,102537,1325,3824,-1987,-850,329,393,1354071,2630,16519,3122,18619.0,128839
7.859202862,2078,38773,-4260,-904,54486,8560,3204477,5437,376,6155,69532,53126,452,661,86,3409,1442,102045,1427,5098,-1809,-1390,423,293,1361508,2278,16074,3476,17329.0,124380
7.859738827,2055,39165,-4611,-1305,53403,9057,3185348,4915,635,5939,67699,53254,1336,948,77,3342,1489,102813,1321,4064,-1544,-144,460,284,1363181,2492,16937,3377,18513.0,122891
7.860274792,1837,36779,-4500,-894,51172,7601,3103388,5491,349,5504,63391,51971,3573,1149,147,3378,1465,99533,1033,4428,-36,252,851,151,1361079,2883,16439,4435,17590.0,115099
7.860810757,1894,38640,-4346,-815,53596,9306,3130216,4886,468,5588,67784,52030,670,803,30,3429,1058,101470,1584,4816,-1916,-1393,373,215,1366074,2734,14757,3146,17788.0,122510
7.861346245,1977,40464,-4445,-1185,53024,9898,3157977,5623,371,6014,71696,53343,493,721,126,3155,1858,101784,1341,5085,-2129,-1539,375,328,1369911,2446,15546,3607,16782.0,129658
7.86188221,1967,40177,-4572,-1133,52669,8986,3242606,5189,373,6205,70945,54148,448,815,125,3600,1818,102295,1329,4870,-1084,-863,492,247,1372167,2922,16777,2669,17996.0,127264
7.862418175,2054,40277,-4081,-842,52577,8879,3180279,5744,-35,6113,69367,50420,485,804,56,3585,1281,102287,1863,5299,-1825,-1348,329,308,1373426,2496,16421,4123,18478.0,126321
7.86295414,2001,40479,-4171,-914,53245,9758,3223513,6607,821,6752,71395,48684,892,1058,146,3351,1419,101990,1578,3756,-1588,-526,467,280,1366156,2420,16279,4223,19530.0,130240
7.863489628,2174,43165,-4231,-761,56287,10409,3287291,5923,43,6458,77395,52913,987,979,104,3436,1224,100914,1565,4643,-1951,-939,456,236,1369499,2482,15521,3715,19951.0,139066
7.864025593,2411,45549,-4163,-1128,55403,12002,3294707,6372,263,6128,85508,51359,544,798,116,3632,1621,102144,1228,5088,-1797,-1598,337,317,1370995,2687,16037,3585,20726.0,151842
7.864561558,2347,45722,-4343,-762,54126,12504,3240311,6191,415,6640,86380,50744,572,862,161,3460,1733,103598,1340,4900,-1146,-1100,580,268,1372607,2670,16523,3495,19546.0,153144
7.865097046,2366,46945,-3772,-545,53775,12042,3266880,6899,243,5537,88764,53945,580,820,124,3358,2037,105631,1060,4670,-2243,-1705,353,366,1373014,3088,16287,3187,20014.0,157016
7.865633488,2516,48396,-4522,-1014,54126,12593,3242926,7075,709,6396,95603,52408,584,779,46,3954,1796,105277,1903,4964,-2194,-1143,456,227,1375767,2617,16899,3757,20938.0,166183
7.866169453,2805,50752,-4145,-897,53528,13486,3240203,7180,723,6058,98788,54171,655,743,150,3837,1908,106131,1824,5032,-1623,-1423,308,218,1368053,2397,15414,3692,21522.0,173011
7.866705418,2881,50357,-3932,-896,54086,13285,3169301,6803,252,6411,96703,54710,605,914,95,3813,1819,103976,1486,5275,-1247,-810,436,271,1368579,2879,16649,2956,21523.0,170029
7.867240906,2695,50039,-3936,-1401,52866,12298,3105162,7001,814,5843,97194,54985,669,935,145,3556,1390,102105,1862,5047,-1416,-928,407,314,1367163,2577,16234,3459,22235.0,169227
7.867776871,2709,50438,-3811,-498,54120,12973,3056647,7002,369,5812,95191,54797,572,787,45,3655,2094,101638,1645,5588,-1553,-1502,466,289,1363605,2555,16399,3795,22697.0,168313
7.868312836,2841,52517,-3961,-1033,53904,14809,3068015,7521,845,5833,99733,54358,603,981,148,3616,2542,104886,1761,5364,-1104,-1248,360,194,1365839,2534,16470,3773,25810.0,177421
7.868848324,2527,50606,-4215,-1032,53970,14068,3048648,7271,1025,6053,92852,54728,721,1025,107,3814,2088,104188,1491,4676,-1349,-1015,431,259,1360719,2417,16435,3067,24667.0,167324
7.869384289,2894,50447,-3744,-759,52330,14491,2972571,6675,829,5940,89156,52446,623,886,43,3724,2132,101311,1852,5225,-2197,-1376,395,301,1353745,2214,16566,3349,24884.0,163663
7.869920254,2458,48755,-3352,-556,52059,14160,2810788,6152,887,5894,87221,50837,425,696,95,3614,2412,97369,1703,5060,-1703,-1242,484,213,1337817,2309,16787,3300,24218.0,158746
7.870456219,2332,44203,-4056,-842,51596,11543,2847606,6549,788,5651,80193,50255,394,690,123,4017,1916,97558,1786,4362,-1716,-1214,443,378,1333529,2362,15717,3143,26014.0,144820
7.870991707,2615,45400,-3574,-826,52470,12174,2838620,6197,1117,5956,81333,49909,412,706,79,3390,1854,97389,1872,4932,-1416,-1481,416,284,1333254,2575,15690,3695,25458.0,147719
7.871527672,2251,45548,-3634,-821,52768,10806,2903952,6703,625,6006,82879,51444,470,663,101,3307,1508,97952,1639,4539,-1879,-1104,226,283,1329131,2466,15303,3423,26019.0,148187
7.872063637,2436,45522,-3765,-982,52225,9914,2924957,6378,968,5847,84329,51042,421,734,114,3685,1483,98675,2262,5044,-1718,-1281,515,419,1320230,2736,15563,3487,25286.0,148579
7.872599602,2568,47115,-3774,-1004,51424,10626,2972009,6781,1149,5891,82985,52110,865,825,133,3496,1523,98872,1179,4594,-1963,-1219,519,371,1315596,3326,16136,3630,25802.0,150075
7.873135567,2384,45596,-4102,-408,50232,9661,2989831,6372,79,5569,82673,52742,5767,763,62,3586,1708,97898,2330,5329,58,713,1228,201,1307195,2305,16481,4033,24504.0,146686
7.873671532,2477,47339,-4293,-1128,54920,9493,3107614,6753,-26,5489,76351,52044,577,731,72,3418,2022,97673,1608,4993,-2100,-1042,520,251,1307865,2620,16313,2939,24787.0,142413
7.874207497,2387,48849,-4257,-1255,55472,10430,3154373,6773,111,6204,84377,53659,554,772,117,3737,1269,99484,1950,4846,-1632,-1005,345,377,1312881,3232,16191,4374,27486.0,152816
7.874742985,2185,48778,-3944,-758,54717,9410,3162169,6369,84,5852,77159,50816,872,928,109,3611,1832,99079,1478,4507,-1850,-1070,564,361,1320352,2692,17080,3902,23467.0,143901
7.87527895,2330,49284,-3908,-1037,52836,8792,2949726,6380,391,5530,73423,51135,1955,1089,6,3816,1154,94599,1840,4896,-1197,-80,632,239,1326322,2519,16146,4033,26700.0,140209
7.875814915,2251,50274,-3926,-1050,54980,8988,3027539,5938,229,5675,75361,52807,665,812,45,4112,1216,96985,1569,4898,-2252,-1172,395,276,1332035,3121,15413,3692,26629.0,142812
7.87635088,2421,45726,-4522,-900,57754,9225,3258046,5896,387,6368,76708,51711,815,834,111,3521,1834,102142,1519,4787,-1648,-451,506,205,1346731,2119,17886,4066,26640.0,139976
7.876886368,2006,43972,-4342,-1144,56247,9075,3249016,5983,231,7116,77696,51246,395,713,139,3613,1897,101262,1378,5155,-1000,-1318,436,195,1353429,2577,16682,3121,23691.0,138732
7.877422333,2046,47394,-4015,-756,55363,9349,3126292,6044,449,6444,79835,51907,460,718,165,3742,2013,101099,2112,5333,-1293,-845,323,160,1352271,2897,17133,4337,28658.0,144668
7.877958298,2151,42136,-4345,-1185,55202,8462,3167902,6389,793,6936,73833,51826,541,764,112,3668,2008,101720,1656,3865,-1633,-1552,539,303,1357577,2464,17186,3033,23976.0,132971
7.878493786,1653,38649,-4311,-1278,53039,8180,3071985,5275,-435,5851,68829,52786,506,664,57,3711,1416,97585,1551,4405,-1692,-1164,410,184,1358919,2371,16016,3449,22948.0,122586
7.879029751,2104,39086,-4556,-997,53620,8828,3227742,5612,13,6459,70423,50342,467,675,68,3402,1272,100726,1171,4293,-2243,-1458,286,402,1357082,2782,16179,3326,20856.0,126053
7.879565716,2027,41150,-4576,-997,55000,9100,3290798,6042,429,7096,73306,50894,419,762,115,3593,1673,102335,1475,4782,-1665,-1114,540,446,1355320,2628,17059,3138,23610.0,131625
7.880102158,2185,42702,-4501,-1234,53087,9273,3303501,6093,169,6593,77867,50446,452,787,157,3417,1475,103378,1423,5029,-1231,-1609,378,314,1354786,2714,16126,3556,22244.0,138120
7.880637646,1989,42996,-5022,-1407,53125,10678,3269413,6155,233,7175,78422,53850,425,680,132,3411,1433,101038,2045,4717,-990,-1150,401,168,1348936,2561,17024,3767,22846.0,140240
7.881173611,2333,44716,-4811,-876,53611,10006,3366640,6303,35,6599,75945,51443,462,808,168,3393,1110,100935,1681,4578,-1655,-1577,264,389,1347957,2010,16859,3703,22555.0,139303
7.881709576,2535,46186,-4750,-1100,52482,10152,3416950,6076,-113,6926,81018,51716,325,837,123,3502,1295,103951,1395,4820,-401,-1070,428,358,1351349,2640,16665,3240,23540.0,145967
7.882245064,2530,47970,-4435,-1209,50391,11171,3242392,6947,293,6266,83284,51827,412,715,69,3015,1834,98919,1107,4928,-1280,-1194,418,214,1347325,2389,16203,3380,25413.0,151902
7.882781029,2317,47339,-3974,-879,46955,13053,2995202,6787,575,5849,84364,52418,396,760,105,3152,1495,94502,1429,5095,-1048,-1285,251,296,1347023,3038,15448,3678,24572.0,153860
7.883316994,2660,49149,-4002,-597,44960,13756,3008251,6704,483,5913,92524,46901,508,787,71,3148,1547,97440,1874,4604,-1035,-987,343,225,1354280,2642,16432,3906,25596.0,164793
7.883852959,2765,54232,-4018,-962,49904,14776,3243444,7828,4,6911,104587,54563,527,890,93,3405,1954,101221,1475,5276,-1836,-1456,353,271,1353954,2789,16989,2528,24784.0,184188
7.884388447,2983,56330,-4180,-992,49036,17109,3225569,8731,-11,6738,114155,53161,532,882,137,3545,2353,103387,2300,5197,-1851,-1588,366,270,1357787,2663,16111,2932,27867.0,199308
7.884924412,3295,58771,-3870,-884,49980,18288,3057107,9148,120,6763,122263,51802,509,874,114,3542,2326,100749,1681,5664,-1327,-1640,458,342,1358645,2682,15995,3178,29371.0,211765
7.885460377,3055,57478,-4059,-974,50389,17231,3135159,8467,313,7347,116609,52247,524,754,93,3374,2340,102870,1777,4958,-1319,-1282,459,189,1357207,2261,16400,3296,29997.0,202840
7.885995865,3072,56994,-3713,-1536,51012,16198,3173871,9066,236,6089,114008,51319,552,853,74,3288,1878,105755,1966,4954,-1152,-1360,611,170,1356142,2717,17457,3275,28801.0,199338
7.886532307,3354,60178,-4011,-1257,51952,18737,3057083,9119,318,5873,130613,53537,480,949,131,3451,2466,105564,2043,5957,-777,-1040,410,186,1356342,2279,16022,3059,29484.0,222001
7.887068272,3215,60136,-3774,-779,49941,17706,3000043,8878,341,6105,131069,52776,531,1002,117,3687,2510,105138,1614,5105,-997,-1355,339,265,1356355,2648,16894,3076,30986.0,221004
7.887604237,3324,59977,-3941,-1166,49761,17208,2999308,8892,12,5862,129522,51400,521,930,155,3542,2444,105389,1501,5385,-573,-848,453,331,1356878,2077,17209,3917,31612.0,218923
7.888139725,3369,60080,-3931,-982,51371,17364,3012983,8988,229,6006,131239,50543,504,902,166,3472,2382,105934,2069,5201,-1831,-1592,440,404,1357195,3055,17270,3683,32223.0,221040
7.88867569,3365,58091,-3429,-674,51724,17636,2919981,8478,-248,5474,129455,51751,460,843,105,3621,2130,106808,1767,5882,-1908,-2306,242,520,1354847,3660,16023,3089,30933.0,217025
7.889211655,3285,56200,-3213,-456,52277,17285,2954807,9562,591,4906,122886,51410,603,952,183,3942,1994,109575,1608,5727,-1175,-1377,494,331,1353553,2439,17535,3014,32523.0,209218
7.88974762,3228,58663,-4136,-730,53910,17812,3080706,9982,1141,5573,129758,49263,522,851,64,3553,2604,112500,1381,5921,-1472,-869,524,232,1353668,2753,17770,3324,31011.0,219443
7.890283108,3328,58186,-4259,-1125,53676,17125,3069015,8985,130,4762,129901,46880,578,941,106,3718,2447,114653,2134,5959,-2065,-1707,478,286,1351291,2737,16766,3120,30562.0,217525
7.890819073,2973,50139,-3296,-1060,48145,13209,2786357,8681,-73,4958,111187,45496,561,987,74,3523,1979,106539,1842,5948,-974,-688,353,213,1352171,2275,17075,3128,30410.0,186189
7.891355038,2772,50705,-3622,-698,50428,13393,2804704,8872,-28,5016,108205,47957,426,887,149,3462,2187,107650,1981,5008,-985,-1580,384,346,1344465,2576,17417,3117,29119.0,183947
7.891890526,3023,51351,-3531,-842,48265,13912,2808761,8530,484,4645,99257,50249,526,849,202,3368,1800,103599,2283,5961,-1181,-1485,424,255,1341985,1868,16317,3569,28297.0,176073
7.892426491,2861,50005,-3652,-1177,49393,13389,2805393,7879,118,4361,101333,48796,596,863,190,3557,2564,105144,1686,5004,-1531,-1213,525,273,1341853,2382,16943,3655,29108.0,175467
7.892962456,3057,53478,-3993,-1077,53003,14126,2985835,8545,119,5275,113336,47304,527,967,143,3905,2263,113161,2411,5518,-795,-1324,436,288,1335921,2703,16862,3278,29430.0,192542
7.893498421,3034,50552,-3715,-1011,50032,13212,2884114,8492,594,5035,111590,44617,524,975,93,4131,2020,110133,2033,5959,-1682,-1287,512,124,1322274,2460,16229,3158,29164.0,186880
7.894034386,2848,50468,-3978,-852,48634,12275,2834020,8807,47,5111,109288,42865,496,899,125,3794,1952,109029,2058,5067,-1381,-2095,523,246,1297136,2056,15608,3126,27801.0,183686
7.894570351,2695,48603,-3665,-1247,46321,12427,2676663,8106,279,5030,103258,48487,590,1002,144,3331,1761,103998,1432,4940,-1153,-1542,386,370,1288935,2168,16980,3231,28162.0,175089
7.895106316,2638,44646,-3262,-857,44158,11152,2491998,7477,125,4418,93538,46074,535,770,72,3727,1872,98877,1046,4391,-1317,-1334,265,246,1280200,2401,15292,3043,25079.0,159451
7.895641804,2686,48876,-3655,-1025,47256,12912,2837625,7599,529,4795,103274,48394,496,771,85,3525,2283,102890,1569,5631,-2040,-1412,451,306,1283903,2884,15950,3680,24540.0,175347
7.896177769,3260,54698,-4120,-911,52088,14769,3106390,8238,251,5215,112820,50031,484,743,132,4140,2159,108592,1728,5797,-1946,-1988,463,341,1290605,2391,15951,3749,27021.0,193785
7.896713734,2682,50409,-3759,-1195,47611,12136,2901278,7273,-143,4692,100811,50299,484,837,166,3342,1826,102201,1830,5173,-1367,-1097,222,299,1293566,2411,15956,3519,27132.0,173311
7.897249699,2589,47085,-4612,-1284,47354,12482,2986688,7267,414,5044,97935,50515,498,779,87,3319,1766,101222,1440,5105,-1828,-1476,382,288,1290833,2345,15955,3897,23645.0,167358
7.897785187,2543,46613,-4328,-1341,48208,12528,2985831,7481,-170,5187,94787,51034,529,806,136,3295,1576,99724,1816,5365,-1053,-1367,345,328,1302195,2564,15595,2540,22309.0,163952
7.898321152,2641,49165,-4253,-1240,49132,14900,3135684,7582,436,5697,102885,49621,479,804,54,3203,2172,107942,1889,6008,-1084,-1209,447,194,1320941,2997,15672,3297,24637.0,177173
7.898857117,2731,49591,-4853,-1592,50787,13569,3169038,7485,113,5687,102899,50083,697,1249,82,3307,1949,109094,2234,5989,-585,-1527,482,221,1342416,2643,17463,3302,24897.0,176275
7.899392605,2813,50838,-4367,-1492,52129,14878,3166307,7850,-472,5588,103718,49674,770,1449,70,3349,1962,108121,2036,4738,-1422,-1449,546,366,1366309,2620,16393,2934,25794.0,180097
7.89992857,2447,50222,-4092,-1328,51231,16047,3150265,7885,17,5432,105795,49056,816,1018,78,3557,2003,109127,1971,5293,-1580,-1256,563,287,1370632,2333,16395,3444,25574.0,182396
7.900464535,2875,51471,-4295,-1145,51848,15944,3025261,7474,-181,5112,111567,47222,547,1021,94,3792,2154,108101,1942,5519,-1129,-956,484,191,1373964,1921,17356,3057,26080.0,189331
7.9010005,2568,51011,-3689,-1076,47487,16644,2866707,8381,-312,5296,115469,48291,506,861,118,3484,2736,109142,1511,5883,-1405,-1172,612,319,1332741,2698,16575,3332,28324.0,194073
7.901536465,2129,44141,-3517,-1179,41434,15335,2364812,7650,812,5250,105554,40788,431,812,110,3306,2470,103002,1757,6353,-1047,-1333,515,273,1350899,3118,17207,4358,30570.0,174809
7.902608395,2352,48143,-2988,-416,45330,18411,2653062,8116,961,4163,105621,48219,500,785,138,3638,2336,99566,1513,4834,-2161,-1719,483,349,1324444,2003,16421,3436,21807.0,182643
7.90314436,3305,58124,-2948,-470,51661,23278,2739208,9531,1033,4431,127913,46644,511,1011,162,3277,2921,107400,1409,5580,-828,-722,450,201,1337316,2279,16283,2973,27334.0,222151
7.903679848,3083,53383,-2210,-157,43159,19912,2342919,8874,958,3981,118385,46588,501,971,162,3411,2708,103041,1854,5592,-1058,-1357,435,264,1333149,2261,16304,2683,27389.0,203637
7.904215813,3095,56785,-2373,-516,46197,24078,2288337,9456,665,3443,126905,49040,466,925,87,3265,3042,96944,1856,6397,-896,-998,434,200,1348173,2516,17053,3487,31520.0,220319
7.904751778,2978,58596,-3172,-569,52061,23624,2558771,9970,576,3901,138949,50355,471,983,46,3775,3232,106899,2076,6488,-1042,-1267,521,231,1347319,2406,16538,3084,33611.0,234117
7.905287266,3291,57046,-2721,-237,54245,20951,2654388,9343,377,4100,137449,48972,586,1040,149,3621,2461,106888,2174,6115,-943,-862,414,130,1337075,2542,16488,3413,32884.0,228080
7.905823231,3084,51653,-2892,-279,50322,17459,2609508,8448,383,3578,119230,50976,492,936,182,3587,2151,101424,1803,5695,-872,-708,405,232,1312331,2307,15961,4610,31621.0,199874
7.906359196,2936,49608,-2795,-322,49807,15665,2531438,8589,782,3484,115072,48502,532,957,121,3630,2095,103268,1930,5307,-1549,-600,589,241,1311926,2073,16488,3365,31231.0,191870
7.906895161,2793,48303,-3068,-74,49448,17273,2531640,8097,261,3293,117096,47852,502,852,168,3802,2535,107755,1832,5800,-1516,-1510,660,235,1315681,2823,16688,3531,30497.0,193562
7.907431126,2963,49931,-3018,-78,50803,15609,2649577,8045,307,3492,113642,51842,1003,1234,101,3535,1787,106482,1505,5692,-1858,-775,1094,201,1316876,2257,16655,3119,30387.0,190190
7.907967091,2407,47013,-2646,-515,49012,15555,2480275,7713,752,3708,105681,50102,1101,1184,38,3599,1959,102948,1772,6009,-1191,-362,1030,187,1321198,2584,15379,3490,31154.0,178369
7.908503056,2920,56675,-2933,-529,52387,20876,2683215,9115,916,3781,122214,52437,754,886,200,3699,2494,105298,1962,5147,-1432,-1462,602,150,1340601,2774,16775,2632,31842.0,211800
7.909038544,2922,50566,-3007,-506,52143,15139,2763720,8440,993,3935,106748,52197,703,1062,110,3578,2178,102010,1755,5527,-1317,-1267,497,286,1336811,2319,15291,3199,30208.0,183815
7.909574509,2808,51606,-2944,-468,53030,15304,2784756,8514,861,4586,108748,50194,922,1014,123,3406,2236,102357,2162,4833,-1475,-6,583,200,1347929,2596,16549,3987,30204.0,186980
7.910110474,2947,49201,-3193,-75,53307,13953,2939994,8141,892,4787,105850,51268,705,933,76,3655,2024,104006,1680,5637,-1416,-1158,401,302,1356847,3005,16983,2905,30643.0,180092
7.910646439,2805,51269,-3605,-452,51520,14344,2973989,8064,392,5090,103722,51505,625,831,167,3346,2670,103293,1623,5594,-996,-1454,420,320,1364268,2592,16918,3256,30232.0,180204
7.911181927,2745,48506,-4069,-917,50898,13902,3066737,7402,-75,5010,93964,52073,713,982,103,3170,1579,102091,1565,5242,-1536,-750,520,249,1367217,2435,16495,4077,27454.0,166519
7.911717892,2807,48152,-3319,-761,51605,13263,3009844,7826,378,5103,95119,53486,1341,1159,142,3466,2390,102627,1545,4704,-1551,-652,679,243,1362528,2384,17369,3486,27530.0,167167
7.912253857,2494,44601,-3786,-1070,51427,12607,3031544,7281,174,5677,85823,52332,855,824,39,3462,1969,103914,1925,5013,-1837,-878,546,228,1368563,2708,17125,3499,24954.0,152806
7.912789345,2440,50737,-3454,-647,52566,12353,3053870,7399,-80,5383,88066,50582,1620,1125,42,3299,2064,103743,1948,5106,-1175,-528,532,248,1371070,2914,16246,3876,26697.0,160995
7.91332531,2710,50310,-3914,-985,51464,12288,3085064,7352,258,5572,86001,53919,2015,1210,42,3520,2044,103823,2548,4697,-1373,388,634,219,1379091,3206,17392,4388,30833.0,158661
7.913861275,2492,45534,-4104,-614,51144,12595,3174027,6718,38,5967,83899,54629,2796,1257,34,3431,2138,101934,2152,4462,-1094,45,870,285,1375269,2437,16455,3577,24315.0,151238
7.91439724,2474,44447,-3826,-788,51847,12623,3100198,6789,-226,5703,85683,51354,1468,1107,78,3165,1657,101390,2261,5647,-818,-330,447,178,1374641,3008,15771,3689,21238.0,152016
7.914933205,2348,43663,-4830,-972,52123,12094,3214145,6583,418,6360,85146,50797,504,805,103,3282,1847,102573,1536,4726,-1573,-1569,403,372,1379968,2550,16771,3811,22929.0,149834
7.91546917,2489,45774,-4122,-669,52254,13196,3203981,6653,686,5802,87513,50742,498,839,134,3184,2041,104497,1550,5239,-1222,-1093,395,266,1380813,2715,17200,3634,21927.0,155625
7.916005135,2555,48256,-4174,-663,55628,14008,3142476,7551,651,6152,100623,49616,396,677,125,3557,2168,106743,1859,5175,-1436,-1324,363,293,1380344,2476,16670,3458,23427.0,172993
7.9165411,2757,50587,-3672,-640,53967,15958,3186217,7186,620,6312,96826,50842,505,843,148,3496,1732,107537,1965,5671,-951,-851,394,277,1380476,2562,16516,3612,22818.0,173314
7.917076588,2827,53970,-3688,-662,53242,17893,3063743,8117,320,6247,110343,53859,488,867,151,3420,2012,105853,2240,5391,-1209,-1008,478,342,1377891,2938,17554,4018,24763.0,193150
7.917612553,3418,57115,-3179,-786,53750,19467,3010251,8942,379,5351,120315,56095,626,980,94,3583,2173,103925,2458,5541,-1911,-1263,479,380,1380258,3585,16702,3650,26103.0,209257
7.918148518,3221,59455,-3308,-420,52478,20805,2966827,9981,1080,5394,131019,53533,594,998,152,3567,2247,106949,2075,5272,-1353,-1027,381,319,1380687,2083,16814,3357,28727.0,224481
7.918684006,3584,62073,-3304,-621,51523,21488,2957802,10312,812,5282,136014,54255,490,982,109,3520,2482,107884,2249,5775,-300,-1216,459,178,1377453,2810,17570,3833,27342.0,233471
7.919219971,3469,62050,-3093,-381,52256,22657,2836246,10447,635,4861,139043,53872,532,1036,165,3661,2229,105934,2396,6425,-536,-546,411,245,1381851,3135,17416,2970,26801.0,237666
7.919755936,3612,63570,-2853,-178,53406,23364,2835074,10728,753,5157,152837,51783,545,1076,158,3781,2632,106788,2186,6319,-640,-1176,307,276,1383917,2858,16263,3680,30763.0,254111
7.920291901,3680,60598,-3137,-473,51204,22829,2740287,10901,967,4991,149159,52585,662,997,89,3871,2586,105680,2073,5993,-1600,-1462,355,343,1374552,2356,17733,3836,30983.0,247167
7.920827389,3756,62326,-2626,-333,51647,22985,2758966,10409,633,4373,152578,52605,573,1107,152,3639,3111,111160,2253,6242,-1003,-823,373,196,1381064,3094,17387,3651,32907.0,252054
7.921363354,3532,62771,-3486,-533,51596,23184,2890141,10370,262,4852,152187,55435,611,1095,190,3903,2609,113881,2011,6093,-904,-1017,321,234,1383282,3200,16917,4308,33221.0,252044
7.921899319,3546,58910,-3184,-402,51643,20532,2946012,9710,651,4727,138539,54522,580,1064,133,3825,2694,113637,2311,6742,-1283,-1135,375,351,1383203,2873,17327,2702,34175.0,231237
7.922435284,3328,55552,-3035,-544,53037,18469,2942664,9589,134,4494,128783,52621,538,977,118,3681,2418,112720,2147,5798,-624,-954,439,167,1381032,2601,16571,3638,32948.0,215721
7.922971249,3038,51559,-3137,-471,53013,16233,2837985,8990,-31,4328,118785,50685,591,1003,136,3602,2167,109101,2028,5900,-989,-1520,525,268,1377190,2603,15545,3175,31675.0,198605
7.923507214,2820,43994,-2625,-345,47208,13660,2406125,7151,1070,3597,96806,52208,804,1497,74,2923,2016,91849,1794,4935,-1216,-1230,584,333,1359993,2394,16547,3198,28607.0,164431
7.924043179,3023,48698,-2910,-669,50961,14975,2750316,8361,668,4336,107760,52552,2032,3180,-4,3419,2060,105816,1722,5246,-520,-197,922,124,1369646,2278,17251,3572,29235.0,182817
7.924578667,2966,51401,-3634,-798,56750,15619,2961417,8643,719,5535,116215,52621,1651,3048,90,3611,2339,110654,1943,5614,-173,-741,655,334,1374024,2547,17588,3704,30984.0,194844
7.925114632,3211,52723,-3306,-211,58097,15098,3064346,9024,354,4584,117645,52445,698,1506,64,3811,2198,113996,1833,5486,-551,-376,405,243,1375021,2540,17404,3780,31188.0,197701
7.925650597,2921,53062,-3637,-482,57109,16193,3126257,8407,142,5432,118166,51879,529,1027,129,3632,2159,113845,1868,5652,-442,-681,417,206,1374448,3212,16224,4208,31399.0,198749
7.926186085,3056,51790,-3739,-647,55625,16252,3169164,9002,420,6242,111972,52337,619,860,88,3369,2528,112677,1531,4495,-1819,-1020,355,248,1371557,2873,17336,3391,31633.0,192072
7.92672205,3085,50869,-3251,-942,53630,15730,3271585,7654,1177,6630,104145,52411,466,873,162,3266,1953,111690,2214,5364,-1137,-1043,443,291,1371651,1932,17758,3675,25728.0,181483
7.927258015,3197,51381,-3967,-574,53910,16412,3251988,7922,554,5879,109695,54828,448,812,115,3562,2291,111012,1689,5643,-943,-604,256,279,1367125,2510,17220,3416,23992.0,188607
7.92779398,3318,51085,-3690,-635,55018,15606,3186851,7894,477,5011,109199,52176,498,883,66,3613,1880,111875,2488,5608,-621,-373,273,164,1363380,2422,17495,2826,26108.0,187102
7.928329468,3069,50446,-3785,-750,54711,15233,3236856,7496,142,5798,107362,53690,655,856,87,3607,2012,114305,1875,5305,-1673,-1098,292,228,1361851,2806,16946,3180,27863.0,183606
7.92886591,2651,47261,-4673,-1008,52433,13646,3379416,7055,-260,6271,93257,53143,900,1089,91,3383,1845,110023,1950,5593,-1564,-931,563,211,1358070,3469,17182,3726,24037.0,163870
7.929401875,2648,45544,-4695,-1040,54451,12958,3327626,6928,147,6596,93723,52617,1194,910,43,3318,2159,107522,1466,4864,-1796,-592,679,230,1359601,3250,16536,3481,22633.0,161801
7.92993784,2480,46363,-4441,-1342,52762,13006,3339662,7218,186,6818,91541,53665,457,709,131,3570,1552,108850,2178,5187,-1279,-1106,458,276,1342215,2769,15175,3721,23142.0,160608
7.930473328,1981,35971,-3243,-659,45068,9119,2687142,6096,151,5786,74339,51001,405,724,109,2946,1611,90757,1451,4506,-1177,-1080,246,215,1308101,1840,15712,3251,20440.0,127506
7.931009293,2077,41204,-4658,-787,53901,11600,3284345,6363,301,6145,77941,51911,517,759,60,3203,1704,104541,1824,4834,-2009,-1208,465,298,1315943,2559,15715,3324,20768.0,139185
7.931545258,2308,43215,-4054,-858,49216,11992,3252888,6544,101,5756,80412,53042,457,855,149,3285,1797,104680,1575,4499,-1090,-1067,441,194,1304505,2600,16036,3596,21056.0,144471
7.932080746,2716,45380,-4096,-918,49517,12942,3253183,6567,-100,6153,79688,55557,450,698,125,3214,1713,103390,1371,4713,-1525,-965,483,236,1306885,2285,15899,2877,20726.0,147293
7.932616711,2257,44304,-3751,-1143,47031,13272,3006870,6430,916,5876,86152,54275,483,720,217,3476,1582,101644,1959,5166,-1143,-960,405,216,1303063,2778,15755,3603,21879.0,152415
7.933152676,2215,42443,-3439,-1250,46638,11293,2966099,6891,794,5770,76181,54053,404,767,81,3294,1479,98597,1597,4635,-1562,-1192,301,310,1300214,2209,15958,3425,22181.0,139023
7.933688641,2534,46167,-3788,-936,52129,12995,3136891,7996,642,6229,89958,52292,414,773,95,3196,1743,104029,1572,4967,-1699,-1192,542,425,1312963,2809,15910,3232,22354.0,159650
7.934224129,2439,47100,-4235,-723,51275,13400,3180285,6061,728,6047,92310,53869,454,873,169,3554,1910,104547,1558,4940,-934,-785,365,222,1311599,2368,15271,3340,23964.0,161310
7.934760094,2604,46766,-4155,-1168,49997,12912,3106396,7357,393,5859,92854,54392,441,739,108,3308,1185,103759,1348,5331,-980,-1136,322,187,1312839,2413,16963,3023,22147.0,162493
7.935296059,2552,47793,-4345,-1297,52325,13359,3223286,7249,27,6278,94794,54524,366,746,89,3336,1863,106922,2061,5519,-795,-1549,320,260,1315169,2490,15934,3153,23388.0,165747
7.935832024,2476,45961,-4407,-1557,52743,11829,3144763,7121,183,6074,91692,54325,425,733,136,3336,1746,106640,1430,5327,-1070,-1421,382,198,1319838,2789,15490,3248,23476.0,159079
7.936367989,2351,45155,-4362,-1027,53109,12684,3196889,6909,90,5522,89339,54632,492,757,177,3153,1529,107600,1616,5241,-1160,-585,305,294,1321343,2560,16334,3828,24093.0,156438
7.936903954,2399,43360,-4172,-1068,54035,11418,3220798,5838,-88,6257,86889,52658,423,883,154,3153,1618,104822,1793,5276,-800,-1015,442,253,1330261,3084,16458,3832,22043.0,149904
7.937439919,2686,44832,-4082,-947,54228,11757,3199411,6315,123,6235,88106,54371,449,713,97,3410,2264,106789,1254,4487,-1528,-1219,497,217,1336243,2575,16340,2663,21671.0,153696
7.937975407,2363,45815,-4075,-704,53415,13052,3166655,7188,563,7089,92581,53238,397,756,144,3771,1823,105399,1461,5224,-1445,-1451,636,268,1339516,2155,15997,3001,20921.0,160999
7.938511372,2355,46788,-4097,-1086,52673,11472,3167630,6998,618,6408,86231,51214,445,842,85,3377,1631,105087,1680,5144,-1465,-1415,414,213,1340019,2593,15539,3394,23458.0,153844
7.939047337,2408,44167,-3866,-1024,48528,11130,2940162,6558,114,5205,81100,52324,481,882,142,3047,1476,102566,1445,4993,-741,-848,486,185,1333820,1908,15666,3838,21815.0,145363
7.939582825,2526,44555,-3957,-1216,55139,11773,3126599,6755,312,5720,87217,52090,454,1042,117,3582,1921,113129,1810,4444,-435,-895,299,221,1346436,1851,15218,2506,25480.0,152826
7.94011879,2302,42385,-4259,-1053,54161,10225,3204311,6303,390,5950,82829,51415,389,937,110,3488,1931,110295,1321,5181,-728,-1432,335,254,1346893,2705,15805,2726,22256.0,144044
7.940654755,2410,42187,-4262,-762,54248,9439,3185903,5608,-265,6096,80806,50816,488,790,139,3442,1701,109096,1562,5090,-1934,-2005,341,420,1355034,2653,15964,3381,21469.0,140450
7.94119072,2383,40539,-4158,-1061,52392,9222,3090779,5478,296,6095,73536,51835,790,1112,146,3345,1437,105974,1368,5137,-1379,-1040,478,260,1351041,2524,16165,3380,21232.0,131158
7.941726208,2353,41163,-4359,-1313,52047,9371,3118166,5957,41,6213,77677,52635,549,950,89,3399,1324,105940,1402,4581,-1205,-1274,488,308,1349640,2961,15176,2941,20642.0,136521
7.942262173,2267,41689,-4472,-1252,53324,9576,3097861,5698,95,5506,78359,50937,554,729,115,3261,1609,105598,1866,4906,-1770,-1991,413,307,1354075,1868,16696,3704,21928.0,137589
7.942798138,2856,42357,-4017,-816,53687,9994,3165379,5953,238,6273,81393,51855,511,818,148,3650,1675,109010,1461,5363,-1381,-1380,369,266,1361322,2571,16711,3416,24491.0,142553
7.943334579,2294,41015,-3861,-1051,54307,9507,3136681,5454,244,6016,76862,52426,509,650,122,3397,1594,108054,1868,5191,-1133,-1245,432,231,1359467,2976,16145,3867,22187.0,135132
7.943870068,2338,41656,-4092,-771,53636,9148,3046678,6161,-114,6063,78279,50259,410,700,146,3591,1706,108053,1782,5172,-1239,-1199,442,327,1362008,2852,16534,3232,22685.0,137582
7.944406033,2404,44123,-3779,-874,52137,9639,3082763,5690,384,5679,75194,52713,449,772,89,3441,1439,107854,1531,4947,-1521,-1427,427,226,1362894,2537,17786,4715,23555.0,137050
7.944941998,2275,40761,-4504,-1104,52243,8899,3065624,4901,93,5643,74171,51686,454,731,62,3353,1633,107894,1274,4939,-2005,-1685,383,185,1363931,2844,16289,3179,21894.0,131007
7.945477486,2328,41623,-4752,-1249,52978,8200,3147515,6246,315,5729,77821,51909,442,794,79,3849,1604,109148,1680,4703,-819,-1146,352,201,1362013,2638,16344,3725,21381.0,136218
7.946013451,2225,40971,-4667,-1012,51629,9236,3144671,6211,335,6054,78117,52734,436,742,110,3440,1318,108633,1530,5121,-956,-1155,247,216,1360531,2402,15873,2379,21974.0,136760
7.946549416,2315,39996,-3920,-1049,52868,8202,3099768,6332,752,6100,74151,52111,520,778,104,3353,1705,108566,1449,4648,-1706,-1555,361,231,1357829,2281,16282,3340,21536.0,130996
7.947085381,2130,39536,-4449,-1252,53189,8393,3057025,5901,343,5680,75693,52428,508,755,106,3832,1389,108321,1114,4644,-2053,-1561,418,305,1360461,2342,16592,2991,22052.0,131653
7.947620869,2438,40585,-4024,-1272,52417,9787,3132758,5939,223,6181,78648,51759,426,634,87,3549,1825,106129,1500,5046,-1845,-1635,422,207,1357943,2591,16584,2975,21013.0,137397
7.948156834,2016,39623,-4724,-920,52646,9241,3124623,5579,250,6162,76124,52213,442,782,76,3433,1551,104443,1611,4272,-1903,-1556,335,197,1349915,2474,16316,3500,19141.0,132583
7.948692799,2049,38030,-4237,-1184,51874,8693,3062370,5821,408,5511,72800,51724,513,776,155,3372,1726,102295,1779,4394,-1307,-1433,489,236,1346847,2228,16147,3201,18139.0,127393
7.949228287,2121,40474,-4496,-1440,54412,8978,3215868,5450,265,6421,76845,51488,856,1113,3,3151,1283,103443,1640,4862,-1818,-888,562,191,1347434,2747,15280,3168,18611.0,133868
7.949764729,2299,40708,-4463,-1192,53189,8922,3238070,5483,454,6565,75103,51509,1049,1134,55,3294,1422,101758,1692,5033,-1858,-591,652,214,1346919,2170,16629,2945,17543.0,132515
7.950300694,2295,39505,-4924,-1174,53426,9178,3226517,5069,-72,6425,72620,51284,452,700,230,3041,1685,102527,1640,4415,-1216,-924,339,174,1340483,2376,15778,3441,17660.0,128667
7.950836658,2258,38885,-4550,-1172,51311,9087,3243108,4932,140,6226,70444,52366,443,616,41,3331,1435,102627,1656,4568,-2307,-1072,529,276,1340415,2227,16586,3014,17157.0,125606
7.951372147,2142,39898,-4618,-1327,49016,8987,3316151,5203,75,6491,70471,53912,391,728,152,3034,2046,101765,1231,5150,-1151,-1858,396,282,1332314,2510,16333,4125,16042.0,126701
7.951908112,2364,40044,-5118,-1363,51707,8997,3392133,5431,-190,6699,68098,52400,698,834,88,3046,1280,99871,1210,4599,-1314,-728,363,175,1327897,2710,15955,2706,16472.0,124934
7.952444077,2194,39748,-5077,-1271,51492,8028,3392503,5034,-103,5908,66551,50559,700,1033,74,2970,1469,100755,1060,4972,-1272,-1732,332,322,1318885,2225,15661,3352,16259.0,121555
7.952979565,2336,40797,-5281,-1195,50060,8928,3414653,5454,229,6781,71695,52568,428,730,129,2721,1157,101592,1284,4756,-1280,-1376,337,264,1320148,2559,16275,3031,17925.0,129210
7.95351553,2545,39999,-4833,-1440,50334,7980,3383450,4838,361,6568,67078,51281,357,646,211,3066,1283,99868,1386,4570,-1126,-1443,517,402,1314421,2286,15320,3892,18294.0,122440
7.954051495,2267,39478,-4582,-1448,48134,7550,3332112,4787,515,6581,66547,51334,398,651,131,3013,1804,98259,1359,4241,-1397,-1046,289,193,1313530,2686,15647,3047,15974.0,120629
7.95458746,2139,36981,-4720,-1500,48072,7465,3244559,5136,246,6594,63888,50739,460,691,131,2917,1290,97127,1368,4645,-1161,-1465,390,213,1305747,2919,15604,3484,15788.0,115609
7.955122948,1726,37948,-5277,-1619,48505,7885,3323006,4795,-59,6618,65450,51905,501,655,89,2688,1693,98176,1586,4925,-1949,-1510,292,315,1311668,2767,16251,2966,17108.0,117804
7.955658913,1729,38530,-4373,-1129,51153,8173,3325152,5304,668,7873,69635,50929,430,744,228,3165,1621,100477,1087,4119,-261,-1019,348,394,1321662,1925,16057,3540,18118.0,123371
7.956194878,1971,36940,-4708,-1194,49055,7488,3228190,4833,21,6404,67268,49216,399,618,73,2940,1408,99567,1702,4747,-2032,-1292,295,279,1333338,2360,16593,3758,18355.0,118500
7.956730843,1919,36898,-4340,-785,48006,7535,3179542,5082,306,6392,65948,48457,617,716,84,2834,1744,98354,1745,4578,-1878,-1187,488,289,1333829,2578,15767,3580,19188.0,117382
7.957266808,2162,37775,-4499,-1426,45471,8185,3207822,5354,80,6689,71609,49931,453,638,96,2918,1372,98451,1050,4731,-1982,-939,327,275,1346786,2588,16342,3515,18278.0,125085
7.957802773,1897,38597,-4819,-1602,47635,8582,3170968,5827,220,5866,75750,51206,388,826,84,3215,1415,98731,1916,5670,-1339,-1343,353,255,1354064,2720,17006,3153,17461.0,130653
7.958338737,2263,41139,-4659,-1460,48665,9625,3213757,6009,448,6501,82696,51592,453,740,118,3203,1458,100659,1776,5117,-1460,-922,523,269,1351745,2415,16509,2929,19721.0,141732
7.958874226,2104,40446,-4528,-975,49124,9121,3188545,6427,188,6497,81501,50933,395,776,42,3242,1349,100745,1845,4785,-1047,-1144,400,304,1345075,2869,15994,3359,20928.0,139599
7.959410191,2004,39887,-5237,-1438,51106,9107,3288341,5942,785,6776,77898,49804,481,722,133,3183,1660,101294,1038,4244,-1075,-814,296,316,1357447,2393,15586,3545,19461.0,134838
7.959946156,2165,41856,-4453,-1230,48157,9630,3185707,5830,352,6203,78342,50606,464,833,133,3316,1769,100521,1372,4474,-1484,-1051,433,326,1355109,2247,16637,3462,19914.0,137823
7.960482121,2397,43203,-4399,-970,47771,9963,3240563,6402,413,6029,81071,50146,512,941,128,3025,1526,98062,1527,5092,-466,-755,444,237,1357940,2720,15732,3865,21311.0,143036
7.961017609,2097,41381,-4170,-1137,50055,10173,3110557,6063,-290,5453,81950,51348,486,1082,84,3494,1422,99352,1616,4764,-634,-1083,375,212,1356671,2670,16857,3851,21818.0,141664
7.961553574,2400,41596,-4181,-1017,49699,9066,3070411,5983,445,5891,79659,50176,475,887,17,3302,1621,97689,1600,4498,-1816,-1411,517,375,1358892,2223,16471,4146,22250.0,138704
7.962089539,2335,42261,-4361,-1192,50579,9574,3175444,5765,857,5905,82827,50139,442,762,116,3093,1609,100939,1827,4913,-1369,-1411,401,325,1367179,2855,16688,3699,23298.0,142762
7.962625027,2226,42961,-4264,-964,50646,9665,3175214,6201,-530,5805,86483,50173,374,749,166,3020,1773,101753,1352,4880,-609,-236,325,260,1366001,2892,17763,3092,21729.0,147536
7.963160992,2243,42394,-4079,-994,50210,9051,3059270,6170,35,5963,83225,52202,401,639,59,3002,1673,98440,1452,5476,-1962,-915,303,240,1358568,2909,17170,3229,22521.0,143083
7.963696957,2243,43709,-4635,-1421,52741,10471,3174906,6628,-115,5709,88652,50834,322,721,97,3495,1444,101911,1806,5346,-1384,-1427,372,391,1371788,2270,16986,4033,22895.0,151703
7.964233398,2447,42635,-4831,-957,52610,10032,3140091,6537,-128,5578,83584,49822,496,705,110,3407,1593,100355,1533,4959,-1781,-1264,317,300,1367141,2755,16505,3734,22879.0,145235
7.964768887,2737,43447,-5229,-1272,53167,9552,3179668,6302,-103,5983,85684,50366,432,745,101,3652,1629,102349,2082,5177,-1659,-1386,471,264,1363293,2442,17195,3990,23505.0,147722
7.965304852,2460,44830,-4236,-1225,53019,10079,3203457,6710,526,6496,89769,50409,391,756,81,3396,1809,101779,1516,5845,-769,-1633,501,291,1371611,2477,16164,3772,23195.0,153848
7.965840816,2507,44087,-4331,-1349,49565,9662,3118560,6086,-164,6089,89374,51808,377,758,80,3415,1750,101025,1887,4316,-1113,-1400,405,332,1370830,2207,16342,3529,23592.0,151716
7.966376305,2422,42894,-3951,-1155,49973,10110,2924125,5900,-58,6443,89253,48352,364,685,143,3246,1681,98017,1742,4678,-763,-1168,418,276,1358128,2403,16687,3215,24576.0,150579
7.96691227,1957,38316,-4300,-1069,48007,8826,2765286,5746,-87,5648,86201,45207,430,699,89,3621,1938,98853,1453,4702,-1722,-1382,473,368,1365014,2565,16692,2953,24431.0,141046
7.972270966,1466,32378,-3664,-46,52369,8007,2706095,4694,1502,5535,63737,40948,462,724,52,3435,1762,89026,1313,3758,-2817,-2516,580,336,1817236,1868,19650,2191,11812.0,110282
7.972806931,1490,30242,-3945,-69,54739,7299,2774405,4447,714,5247,58394,43022,491,691,80,3297,1771,90738,1251,3970,-2544,-1927,466,268,1817940,2348,18376,2854,13385.0,101872
7.973342896,1670,33206,-4002,-502,60276,7413,3120947,4819,1398,6399,61419,43724,457,647,94,3305,998,94873,1022,3725,-3056,-2383,283,349,1816481,2392,19398,3216,13086.0,108527
7.97387886,1818,35147,-4608,-437,61995,8591,3205449,4737,524,6697,63921,44290,451,750,133,3468,1314,98064,1307,3991,-2205,-2084,342,353,1820448,2335,18892,2634,12097.0,114214
7.974414349,1716,36286,-4402,-147,58984,8524,3294388,5580,1024,6827,64362,46307,496,747,66,3321,1539,98030,1205,4076,-2661,-2359,443,310,1822252,2535,18980,3350,13524.0,116468
7.974950314,1663,32362,-4219,-86,55934,6563,3135020,4215,824,6939,58462,43937,556,788,109,3614,1194,96974,1165,4345,-2047,-1758,430,207,1821196,2401,17342,2865,12542.0,103265
7.975486279,1579,34791,-4920,-557,61634,7435,3331566,4655,710,6721,59887,45666,489,731,70,3365,1372,100047,1855,4166,-2958,-2128,456,409,1827890,2290,18470,2647,12366.0,108347
7.976021767,2008,36703,-5301,-653,59268,7649,3441055,5274,787,7418,63768,46437,558,755,165,3427,1858,102247,1742,4466,-2367,-1852,487,202,1822493,2190,19080,3069,13874.0,115402
7.976557732,1811,34229,-4578,-225,60298,7533,3323144,5000,651,6692,58438,46229,481,597,69,3324,1418,101038,1103,3840,-3630,-2744,373,332,1829445,2112,18680,2295,12531.0,107011
7.977093697,1288,30963,-4310,-299,58101,6208,3191308,4890,957,6837,52268,44541,471,751,214,3146,1147,98477,1337,4008,-1996,-2189,472,243,1828057,1914,18165,2980,11415.0,95617
7.977629662,1667,35142,-4601,-389,59887,6308,3394007,4780,1091,7113,54886,45483,847,1234,115,3327,1240,100039,1630,4963,-2322,-1851,515,353,1829441,1908,17990,3235,13354.0,102783
7.978165627,1758,38133,-4878,-527,57923,8747,3405464,4877,667,6563,62535,45360,1010,1465,189,3131,1394,100493,1245,4113,-1842,-1176,640,250,1828995,2048,17208,2010,13772.0,116050
7.978701591,2099,41458,-4705,-454,57736,9500,3475166,5205,766,7358,70869,47152,480,806,157,3940,1471,102531,1342,4357,-1280,-1419,376,289,1833056,2063,18066,3353,13408.0,129131
7.979237556,2277,43708,-5084,-394,59108,10197,3508914,6283,765,7304,77416,45754,460,708,94,3194,1805,104976,1954,4670,-2649,-2276,570,447,1829264,2357,17250,2441,14311.0,139881
7.979773045,1950,42709,-4846,-582,60676,10959,3415850,5808,504,7318,82346,49036,523,840,145,3289,2018,105635,1932,5027,-2528,-2279,382,422,1832663,2082,18005,2618,15540.0,143772
7.98030901,2271,44891,-4841,-301,60999,11544,3468079,6622,270,6555,86622,49181,498,755,81,3400,1418,107743,1429,4716,-2477,-2191,374,258,1842925,1905,18884,2546,15655.0,151950
7.980844975,2471,47471,-4509,-202,62424,12343,3472207,6611,284,6366,89627,47530,564,837,103,3612,2155,109931,1845,5004,-2629,-2293,404,324,1847268,2412,18290,2961,17416.0,158523
7.981380939,2505,48268,-4426,83,62763,13385,3453126,7582,830,6221,92528,49158,516,879,148,3853,2112,111359,1341,4832,-1606,-1887,687,273,1848940,2019,18585,2717,17454.0,164268
7.981855392,2430,48005,-4241,83,62591,12503,3458884,6963,888,6648,87219,47906,737,1035,64,3967,1659,116235,1598,5226,-2722,-2123,896,384,1847609,2155,18681,2351,17511.0,157120
7.981855392,2180,43657,-5027,-1017,55260,11108,3316052,6435,497,6430,86614,50102,527,704,147,3294,2061,105609,1916,4989,-1724,-590,343,307,1119573,2559,14709,3281,20086.0,149994
7.982391357,2409,45335,-4625,-1323,55739,12221,3318525,6210,-247,6457,90552,48015,512,866,182,3561,1812,107616,1797,5407,-1233,-969,289,251,1120567,2362,13860,3356,21888.0,156727
7.982927322,2629,46635,-4296,-1054,55712,12448,3295658,6909,378,6645,96118,50441,481,765,87,3739,1629,108593,2471,5279,-1348,-1704,424,380,1130926,2719,15433,4025,22159.0,164739
7.983463287,2517,48695,-4428,-1115,55012,13165,3259356,6936,254,6614,104177,49713,590,880,141,3639,1502,110145,1495,5115,-879,-1400,464,232,1137321,2523,14068,3705,23731.0,175490
7.983999252,2464,49807,-4850,-1225,53918,13690,3271315,6916,303,6826,106979,49086,645,758,63,3653,1709,111320,1679,5278,-1617,-1042,663,265,1141072,2700,15575,3563,23642.0,179856
7.984535217,2575,49498,-4197,-1370,52654,13876,3232750,7074,492,6059,109550,50355,596,827,117,3207,2054,112821,1538,5108,-1656,-1213,413,223,1142717,2662,14358,4127,23836.0,182573
7.985070705,2497,49498,-4502,-647,53380,13378,3233655,7532,-62,6042,108103,52113,528,793,148,3489,2189,113211,1636,5405,-1948,-1168,477,329,1139026,2967,15141,3958,25077.0,181008
7.98560667,2809,51818,-3967,-851,49098,13741,3237887,7284,577,4960,106727,50326,525,824,162,3258,2042,115348,1545,5728,-1130,-911,396,230,1145952,3125,14880,3327,26724.0,182379
7.986142635,2833,52449,-4146,-1153,49439,13455,3216010,7122,201,5398,112215,51212,577,846,59,3545,2234,119476,1926,5929,-1841,-1124,484,265,1149364,2444,14985,3834,26939.0,188074
7.986678123,2649,50763,-4432,-1036,52816,13616,3256512,7470,131,4948,107304,49382,573,816,130,3956,2003,120642,1720,5890,-1467,-871,548,294,1150854,2746,14304,3253,27587.0,181802
7.987214088,3162,53184,-4183,-757,50075,13256,3296097,7712,-319,4308,103829,52170,485,743,87,3748,1810,119745,1196,5858,-1610,-1053,522,315,1152385,2983,14430,3820,26518.0,181143
7.987750053,3019,53170,-4072,-891,52805,14919,3217808,7883,-151,4045,104270,49895,554,797,117,3613,2325,121657,1238,5349,-1586,-1657,424,295,1154344,3028,14521,3676,26054.0,183261
7.988286018,2950,52407,-4084,-1291,50761,14302,3200047,7693,-122,3975,102423,50052,563,820,197,3494,2202,122100,1574,5652,-1469,-934,356,293,1152685,2501,15031,3951,25663.0,179775
7.988821507,2905,51618,-4423,-1052,50579,13742,3221780,7373,422,3548,103468,51389,655,771,103,3522,1705,123317,1968,6421,-2097,-1765,252,311,1149674,2547,14374,3000,26450.0,179106
7.989357471,2692,50263,-4427,-1220,52835,13202,3244448,7601,113,3752,103053,52624,702,799,58,4057,1973,126589,1132,5773,-1835,-854,452,247,1150640,2633,14592,3491,28051.0,176811
7.989893913,2880,48419,-4397,-1137,51914,12257,3316209,7503,67,5120,98020,51091,607,726,47,3688,2014,120920,1365,5755,-2150,-1171,399,310,1149384,2335,14706,2810,24450.0,169079
7.990429401,2523,46882,-4960,-1160,53142,11241,3321151,6620,-162,4765,94529,51275,529,746,78,3475,1772,117958,1668,5932,-1545,-1035,455,233,1148441,2847,14884,4309,26018.0,161795
7.990965366,2598,46604,-5152,-1100,52640,10022,3393928,6074,17,5372,90044,52674,509,849,167,3248,1649,118860,1157,5208,-828,-700,313,183,1147457,2636,14423,3630,23810.0,155342
7.991501331,2731,47169,-4689,-1202,52268,10409,3307502,6658,-42,5179,92814,49685,503,730,156,3529,1652,117787,1777,5861,-1561,-1822,487,368,1149493,2728,14892,3599,24863.0,159781
7.992037296,2525,44353,-5038,-1390,52611,9656,3394391,5809,487,5554,84014,51727,470,686,117,3273,2010,116621,1393,5498,-1426,-1471,365,194,1144586,2717,14894,4208,23172.0,146357
7.992572784,2564,43969,-5022,-1521,53076,9244,3327095,6330,-137,5189,88588,51972,680,787,153,3367,2001,117167,1335,5611,-1247,-1052,485,299,1137527,2372,14342,3449,21667.0,150695
7.993108749,2198,41019,-5451,-1484,53889,7624,3455399,5663,103,5665,75019,49919,581,981,105,3372,1417,115150,1670,5125,-1193,-1681,438,398,1138033,2264,15301,3323,21011.0,131523
7.993644714,2192,37038,-6265,-1372,54428,6876,3552381,5290,-414,5576,64423,49078,791,983,59,2844,1769,113831,742,4800,-1692,-1296,329,232,1135471,2646,14911,2469,18058.0,115819
7.994180679,1815,35025,-6164,-1462,54009,6087,3606778,4218,-109,6657,54965,50384,512,622,92,3114,989,112637,1445,4377,-2344,-1479,388,250,1127371,2659,14379,3616,16111.0,102110
7.994716167,1803,34702,-6130,-1204,55565,4966,3615223,4202,-153,6344,54114,47324,430,557,115,2883,1203,110874,1654,4589,-1437,-916,357,224,1122743,3490,14852,3484,15393.0,99787
7.995252132,1831,33607,-6414,-1908,56401,5199,3557249,4295,302,6553,53322,48538,384,606,108,3310,1488,110675,1392,4984,-1506,-1374,258,212,1120112,2280,13785,3078,14914.0,98254
7.995788097,1421,33094,-6596,-1419,55966,4678,3564740,3872,-119,6473,52038,49831,489,601,131,2906,1347,110643,1650,4712,-1323,-1743,311,292,1116311,2698,13493,3732,14242.0,95103
7.996324062,1367,32488,-5926,-1770,54021,4002,3419080,4192,-46,5934,50477,48074,398,574,95,2923,1231,104313,1240,3704,-1881,-1447,228,334,1092303,1896,13619,3639,13599.0,92526
7.996860027,1541,32007,-6308,-1585,52833,3539,3405525,3864,35,6492,49445,48308,474,709,105,2523,1259,104988,1510,5184,-1215,-932,427,186,1089242,2549,14110,2926,14952.0,90396
7.997395992,1373,33063,-6294,-1631,53312,3081,3464949,4202,118,6465,46197,48631,841,837,62,2962,1240,106525,1211,4343,-1845,-1370,483,320,1085952,2762,13580,3247,15869.0,87916
7.997931957,1572,33231,-5981,-1413,53929,3448,3435536,3718,-2,6344,46355,48786,975,706,29,3164,1130,104690,1127,4272,-1763,-464,516,441,1085563,2278,13691,4211,15148.0,88324
7.998467445,1850,34720,-6233,-1345,53153,5411,3546660,4592,-28,6332,55175,51268,437,598,78,3035,1316,107057,1561,5038,-1563,-1406,340,240,1088661,3494,13647,2542,14094.0,101748
7.99900341,1761,35062,-5956,-1608,53723,5372,3545834,4561,234,7120,58200,49103,709,540,141,2911,893,107460,1624,4937,-1849,-840,326,314,1087617,2617,14041,3445,14510.0,104956
7.999539375,1870,34318,-5651,-1738,50175,5331,3316083,4325,144,6083,57698,48998,445,585,74,2957,1606,102887,1094,4598,-1657,-1169,377,281,1082649,1804,13810,3550,14650.0,103542
8.00007534,1777,34717,-5418,-1370,51789,5666,3330375,4200,0,6108,59872,51022,406,602,101,2862,1582,103590,619,5041,-984,-961,351,194,1088190,2380,13329,4071,15637.0,106232
8.000611305,2035,36471,-5140,-1507,51766,5843,3333287,4948,651,6110,64241,51810,399,656,87,3003,1621,104433,1640,5492,-1898,-1352,328,350,1099523,2131,13356,3639,17035.0,113538
8.00114727,1633,35055,-5338,-1499,51107,6018,3248162,5072,338,6457,63527,49434,469,629,58,3047,1216,102882,1498,4948,-2060,-1072,347,192,1092123,2364,13625,3488,16993.0,111305
8.001683235,1962,38206,-5522,-1550,52665,6831,3367699,5490,-105,6047,70792,51054,417,710,159,3135,1290,108141,1635,5755,-679,-1110,272,175,1099474,2694,14251,3549,17540.0,123281
8.002218246,1997,38219,-5445,-1612,53114,7022,3387946,5154,54,6293,73393,50855,449,728,74,3564,1538,107672,1206,4907,-1893,-1192,415,388,1113745,2315,14267,3587,18505.0,125785
8.002754211,2015,38681,-4961,-1542,53506,5795,3297686,5139,-176,6135,67686,51021,474,680,108,3387,1671,106145,1401,4603,-1576,-1725,520,293,1117598,2344,14899,3180,18927.0,119316
8.003290176,1709,38148,-4900,-1442,52405,6397,3210975,5161,305,5642,60845,51312,785,806,31,3130,1500,103381,927,4733,-1500,-190,790,191,1114615,2229,14441,3674,18654.0,112260
8.003826141,1935,40910,-5446,-1418,53490,8256,3327138,6082,-239,6201,77876,51895,480,652,47,3110,1791,106684,741,5253,-1626,-1137,319,247,1122164,2709,14432,4183,21008.0,135059
8.004362106,2269,40817,-5356,-1655,54397,8074,3308246,5774,281,6025,79351,50563,544,696,116,3186,1432,106691,1845,5708,-2071,-1411,459,322,1128204,2451,14468,3090,24034.0,136285
8.004898071,2258,39873,-5006,-1538,53211,8293,3256324,5724,98,6004,81729,52540,410,643,43,3245,1194,107346,1758,4959,-1445,-1042,431,258,1119990,2348,14303,3246,24909.0,137877
8.005434036,2457,40814,-5034,-1835,54035,7744,3279502,5911,768,6328,79562,51673,439,741,125,3424,1653,109923,1450,5602,-1041,-919,539,423,1123386,2547,14150,3535,24205.0,136488
8.005969048,2133,41586,-5169,-1019,57687,8099,3332233,5907,-325,6127,83719,49645,498,656,114,3512,1592,111681,2219,5107,-2234,-885,454,261,1133480,3078,14454,3315,23498.0,141444
8.006505013,2307,42321,-5168,-1580,56245,8969,3265707,5865,-332,5818,85426,49723,463,761,161,3544,1498,110757,1497,5285,-1131,-1110,288,228,1134765,2446,14928,3340,23731.0,144888
8.007040977,2385,42490,-4531,-1258,54144,8918,3260674,7100,21,5931,87543,51868,567,721,43,3401,1768,112996,1481,5192,-2118,-1080,480,260,1138199,2162,14652,2769,26508.0,148436
8.007576942,2416,42395,-5221,-1510,55816,8880,3287415,5903,156,5902,82633,52132,494,706,70,3777,1900,111973,1417,5282,-1646,-1284,497,216,1140123,2636,14586,3765,26064.0,142227
8.008112907,2361,39606,-4787,-1417,56121,7227,3138269,6056,-738,4991,75998,49413,478,613,48,3261,1351,108240,2047,5027,-1964,-830,445,209,1139544,2738,15048,3075,23909.0,131248
8.008648872,1929,41942,-4670,-1464,54566,9028,3212077,6537,-136,5638,85497,51571,622,769,113,3657,1676,110083,1207,5065,-2115,-658,530,327,1139760,2663,14366,3310,26292.0,144933
8.009184837,2336,42680,-4883,-1435,55729,8447,3343135,6599,318,5950,84080,49358,667,1195,74,3484,1531,113551,1352,5241,-1851,-1322,448,447,1140446,2653,15385,4003,27175.0,144142
8.009720802,2468,43375,-5249,-1363,55415,9482,3349101,6141,100,6369,84673,51413,731,1086,36,3458,1580,112701,1348,5430,-1901,-1550,433,278,1139632,2222,14753,3648,25532.0,146139
8.010256767,2314,43995,-5123,-1318,54422,9822,3366709,6417,161,6313,88491,50415,527,759,21,3340,1691,112122,1348,5334,-1854,-884,441,201,1139229,2522,14362,4146,23987.0,151039
8.010792732,2334,43674,-4782,-1464,54379,8844,3357047,6609,-18,6548,86302,50986,544,696,50,3638,1774,112120,1165,4632,-2021,-1027,492,224,1134756,2892,13252,4231,23294.0,147763
8.011388779,2713,44266,-5468,-1534,54042,9663,3391647,6311,365,6231,87665,52343,544,797,144,3527,1563,113491,1516,5339,-1408,-989,395,243,1132965,2314,14551,3983,23715.0,150618
8.012202263,2619,42835,-4887,-1256,53374,9437,3373117,6415,760,6648,84061,51853,597,702,29,3490,1963,111877,1241,5181,-2439,-1536,456,268,1136545,2589,14382,3577,24464.0,145367
8.013015747,2162,39036,-4954,-1482,54347,7019,3310661,5397,-210,6338,78617,47439,595,689,20,3440,1983,109537,1469,4856,-2078,-912,505,355,1137309,2466,14040,3566,22509.0,132231
8.013830185,2331,40484,-5476,-1922,54440,6571,3390249,5584,489,6375,75293,50269,463,583,86,3530,1391,107022,1793,4581,-2172,-851,416,407,1132854,2688,14576,3777,19943.0,130263
8.014643669,2162,40085,-5623,-1371,52272,6452,3352794,5519,-302,6125,71650,51978,480,716,83,3259,1489,105084,1151,5172,-1936,-1183,435,253,1134360,2977,14143,4324,19769.0,125868
8.015457153,2105,38972,-5148,-1269,54051,6844,3379967,5351,39,6850,72131,49473,480,735,158,3252,1414,105133,1648,5321,-1472,-1621,473,354,1140415,2898,14823,3449,19439.0,125403
8.016271591,1939,37311,-5220,-1283,52014,6591,3392362,5169,-147,5994,66534,50051,497,761,122,3412,1187,104732,1385,4544,-939,-517,349,272,1136532,2531,13576,3358,17462.0,117544
8.017085075,2089,38769,-5268,-1570,53307,7202,3385995,5868,115,5801,72610,49509,642,767,23,3589,1702,109627,1491,5391,-1738,-721,582,161,1136039,2295,14345,3449,18407.0,126538
8.01789856,2190,39049,-5481,-1490,52208,6007,3388266,4922,141,5922,68985,49211,1101,1091,122,3070,1328,106026,1524,4303,-1709,-296,564,209,1133559,2878,14121,4071,18783.0,121153
8.018712997,1878,40177,-5436,-1791,53765,8024,3430701,4788,-189,6215,74316,50586,640,830,70,3352,1806,109154,2405,5141,-1484,-926,497,227,1136085,2384,15205,3379,19163.0,129183
8.019526482,2009,39754,-5299,-1624,53801,7190,3434598,5150,-187,5994,74399,48961,747,1037,13,3154,1418,107282,1367,5321,-2414,-2129,428,459,1132797,2339,14592,3331,18974.0,128502
8.020339966,1924,40881,-5301,-1542,52997,7750,3481488,5293,345,6729,76316,51753,1579,1259,34,3318,1445,108371,1479,5087,-1510,-843,581,192,1129706,2911,13905,3141,18871.0,132164
8.02115345,1878,39004,-4666,-1143,53477,7945,3323132,5608,57,6654,72371,49747,486,700,68,3233,1211,104628,1938,5642,-2200,-1623,318,289,1127739,2175,14762,3300,19271.0,126806
8.021967888,2261,38719,-5716,-1992,53922,6302,3292578,5012,29,6247,73888,48825,513,654,105,3437,1528,104572,1307,4859,-1823,-1171,481,331,1118711,2940,14242,3230,18437.0,126182
8.022781372,2317,39604,-5638,-1752,54488,6706,3385527,5241,433,6148,77057,50004,551,738,62,3186,1810,107980,1066,4765,-1974,-1596,479,321,1107068,2484,14751,3543,18644.0,130925
8.023594856,2267,39428,-5380,-1838,57234,7471,3395906,5210,132,6194,83186,48835,508,630,94,3584,1339,110008,1310,5119,-2249,-1248,482,233,1099485,3050,13766,3947,20122.0,137562
8.024409294,2154,39999,-5593,-1708,56877,7203,3370330,5337,208,6360,80783,48676,441,608,84,3239,1208,110326,1871,5698,-1986,-1817,514,223,1093996,2704,13518,3176,21331.0,135476
8.025222778,1937,38621,-4931,-1390,54129,8457,3301239,5234,60,5572,75851,50315,487,659,108,3444,1689,108868,1634,4435,-1994,-1547,507,301,1092924,1957,14452,2995,22089.0,130100
8.026037216,2200,40349,-5290,-1285,55768,7316,3286314,6063,331,5411,79950,49620,502,710,83,3631,1381,109021,1704,5041,-1447,-1240,414,260,1094385,2245,13708,3523,20876.0,135878
8.0268507,2259,39522,-5408,-1537,54239,6395,3256480,5623,-207,5754,78941,49172,531,688,64,3441,2013,108736,1472,4300,-1468,-758,353,171,1091213,2428,13962,3730,21637.0,132740
8.027664185,2077,42052,-4995,-1278,56483,8314,3410091,5328,-562,5676,82206,49075,507,697,104,3474,1890,113262,1604,5316,-1675,-1303,278,297,1094565,2356,13217,3763,22606.0,139977
8.028478622,2096,42145,-5659,-1335,57016,7811,3389480,5417,-144,5915,81757,47854,500,727,73,3408,1213,110547,1722,4827,-1690,-1253,518,175,1103034,2412,13521,3913,22209.0,139226
8.029292107,1890,40919,-5615,-1619,55205,7210,3322827,5165,-96,6097,75758,50036,482,669,149,3323,1524,108861,1466,5031,-1449,-1246,287,250,1126342,2385,14645,3682,21366.0,130942
8.030105591,2281,40884,-5445,-1938,54069,5734,3342017,5607,-69,6136,77508,49136,477,698,129,3082,1944,108727,1464,5240,-2443,-2202,379,362,1139338,2486,14178,3407,22737.0,132014
8.030920029,2266,41211,-5705,-1880,54675,6946,3392608,5836,-129,6121,76147,49349,455,609,126,3019,1321,111432,1745,5227,-1192,-976,295,199,1141502,2651,14581,3384,22686.0,132406
8.031733513,2397,43751,-5603,-1699,50348,6997,3467491,5235,231,6048,74959,49865,483,662,59,2785,1431,110414,1583,5082,-1900,-1297,514,114,1147857,2362,14028,3050,22154.0,133339
8.032546997,2732,43600,-5323,-1713,52572,7513,3490868,5887,-84,6002,82442,50308,473,678,126,3225,1376,112609,1132,5157,-1142,-964,269,186,1155657,2481,14214,3320,22447.0,142174
8.033360481,2352,43421,-5279,-1788,54475,8829,3474779,5363,20,6433,83341,48815,575,791,119,3197,1691,111619,1397,5488,-2252,-1766,487,390,1150733,2717,14302,3111,22760.0,143306
8.034174919,1960,39423,-5237,-1964,51950,7145,3311017,5767,771,6460,78920,46841,530,696,106,3144,1851,110116,1141,4877,-1879,-1406,459,376,1107882,2670,13669,3855,23398.0,133215
8.034988403,1786,36899,-5162,-1587,52362,6296,3227781,5328,-6,5715,76558,48252,550,642,44,3379,1393,110722,1535,5970,-2040,-954,492,283,1127565,2523,13652,4289,23445.0,126867
8.036616325,1972,38832,-3955,-171,62026,11208,3332597,6159,704,7027,80586,53330,564,720,60,3486,1800,117541,3035,5338,-2105,-976,383,256,1370537,2619,17154,2947,22136.0,138757
8.03742981,2062,36588,-4156,-177,63275,11310,3258946,6209,204,6513,80697,51538,557,837,100,3690,1870,114777,1262,4981,-1546,-1412,414,313,1356639,2443,16584,3534,21636.0,136866
8.038243294,1633,36085,-4335,-515,58071,10890,3254304,5640,600,6478,77654,48755,537,832,103,3467,1592,112349,1581,5230,-1069,-1116,340,180,1354132,3446,16460,3408,19842.0,131902
8.039057732,1933,35955,-4015,-445,55944,10823,3302968,6009,179,6584,75085,51527,864,707,143,3750,1246,110738,1869,5064,-1868,-1217,438,474,1350993,2637,15878,2971,19780.0,129805
8.039871216,1968,38851,-4454,466,57127,11229,3474348,6463,511,6753,86294,51834,14537,1557,0,3495,1579,113763,1830,4761,780,1048,1713,203,1338123,2873,15687,3045,20273.0,144805
8.0406847,1739,35213,-4331,851,56109,10590,3328826,5917,906,6819,91719,52011,39781,2987,-145,3489,1167,108197,1691,5308,624,1308,4856,76,1347401,2814,15645,4133,19585.0,145178
8.041499138,2126,37889,-4500,-723,57417,9767,3484412,5227,442,6326,75226,50921,867,952,89,3201,1284,109096,1641,4498,-1246,-539,458,225,1339924,2461,15715,3657,19068.0,130235
8.042312622,2169,36967,-4368,-710,57537,9890,3344373,5641,436,6526,74970,50648,1480,887,108,3243,1849,108192,1546,4298,-1301,-214,760,166,1342670,2664,16675,3278,18668.0,129637
8.04312706,1911,36306,-4737,-634,57517,9878,3402490,5424,720,6428,74820,48804,782,859,65,3840,1603,108296,1287,4884,-2279,-702,465,465,1341745,2727,15664,3823,18898.0,128339
8.04393959,1920,36564,-4370,-484,57879,9472,3353274,6001,626,6657,74863,51583,634,757,116,3268,1882,107092,1538,4979,-1498,-467,547,176,1343688,2117,15424,3572,18865.0,128820
8.044754028,1856,36989,-4191,-592,56662,9581,3390720,5550,86,5874,74022,51712,473,781,87,3209,1487,107569,1305,5215,-949,-612,407,175,1356106,2953,16850,3390,17784.0,127998
8.045567513,2007,36403,-3959,-888,59673,9494,3376823,4817,554,6393,73835,50440,741,884,57,3422,1411,105874,1417,5164,-2091,-909,616,281,1355708,2663,16301,3450,19314.0,126556
8.04638195,1834,37705,-4702,-820,59080,10027,3397075,5358,809,6826,75146,51893,502,788,129,3518,1140,107561,1503,4621,-1110,-601,492,296,1362434,2982,16112,3186,18945.0,130070
8.047195435,1909,38418,-4298,-672,57107,10178,3403442,6105,833,6383,76703,50923,439,647,37,3510,1986,108515,1369,5513,-1679,-1153,316,246,1370274,2816,15792,3391,19447.0,133313
8.048008919,2129,37984,-4286,-680,57929,9480,3369913,5560,407,6757,75358,50453,492,733,144,3432,1837,106032,1429,5541,-1571,-934,366,385,1368757,3393,16146,4070,19023.0,130511
8.048823357,1979,37843,-4201,-954,56959,10482,3366354,5902,298,6578,78130,51220,435,759,129,3137,1615,106348,1568,4492,-1061,-409,435,380,1364138,2974,15092,3751,21383.0,134336
8.049636841,2064,39352,-4472,-911,58461,10475,3363364,5933,376,6246,81117,50914,483,840,68,3663,1797,109514,1577,4468,-1886,-1306,677,520,1364199,2538,16482,3595,20418.0,138941
8.050450325,2460,40748,-4650,-492,59551,10244,3398440,6063,1169,6564,82499,50109,536,789,61,3646,1877,109995,1523,5068,-1466,-987,432,229,1367249,2811,15852,3151,21197.0,142014
8.051264763,2047,41173,-4540,-853,58562,11408,3383778,6303,201,6628,84913,51499,551,868,98,3595,1582,109585,1235,4562,-1143,-496,480,232,1376655,3003,15953,3786,20903.0,145844
8.052078247,2271,41455,-3970,-389,58301,11576,3346296,5406,-31,6586,85885,51947,603,838,61,3763,1934,107700,1536,5008,-1617,-942,466,213,1385670,2974,16567,3460,21917.0,146593
8.052891731,2507,41823,-3863,-372,57193,11287,3324867,6448,652,6647,86979,52515,449,807,116,4016,1686,108100,1343,5043,-1396,-1390,393,266,1382299,2843,15155,3709,21733.0,149044
8.053705215,2264,42349,-4118,-594,59970,11779,3331258,6910,458,7184,88667,50587,446,736,83,3855,1601,108500,1317,4975,-818,-961,262,204,1387545,2825,16958,3880,21741.0,151969
8.054519653,2549,42587,-4589,-666,61341,11895,3369105,5941,715,6718,85403,51174,531,900,204,3696,1730,109865,1913,5527,-1022,-889,293,237,1382114,2682,15756,3871,21712.0,148375
8.055333138,2271,43174,-4212,-726,58810,13219,3345662,6575,411,6831,89195,51924,512,832,81,3590,1625,108122,1930,5499,-1556,-720,439,265,1383613,3201,15992,3874,21823.0,154434
8.056146622,2526,43445,-4045,-646,56505,12529,3334364,6288,174,6659,90602,50399,482,777,35,3539,1761,108426,1779,5421,-1600,-1233,365,267,1389801,2924,16789,4170,21098.0,155390
8.05696106,2449,43604,-4369,-758,56994,12718,3328443,6890,761,6956,90618,52052,513,811,105,3886,1622,106950,1904,5286,-1658,-1230,409,283,1386743,2944,16350,3741,20948.0,156279
8.057774544,2493,43085,-3861,-923,55967,12002,3281702,6224,1,6095,85142,52062,545,854,130,3522,1432,105259,1457,4901,-1693,-1534,666,383,1380877,2724,16149,3163,20500.0,148946
8.058588028,2454,44085,-4067,-620,54448,12931,3289525,6814,885,6581,94174,51531,1345,884,124,3484,1821,105986,1638,4799,-1581,-627,773,439,1379727,2293,15009,2501,21587.0,160458
8.059402466,2550,43871,-4255,-809,53908,11919,3361634,6231,454,6469,89896,52145,600,821,96,3636,1800,107834,1802,4882,-1942,-1499,579,384,1381085,3430,16342,3951,21814.0,154467
8.06021595,2401,44277,-4594,-471,55683,12966,3380370,7023,335,6660,90809,51868,532,831,84,3435,1913,107829,1763,5414,-1793,-692,396,344,1379142,3207,16422,2883,20171.0,157476
8.061029434,2567,44332,-4012,-580,55033,12454,3351457,6713,591,6663,95460,52658,501,875,65,3642,1801,108025,2406,4998,-910,-829,435,168,1381014,2779,16327,3153,20882.0,161526
8.061843872,2644,46126,-3987,-312,54814,13324,3411854,6927,152,6318,97071,52441,507,887,50,3396,2094,108762,2054,4966,-1948,-1598,494,349,1380727,2556,16768,2933,20958.0,166092
8.062657356,2599,45175,-4388,-364,55978,13072,3357770,6895,1137,6998,93233,51152,497,905,102,3437,2115,106695,1355,5138,-1121,-1252,512,314,1382875,3072,16947,3866,21485.0,160974
8.063471794,2711,44818,-4093,-673,56907,12633,3386377,6639,480,5807,91625,50112,584,783,87,3732,1620,105280,1174,4623,-1710,-830,313,237,1379745,2606,17408,3253,20748.0,158426
8.064284325,2936,46045,-4083,-349,56172,13370,3395468,7252,-20,5938,94357,53168,504,801,69,3456,1986,105984,1191,5071,-1320,-929,375,235,1381080,2820,15926,3911,21906.0,163960
8.065098763,2411,44313,-4417,-1017,55490,13225,3367828,6053,-40,6045,93876,54254,536,840,116,3692,1943,107032,1917,5434,-1109,-911,481,207,1383704,3257,16453,3497,20814.0,159878
8.065912247,2785,45322,-4201,-748,57996,12389,3385366,6841,569,6004,92677,52171,484,854,241,3711,2356,106235,1641,5186,-793,-1011,514,234,1384959,2523,16688,4041,21231.0,160014
8.066726685,2146,43882,-3759,-469,58194,12928,3330397,6704,25,6525,92139,50976,584,906,132,3508,1500,105974,1825,4913,-1494,-1058,410,337,1385350,2863,16427,3149,22066.0,157799
8.067540169,2373,44880,-4208,-313,57893,12984,3380180,6885,-102,6415,91186,52077,530,838,137,3421,1701,107211,1644,4847,-1523,-1503,377,297,1381479,2369,16309,3623,22879.0,158308
8.068353653,2822,46407,-3474,-353,58686,13506,3340879,7121,356,6233,98840,53032,432,854,156,3660,1951,109351,1517,5085,-384,-565,343,222,1380779,2551,16117,3124,22970.0,168696
8.069168091,2680,45896,-4261,-586,57881,13010,3379028,6387,302,6404,93473,51987,579,907,155,3279,1659,108578,1467,5117,-957,-1063,431,259,1384777,3014,16599,2928,24448.0,161446
8.069981575,2753,44248,-4241,-808,56381,12242,3409225,6686,646,6309,89728,53994,476,823,118,3730,1758,107396,1185,5042,-1330,-1341,581,433,1383786,2738,16485,2958,22404.0,155657
8.070795059,2514,43410,-4376,-960,58198,12549,3382299,5720,163,6453,91352,53605,389,672,40,3701,1924,108387,2246,4869,-2403,-1619,440,256,1381989,2746,16767,3489,20814.0,155545
8.071609497,2556,43902,-4071,-487,57048,12545,3388951,6332,223,6773,89487,52571,405,702,79,3407,1665,107706,1429,5097,-1261,-1557,379,292,1372652,2813,17778,3298,20724.0,154822
8.072422981,2841,43769,-3972,-412,57271,12174,3396307,6146,558,6950,88234,53306,448,805,135,3593,1721,107263,1225,5571,-1046,-903,451,199,1374220,2950,16869,2822,18486.0,153164
8.073236465,2145,42031,-4222,-878,58112,11656,3381681,5841,447,6133,85324,51636,474,746,130,3638,1508,107424,2255,4620,-1069,-1327,329,295,1366840,2729,16739,3044,18736.0,146997
8.074050903,2295,41492,-4154,-383,58473,11822,3378692,5888,897,7128,85611,52201,461,789,173,3465,1853,106511,1981,5353,-684,-840,394,300,1358184,2585,15849,3491,17371.0,147108
8.074864388,2214,40448,-4179,-714,57007,11531,3355416,6003,559,6394,81729,53416,415,791,57,3602,1809,106187,1886,4969,-1382,-314,307,268,1354918,2786,15851,3224,17210.0,141925
8.075677872,2266,41281,-4269,-419,59211,10120,3383903,5597,276,5785,78720,51966,495,802,122,3286,1880,104672,1571,5069,-1582,-1359,505,272,1364726,2931,15805,3534,17673.0,137984
8.076491356,2256,37443,-4202,-916,56858,9600,3206367,5500,123,6286,71378,51403,891,864,181,3391,1638,101966,1477,4660,-1683,-771,700,387,1350041,3053,15747,3706,17255.0,126177
8.077305794,2306,35395,-3821,-650,53347,10382,2875061,5690,694,5938,74225,48768,602,769,81,3787,2286,101434,1354,4098,-1569,-935,452,204,1345051,2047,16188,3345,20215.0,127998
8.078119278,2041,37802,-4221,-570,57205,10730,3196049,5738,292,6398,75366,52242,454,721,128,3715,1691,100677,1393,4907,-1195,-982,326,218,1335808,2652,15629,3499,18591.0,131677
8.078932762,1953,37354,-4249,-497,57205,9678,3284641,5679,35,5955,73974,52763,385,780,131,3252,1411,101666,2080,5234,-439,-672,314,157,1334520,2654,15437,3357,17001.0,128638
8.0797472,1907,38510,-4592,-741,59090,9640,3319119,5527,196,5992,74660,51291,395,699,74,3428,1408,102271,1750,4898,-551,-819,307,133,1351958,2398,16072,4031,16528.0,130244
8.080560684,2177,39711,-4406,-434,59403,11685,3314111,5610,844,6010,79551,50878,496,829,128,3477,2127,104966,1343,4585,-1057,-1340,449,294,1350452,3187,16544,3731,16796.0,138734
8.081374168,2089,40839,-4499,-912,56965,12071,3309974,5390,322,5787,81867,52363,390,826,70,3399,1576,103055,1116,4953,-607,-1049,510,248,1360838,2934,15598,4087,17234.0,142256
8.082188606,2304,42234,-4147,-451,56750,12085,3361034,6011,113,6652,82334,50701,415,771,147,3455,1674,104142,1511,5160,-1091,-1561,638,414,1348515,2684,16148,2994,17363.0,144968
8.08300209,2278,42002,-4220,-818,56735,12534,3352300,6329,531,6047,81639,49998,423,815,128,3377,1746,103473,1319,4964,-844,-1485,430,254,1344449,2543,16180,4048,17172.0,144782
8.083816528,2084,42148,-4791,-1006,57251,12945,3353979,5688,-203,5388,82071,49901,397,793,82,3425,1690,103306,1421,5455,-1398,-1448,445,288,1352677,3401,15915,3873,17465.0,144936
8.084629059,2544,45206,-3771,-489,55669,15666,3226187,6541,615,6637,89841,53540,427,812,105,3335,1756,102450,1368,5668,-1150,-904,573,202,1348823,2002,15808,3487,18147.0,159798
8.085443497,2354,45556,-3865,-762,54980,15867,3226295,6340,285,6019,89900,51234,418,746,94,3482,1945,103362,1876,4805,-1094,-1393,310,339,1347160,2281,15767,2976,22239.0,160017
8.086256981,2718,48485,-4060,-1144,54837,16296,3244165,6601,286,6954,90408,51763,372,778,90,3439,2489,103207,1707,5093,-1151,-1427,528,400,1359716,2957,15960,3629,21766.0,164508
8.087071419,2860,48992,-4123,-749,54845,17778,3236984,6717,349,6472,91344,52094,453,835,93,3458,2433,103970,1916,5346,-1075,-824,547,210,1351908,2879,15802,3280,21014.0,167691
8.087884903,2504,48060,-3606,-826,54716,17981,3172937,6909,432,6348,90891,52532,411,795,116,3567,2362,101886,1340,5529,-1513,-1041,522,355,1356029,2660,16418,3733,19773.0,166345
8.088698387,2613,48472,-3946,-826,54095,18603,3120641,6540,349,6356,91119,51228,399,755,88,3460,2426,101372,1788,5807,-1288,-1057,563,192,1359008,2815,15925,3388,21643.0,167347
8.089512825,2457,50382,-3720,-795,56940,19879,3107970,6367,791,7230,93626,50497,358,792,135,3538,2414,103949,2044,5222,-500,-865,590,199,1367605,3246,17010,3547,20987.0,172711
8.090326309,3034,56904,-3659,-378,54966,25769,2948517,6760,561,6286,98767,52199,464,904,158,3456,2957,100192,1363,5758,-1004,-868,531,219,1370707,2821,16417,3865,22502.0,191234
8.091139793,2736,55804,-3311,-401,57839,26338,2968021,6955,558,6989,98397,50656,429,748,107,3544,3091,100529,1911,6490,-1430,-1415,582,404,1369823,2360,16753,3654,22927.0,190230
8.091954231,3165,60305,-3146,-483,55928,29237,2878848,7700,502,6440,97208,49608,375,856,130,3624,3303,99358,2185,5849,-1115,-1373,559,299,1369356,2608,17266,3783,22412.0,197615
8.092767715,2902,60069,-3118,-400,55992,31580,2798362,6900,716,6564,99801,50444,363,894,145,3989,3392,96777,1725,6824,-777,-875,564,383,1374740,3004,16574,4182,22774.0,201252
8.0935812,3516,69204,-2849,-27,56061,41628,2687667,7923,709,6604,106533,50523,435,1108,186,3486,4515,96827,2725,6565,-517,-1171,609,235,1380910,2376,17291,3740,23495.0,228804
8.094395638,3074,65425,-3133,-542,56773,38277,2624434,7734,628,6358,100817,50169,608,1009,177,3760,3966,94824,1896,7222,-1463,-677,828,237,1377315,3193,16308,2866,22363.0,215327
8.095209122,3159,68253,-2754,-625,52312,41657,2521597,7761,1037,6453,97447,48251,409,980,85,3663,4978,90685,2352,6761,-959,-823,797,316,1377129,3036,16638,3551,23026.0,218277
8.096022606,3292,71990,-2514,-210,52641,46905,2503726,7675,1097,6783,103664,49962,456,1082,258,3879,5469,91068,1937,7298,378,-441,945,258,1385582,2410,17146,4231,23257.0,233526
8.09683609,3447,72915,-3091,-671,52371,46565,2521328,7930,698,6568,103966,49022,449,1053,105,3725,5568,89439,2156,7579,385,-954,993,252,1384462,3262,16491,3976,22085.0,234823
8.097650528,3820,89216,-2331,-502,50623,61591,2319486,8078,648,6538,112084,48453,480,1166,175,3654,6268,89571,2020,7569,172,-1153,1000,168,1384429,2708,16941,3706,21839.0,274789
8.098464012,4405,98831,-1861,-153,50178,67502,2201513,8815,1011,6237,114431,46275,469,1276,197,3593,6160,86997,2006,7322,-682,-846,960,331,1387875,2257,17597,3261,21915.0,293984
8.100901604,4099,89375,-2230,-314,51818,68732,2171987,8462,596,6608,115388,48664,494,1395,212,3967,8192,80142,2687,8635,35,-374,1119,352,1388382,2252,18063,4278,21981.0,286056
8.101715088,3623,83420,-2505,-456,53257,59270,2387491,7972,1000,6571,107058,49918,415,1172,124,3746,6836,84610,1799,7553,-334,-1325,914,243,1381601,2770,17155,3787,21983.0,261343
8.102529526,3626,72146,-2579,-463,53196,48106,2561793,7278,912,6569,94119,51000,662,1197,115,3478,5241,87970,1866,6687,-1258,-851,925,184,1381975,2790,17148,3215,20086.0,225275
8.10334301,2548,48146,-4024,-587,56772,21901,3117244,6224,302,6514,76973,51012,675,954,134,3899,2605,97575,1604,5477,-1457,-1022,716,274,1368306,3742,15931,3796,18305.0,155792
8.104156494,1931,36795,-5209,-558,60191,9525,3398365,5234,205,6284,69134,49688,517,694,117,3465,1669,103834,1733,4439,-1575,-1326,416,236,1365608,2987,17352,2648,16488.0,122619
8.104970932,1880,36266,-5128,-680,59754,8277,3369140,5424,198,5871,68980,52368,348,592,50,3566,1307,102642,1715,4792,-1682,-1175,506,258,1362977,3244,15764,3763,16959.0,120827
8.105784416,1751,34573,-4621,-843,59696,8109,3297293,5112,525,6453,66854,49604,356,674,89,3413,1270,101518,1447,5308,-488,-1137,409,189,1356168,2502,16802,2903,16203.0,116399
8.106598854,1502,34834,-5079,-904,61033,7698,3312731,5188,276,6493,67046,49571,313,588,136,3371,1450,100591,1041,4962,-1128,-988,448,236,1353872,2946,16013,3006,15806.0,116268
8.107411385,1759,35526,-5002,-1055,60015,8420,3312521,5088,253,6534,69066,52010,339,690,204,3746,1445,101163,1587,4848,-707,-909,534,262,1353225,2803,16193,3805,15400.0,119859
8.108225822,1665,36751,-4667,-1124,59364,8723,3322335,5479,843,6121,72099,50060,354,731,175,3543,1483,101538,1510,4763,-542,-815,362,285,1355307,3129,17372,3828,17753.0,124717
8.10904026,1979,36417,-4913,-1085,58814,8375,3279527,5298,612,6265,72431,49807,363,667,108,3571,1495,101146,1840,4728,-1337,-1416,490,350,1350519,2114,15665,4290,17766.0,124500
8.109852791,1935,39829,-4481,-1286,59317,14373,3157508,5563,583,6505,76873,49808,474,770,86,3598,2199,98791,1280,5200,-1510,-931,623,236,1344409,2764,16422,3725,18048.0,138573
8.110667229,1990,37979,-4931,-1075,58308,8907,3312161,5385,276,6645,75072,50987,425,758,99,3664,1569,100485,1269,4876,-945,-738,388,330,1333197,2340,15624,3827,18737.0,129333
8.111480713,2038,38097,-4539,-791,57666,9493,3342816,5672,599,7164,73848,52314,445,734,111,3271,1240,101033,1751,5038,-1197,-1089,546,394,1329060,3461,16662,3751,18575.0,129148
8.112295151,2229,40975,-4397,-600,58311,9575,3380996,5647,384,6700,80190,50245,414,736,85,3460,1784,102605,1591,4714,-1071,-1283,477,263,1329121,2850,16703,3244,18533.0,138616
8.113108635,2295,40385,-4624,-1002,56008,9889,3365330,5933,974,6838,80630,53387,469,692,101,3476,1133,101837,1627,5809,-1562,-1270,510,234,1326142,2561,15837,3750,18222.0,139132
8.113922119,2272,40720,-5059,-1075,59304,10230,3347781,5577,286,6025,79311,50486,386,672,146,3683,1582,102194,1698,4642,-712,-864,360,206,1325086,3453,15952,3584,18005.0,138110
8.114736557,2045,41920,-4888,-1020,57773,11265,3314640,6205,728,7019,78707,52345,402,848,69,3371,1857,101480,1774,5705,-459,-757,459,228,1330373,2667,15535,3900,19837.0,140142
8.115550041,2303,40186,-4821,-1360,57198,9419,3327831,5833,856,6737,79282,52943,441,770,114,3479,1248,100862,1692,4868,-823,-1182,372,171,1326708,3089,16360,3552,19821.0,137023
8.116363525,2120,39897,-4348,-1022,56531,8689,3262406,5631,482,6691,78416,51872,535,872,92,3164,1617,100122,2017,4970,-1435,-852,363,224,1337162,2639,16269,3952,20344.0,134753
8.117177963,2336,41098,-4162,-1085,56621,10973,3223300,6310,474,6362,78798,52054,399,847,123,3396,1840,100423,1661,4904,-787,-697,329,226,1330803,2909,15550,3418,22402.0,139515
8.117991447,1984,38494,-4481,-1102,60247,10123,3237143,5876,386,6412,76931,53110,590,859,62,3476,2078,100912,1525,4859,-1630,-1262,573,273,1344300,2669,15478,3583,20806.0,133408
8.118804932,2139,38362,-4471,-685,61658,10532,3286425,6054,69,6836,82863,49433,469,778,93,3635,1422,103721,2035,4612,-1252,-1183,453,448,1357101,2609,15955,3827,20393.0,139950
8.119618416,2272,40401,-4373,-1085,58072,10934,3293544,6037,313,6703,83761,53116,396,776,63,3736,1279,103212,2028,5164,-1076,-871,396,246,1352132,2985,16408,2842,21188.0,143405
8.120432854,2206,41481,-4435,-721,57408,10696,3314122,6139,490,7327,84768,51986,428,728,140,3098,1693,102509,1734,4794,-966,-798,520,187,1362492,2851,15923,3265,20914.0,145290
8.121246338,2195,41331,-5066,-1303,55921,8974,3310839,5994,384,7053,80988,52617,524,701,82,3461,1672,103106,2015,5082,-1712,-1338,452,229,1362223,2926,16548,4046,21517.0,139482
8.122059822,2167,41314,-4455,-957,57516,9869,3262728,5949,905,6545,81259,51024,435,779,91,3342,1811,102940,1674,4311,-1029,-1276,528,332,1367834,2942,15456,4419,21658.0,140558
8.12287426,2443,41623,-4002,-687,57697,10649,3241864,6096,657,6278,81591,51447,454,871,96,3653,1438,102238,1420,4948,-1056,-898,394,316,1363542,2396,16159,3554,21516.0,142402
8.123687744,2415,41124,-5163,-1409,57855,9471,3257977,5815,739,6385,82350,52001,495,910,106,3647,1757,103108,1925,4955,-1018,-844,517,276,1363903,2940,15307,3680,20395.0,141175
8.124501228,2114,42742,-4638,-1079,56322,9864,3256987,6197,268,6504,88272,52246,370,794,185,3494,1642,106548,1401,5430,-876,-1431,447,251,1368199,2945,15446,3606,22167.0,149189
8.125315666,2159,40657,-4458,-1149,56212,10017,3321399,6399,-143,5846,84257,51390,493,800,135,3196,1851,105843,1303,4657,-1673,-882,436,301,1366268,3010,16346,3907,20912.0,143489
8.12612915,2330,40202,-5114,-926,58054,9408,3338943,6113,419,6519,84380,50804,408,755,90,3420,1776,105600,1282,5141,-1281,-913,329,136,1360100,2605,16405,3830,19545.0,142433
8.126943588,2113,39040,-4608,-1239,58856,9365,3315337,4768,586,6473,82925,50160,454,678,83,3236,1666,103562,1601,5333,-1733,-860,357,205,1365173,2316,15806,3635,20122.0,138211
8.127757072,1881,37921,-4526,-1045,57319,9019,3354322,5824,590,6299,79202,52927,458,764,192,3546,1798,104149,1539,4854,-1262,-1261,437,259,1367774,2691,16309,3556,18438.0,133847
8.128570557,2069,37898,-4757,-1173,57457,8995,3358315,4753,314,6396,78491,52579,429,734,42,3216,1506,104858,1646,5843,-1147,-1024,285,204,1365103,2739,16438,3174,16735.0,132206
8.129384995,2200,39054,-4578,-1331,56151,9611,3382931,5644,42,6361,80054,54884,461,865,70,3187,1429,105170,1718,4576,-1226,-1029,410,339,1363982,2992,15923,3554,17422.0,136563
8.130197525,2032,38879,-5108,-1280,56405,9328,3390382,5228,594,6162,76934,52654,389,758,51,3467,1551,106681,1496,4763,-1278,-1276,476,246,1368433,3079,16578,3542,18999.0,132401
8.131011963,2018,39818,-4807,-1452,56237,10133,3404123,5247,-55,6417,75229,51947,478,837,166,3578,1119,104266,1139,4960,-993,-1251,293,325,1365480,2373,16396,4010,17716.0,132445
8.131825447,1927,38300,-5730,-1468,55030,8248,3399163,5522,112,5770,68110,51126,831,748,108,3410,1689,102696,1215,5209,-1942,-1364,720,361,1365113,3237,16557,3587,17005.0,122107
8.132639885,2003,38729,-5244,-1238,56975,9376,3438574,5448,-31,6183,72218,51100,389,756,62,3199,1699,105832,1447,4948,-1166,-769,575,251,1366723,2956,16364,3781,19160.0,127774
8.133453369,2395,38348,-5445,-1335,56325,8446,3401460,5129,953,6328,74277,51230,392,731,65,3490,1603,105334,1711,4862,-1398,-1168,323,247,1363970,2522,15478,2982,18554.0,128595
8.134266853,2248,37527,-4882,-961,56134,8438,3424900,5090,280,7091,70841,52399,451,687,98,3418,992,102981,1618,4863,-919,-1381,367,251,1369382,2411,16107,2695,16767.0,124144
8.135081291,2155,37764,-4965,-1205,58088,8158,3453734,5224,663,6406,74877,52094,406,732,188,3455,1588,104491,1310,4178,-857,-689,364,229,1367986,2343,16142,3604,18932.0,128178
8.135894775,2044,37999,-5436,-1592,58493,8340,3449818,5000,267,6322,73907,52049,379,753,70,3639,1526,105300,1506,5223,-964,-1407,441,240,1365474,2764,16319,2916,18618.0,127290
8.13670826,2253,38693,-5111,-1109,57159,7267,3479942,4910,487,6164,68575,49581,553,777,60,3259,1180,102104,1354,4775,-1747,-1076,580,253,1368175,2681,16859,3608,18453.0,121698
8.137522697,2284,38319,-5547,-1543,57647,8754,3484806,5299,174,6129,70171,54231,582,752,124,3260,1586,102720,1782,4609,-2396,-1148,379,405,1366126,2653,15891,3233,18243.0,124827
8.138336182,2291,38383,-5275,-1486,56594,8504,3492318,5292,92,7098,75863,52591,412,599,83,3427,1349,105024,1614,4663,-1831,-1491,269,354,1365009,2362,16174,3722,19875.0,130333
8.139149666,2234,37349,-4929,-1192,58470,8599,3489097,5394,-114,7204,73541,52183,450,752,190,3401,1738,103802,1213,4923,-1318,-1480,266,274,1368760,2865,16312,3121,19825.0,127117
8.139949799,2339,37947,-5520,-1219,57592,8068,3479032,5046,583,7870,75054,51549,440,756,107,3425,1414,103865,1220,5203,-1103,-1099,539,327,1363844,2914,16779,3669,20916.0,128454
8.140583992,2222,37932,-5100,-924,57937,7981,3471828,5322,473,7074,73882,51097,410,655,78,3346,2179,104582,1563,4610,-1680,-1179,401,177,1362458,2345,16706,3435,20214.0,127339
8.141218185,2304,37779,-5423,-1417,56180,7505,3455685,5219,4,7124,72509,52807,536,762,31,3501,1204,104206,1772,5067,-2236,-1163,555,292,1358647,2697,16065,3354,19353.0,125316
8.141852379,2181,39861,-5217,-1048,58691,7990,3488748,5480,-172,6903,75734,50921,417,775,89,3153,1555,104515,2187,4898,-1059,-1665,423,249,1364320,3043,15907,3460,19741.0,131246
8.142486572,2297,39442,-6038,-1514,58848,7775,3496884,4722,291,7808,73657,52074,441,632,114,3787,1607,103599,1410,5034,-1194,-991,486,235,1361580,2367,16467,3367,20405.0,127893
8.143121719,2038,38683,-5848,-1418,57127,6964,3488813,5552,9,7792,72548,52590,497,862,170,3575,1787,103437,1537,4456,-1393,-1468,431,308,1350296,2778,16643,3334,20565.0,125785
8.143754959,2258,39080,-5283,-1330,57428,7016,3477527,4968,109,6513,73074,53390,492,656,61,3193,1386,104386,1842,5118,-2495,-2129,258,238,1348813,2605,16972,3595,21588.0,126396
8.144389153,2324,39893,-5253,-1617,56009,7602,3489395,5561,831,7532,72968,52116,347,653,74,3693,1368,102821,1457,4657,-1720,-1483,462,380,1343625,3082,15670,3373,21945.0,128348
8.1450243,2470,39810,-5502,-1461,57603,8167,3491324,5081,-121,7565,71147,50970,408,660,88,3401,1686,102364,1949,5074,-1601,-1734,385,287,1331656,2163,16063,3238,20778.0,126675
8.145658493,2190,38133,-6030,-1980,58460,7298,3463155,5320,359,7875,71691,51722,429,731,42,3338,1567,101909,1502,4222,-1121,-746,462,265,1329559,2745,16118,3126,20468.0,124632
8.146291733,2076,38971,-5327,-1634,59286,8291,3421400,5869,626,7797,75636,52702,455,717,150,3293,1761,101830,1251,4811,-1074,-1136,343,308,1341110,2235,15984,3849,21131.0,130843
8.14692688,2295,39131,-5138,-1347,55108,8407,3384105,5830,-180,7191,74620,52361,453,709,158,3295,1471,100524,1288,5022,-942,-1249,446,241,1328858,2603,15653,3383,20805.0,130283
8.147561073,2505,39885,-5184,-1126,54158,7970,3403033,6250,-441,7136,73242,50286,471,870,142,3337,1771,99777,1071,4529,-1334,-1017,379,281,1339836,2843,16261,3705,21316.0,129852
8.148194313,1940,40240,-5303,-1454,56655,8116,3390271,5498,211,7092,74670,50461,441,852,122,3027,1616,101724,1295,4617,-1161,-971,413,280,1350775,2313,16261,4006,21084.0,130464
8.148828506,2426,39654,-5430,-1464,54787,7010,3455721,5672,-380,6990,67623,49886,683,1134,203,3026,1359,100506,1325,4943,-1348,-1084,406,234,1358569,2503,16488,2847,21006.0,122385
8.149463654,2194,40526,-5883,-1343,54771,8772,3458709,6068,-16,7641,73286,51883,1100,1357,106,3144,1263,102276,1409,4563,-1556,-490,515,290,1365441,2510,17001,4021,21320.0,130846
8.150097847,2248,42572,-5543,-1737,56140,9845,3411600,5586,-138,7411,82787,50892,527,1179,144,3413,1680,103494,1231,4548,-79,-1071,351,178,1378270,2697,16770,2978,22866.0,143038
8.150731087,2811,41793,-4738,-1490,56105,8818,3440373,5867,436,7156,77786,50825,483,852,154,3438,1706,103249,1706,4399,-1100,-1185,356,231,1378532,2108,16397,3249,22781.0,137075
8.151366234,2474,42710,-5350,-1137,56383,8846,3402718,6106,103,7282,78492,51534,431,769,147,3600,1641,101403,1645,3956,-924,-837,385,242,1383541,2962,16648,3494,22201.0,138628
8.152000427,2400,43845,-4696,-1233,56257,9502,3339895,6934,542,7294,85625,52738,437,712,104,3213,1495,103314,1555,5190,-1030,-1558,360,219,1401018,2433,16768,3404,23411.0,148306
8.152633667,2011,39466,-4638,-1422,53409,9195,3153006,6619,1453,7052,81985,49111,428,797,48,3126,1691,99852,875,5015,-997,-941,415,246,1370773,2573,17358,3704,27166.0,139276
8.153268814,1980,39062,-4242,-1590,50925,9166,3052267,6778,225,6297,86446,48672,400,779,49,3186,1438,99308,1553,5271,-741,-1337,470,170,1376425,3086,17142,3981,25691.0,143432
